channel,offset_khz,db_rel_median
36,-14.9965,0.559822
36,-14.9727,0.556763
36,-14.9488,0.559509
36,-14.925,0.559234
36,-14.9012,0.559671
36,-14.8773,0.559699
36,-14.8535,0.565391
36,-14.8296,0.566126
36,-14.8058,0.563435
36,-14.782,0.555361
36,-14.7581,0.557835
36,-14.7343,0.562524
36,-14.7104,0.559941
36,-14.6866,0.56159
36,-14.6627,0.560168
36,-14.6389,0.567516
36,-14.6151,0.558866
36,-14.5912,0.561352
36,-14.5674,0.561889
36,-14.5435,0.563725
36,-14.5197,0.558675
36,-14.4958,0.568769
36,-14.472,0.563943
36,-14.4482,0.563113
36,-14.4243,0.563664
36,-14.4005,0.559692
36,-14.3766,0.557081
36,-14.3528,0.558715
36,-14.329,0.565686
36,-14.3051,0.566689
36,-14.2813,0.567806
36,-14.2574,0.561182
36,-14.2336,0.570448
36,-14.2097,0.563336
36,-14.1859,0.563545
36,-14.1621,0.564779
36,-14.1382,0.564951
36,-14.1144,0.563039
36,-14.0905,0.563948
36,-14.0667,0.562416
36,-14.0429,0.569335
36,-14.019,0.569801
36,-13.9952,0.56495
36,-13.9713,0.563222
36,-13.9475,0.566372
36,-13.9236,0.568625
36,-13.8998,0.558943
36,-13.876,0.568789
36,-13.8521,0.564334
36,-13.8283,0.560416
36,-13.8044,0.566038
36,-13.7806,0.568918
36,-13.7568,0.565777
36,-13.7329,0.561736
36,-13.7091,0.564412
36,-13.6852,0.564215
36,-13.6614,0.575673
36,-13.6375,0.57169
36,-13.6137,0.561913
36,-13.5899,0.567639
36,-13.566,0.574741
36,-13.5422,0.566725
36,-13.5183,0.566098
36,-13.4945,0.566302
36,-13.4706,0.566783
36,-13.4468,0.57246
36,-13.423,0.570258
36,-13.3991,0.565376
36,-13.3753,0.569252
36,-13.3514,0.56978
36,-13.3276,0.564431
36,-13.3038,0.572592
36,-13.2799,0.567207
36,-13.2561,0.562587
36,-13.2322,0.572133
36,-13.2084,0.567556
36,-13.1845,0.573357
36,-13.1607,0.564046
36,-13.1369,0.571637
36,-13.113,0.563824
36,-13.0892,0.569794
36,-13.0653,0.565147
36,-13.0415,0.569405
36,-13.0177,0.57407
36,-12.9938,0.571691
36,-12.97,0.570663
36,-12.9461,0.574047
36,-12.9223,0.572485
36,-12.8984,0.580157
36,-12.8746,0.573445
36,-12.8508,0.573876
36,-12.8269,0.568938
36,-12.8031,0.570653
36,-12.7792,0.56735
36,-12.7554,0.571112
36,-12.7316,0.566847
36,-12.7077,0.572781
36,-12.6839,0.57398
36,-12.66,0.568591
36,-12.6362,0.572838
36,-12.6123,0.578259
36,-12.5885,0.574047
36,-12.5647,0.56679
36,-12.5408,0.572269
36,-12.517,0.574205
36,-12.4931,0.577827
36,-12.4693,0.577781
36,-12.4454,0.569166
36,-12.4216,0.574239
36,-12.3978,0.571581
36,-12.3739,0.572472
36,-12.3501,0.573332
36,-12.3262,0.571752
36,-12.3024,0.581408
36,-12.2786,0.581907
36,-12.2547,0.578559
36,-12.2309,0.570939
36,-12.207,0.57227
36,-12.1832,0.56781
36,-12.1593,0.573965
36,-12.1355,0.569187
36,-12.1117,0.575476
36,-12.0878,0.57983
36,-12.064,0.581013
36,-12.0401,0.571628
36,-12.0163,0.580143
36,-11.9925,0.579162
36,-11.9686,0.576939
36,-11.9448,0.577014
36,-11.9209,0.576439
36,-11.8971,0.57891
36,-11.8732,0.574177
36,-11.8494,0.577506
36,-11.8256,0.575842
36,-11.8017,0.576246
36,-11.7779,0.579061
36,-11.754,0.577987
36,-11.7302,0.575535
36,-11.7064,0.581432
36,-11.6825,0.576639
36,-11.6587,0.582426
36,-11.6348,0.575368
36,-11.611,0.580178
36,-11.5871,0.57894
36,-11.5633,0.580553
36,-11.5395,0.572221
36,-11.5156,0.580913
36,-11.4918,0.575529
36,-11.4679,0.58253
36,-11.4441,0.572658
36,-11.4202,0.586974
36,-11.3964,0.574733
36,-11.3726,0.57592
36,-11.3487,0.578906
36,-11.3249,0.583961
36,-11.301,0.575161
36,-11.2772,0.582575
36,-11.2534,0.581863
36,-11.2295,0.575845
36,-11.2057,0.580425
36,-11.1818,0.578999
36,-11.158,0.579898
36,-11.1341,0.574708
36,-11.1103,0.581989
36,-11.0865,0.581495
36,-11.0626,0.577512
36,-11.0388,0.581283
36,-11.0149,0.583476
36,-10.9911,0.580332
36,-10.9673,0.574355
36,-10.9434,0.58335
36,-10.9196,0.583642
36,-10.8957,0.57885
36,-10.8719,0.581468
36,-10.848,0.581224
36,-10.8242,0.583078
36,-10.8004,0.58421
36,-10.7765,0.587429
36,-10.7527,0.58197
36,-10.7288,0.581962
36,-10.705,0.585526
36,-10.6812,0.581985
36,-10.6573,0.586267
36,-10.6335,0.581369
36,-10.6096,0.582854
36,-10.5858,0.583545
36,-10.5619,0.583328
36,-10.5381,0.583448
36,-10.5143,0.584447
36,-10.4904,0.585763
36,-10.4666,0.582271
36,-10.4427,0.583141
36,-10.4189,0.581775
36,-10.3951,0.575526
36,-10.3712,0.585686
36,-10.3474,0.582419
36,-10.3235,0.587385
36,-10.2997,0.588619
36,-10.2758,0.586161
36,-10.252,0.577863
36,-10.2282,0.588919
36,-10.2043,0.587483
36,-10.1805,0.582807
36,-10.1566,0.588969
36,-10.1328,0.579445
36,-10.1089,0.582409
36,-10.0851,0.583916
36,-10.0613,0.587028
36,-10.0374,0.584671
36,-10.0136,0.586456
36,-9.98974,0.584431
36,-9.9659,0.58427
36,-9.94205,0.582377
36,-9.91821,0.590141
36,-9.89437,0.587141
36,-9.87053,0.587051
36,-9.84669,0.578733
36,-9.82285,0.585525
36,-9.799,0.591749
36,-9.77516,0.590032
36,-9.75132,0.587765
36,-9.72748,0.590658
36,-9.70364,0.584914
36,-9.67979,0.594724
36,-9.65595,0.587204
36,-9.63211,0.58963
36,-9.60827,0.583902
36,-9.58443,0.585172
36,-9.56059,0.596881
36,-9.53674,0.587768
36,-9.5129,0.586902
36,-9.48906,0.584802
36,-9.46522,0.588486
36,-9.44138,0.58606
36,-9.41753,0.589151
36,-9.39369,0.585995
36,-9.36985,0.589812
36,-9.34601,0.5968
36,-9.32217,0.587116
36,-9.29832,0.584545
36,-9.27448,0.590962
36,-9.25064,0.590184
36,-9.2268,0.588407
36,-9.20296,0.583501
36,-9.17912,0.594943
36,-9.15527,0.58812
36,-9.13143,0.585654
36,-9.10759,0.590173
36,-9.08375,0.591243
36,-9.05991,0.589763
36,-9.03606,0.5904
36,-9.01222,0.588919
36,-8.98838,0.584026
36,-8.96454,0.593077
36,-8.9407,0.593397
36,-8.91685,0.588352
36,-8.89301,0.585813
36,-8.86917,0.589347
36,-8.84533,0.583777
36,-8.82149,0.591438
36,-8.79765,0.586881
36,-8.7738,0.590277
36,-8.74996,0.591656
36,-8.72612,0.591818
36,-8.70228,0.597619
36,-8.67844,0.584357
36,-8.65459,0.589714
36,-8.63075,0.588802
36,-8.60691,0.600209
36,-8.58307,0.597956
36,-8.55923,0.595124
36,-8.53539,0.589283
36,-8.51154,0.595972
36,-8.4877,0.597647
36,-8.46386,0.59763
36,-8.44002,0.592169
36,-8.41618,0.59278
36,-8.39233,0.597221
36,-8.36849,0.600926
36,-8.34465,0.589178
36,-8.32081,0.588704
36,-8.29697,0.593218
36,-8.27312,0.596223
36,-8.24928,0.592371
36,-8.22544,0.59201
36,-8.2016,0.590905
36,-8.17776,0.588495
36,-8.15392,0.597434
36,-8.13007,0.591509
36,-8.10623,0.595087
36,-8.08239,0.597306
36,-8.05855,0.597876
36,-8.03471,0.599884
36,-8.01086,0.59299
36,-7.98702,0.592349
36,-7.96318,0.596822
36,-7.93934,0.598052
36,-7.9155,0.597087
36,-7.89165,0.600471
36,-7.86781,0.594942
36,-7.84397,0.595627
36,-7.82013,0.595584
36,-7.79629,0.604369
36,-7.77245,0.599185
36,-7.7486,0.597201
36,-7.72476,0.59931
36,-7.70092,0.592807
36,-7.67708,0.599701
36,-7.65324,0.601074
36,-7.62939,0.596793
36,-7.60555,0.600243
36,-7.58171,0.603823
36,-7.55787,0.598987
36,-7.53403,0.600894
36,-7.51019,0.597824
36,-7.48634,0.598529
36,-7.4625,0.600516
36,-7.43866,0.602002
36,-7.41482,0.599308
36,-7.39098,0.597884
36,-7.36713,0.60092
36,-7.34329,0.603247
36,-7.31945,0.599505
36,-7.29561,0.601777
36,-7.27177,0.598972
36,-7.24792,0.597972
36,-7.22408,0.60234
36,-7.20024,0.600164
36,-7.1764,0.598746
36,-7.15256,0.598029
36,-7.12872,0.602161
36,-7.10487,0.599831
36,-7.08103,0.596762
36,-7.05719,0.59822
36,-7.03335,0.598614
36,-7.00951,0.600416
36,-6.98566,0.599419
36,-6.96182,0.600959
36,-6.93798,0.606041
36,-6.91414,0.601557
36,-6.8903,0.600558
36,-6.86646,0.609105
36,-6.84261,0.606961
36,-6.81877,0.609383
36,-6.79493,0.598767
36,-6.77109,0.605761
36,-6.74725,0.600693
36,-6.7234,0.606414
36,-6.69956,0.603832
36,-6.67572,0.601045
36,-6.65188,0.603071
36,-6.62804,0.612604
36,-6.60419,0.600932
36,-6.58035,0.599278
36,-6.55651,0.600859
36,-6.53267,0.60081
36,-6.50883,0.608117
36,-6.48499,0.60114
36,-6.46114,0.60511
36,-6.4373,0.606585
36,-6.41346,0.603753
36,-6.38962,0.607177
36,-6.36578,0.601324
36,-6.34193,0.609037
36,-6.31809,0.602312
36,-6.29425,0.609469
36,-6.27041,0.605438
36,-6.24657,0.607914
36,-6.22272,0.606318
36,-6.19888,0.603825
36,-6.17504,0.603884
36,-6.1512,0.605947
36,-6.12736,0.607669
36,-6.10352,0.605034
36,-6.07967,0.603467
36,-6.05583,0.606109
36,-6.03199,0.607399
36,-6.00815,0.607214
36,-5.98431,0.60878
36,-5.96046,0.61558
36,-5.93662,0.6112
36,-5.91278,0.611366
36,-5.88894,0.605536
36,-5.8651,0.611801
36,-5.84126,0.614296
36,-5.81741,0.626501
36,-5.79357,0.609797
36,-5.76973,0.606607
36,-5.74589,0.60725
36,-5.72205,0.612593
36,-5.6982,0.609286
36,-5.67436,0.605372
36,-5.65052,0.615311
36,-5.62668,0.613407
36,-5.60284,0.614094
36,-5.57899,0.612448
36,-5.55515,0.609397
36,-5.53131,0.612823
36,-5.50747,0.610539
36,-5.48363,0.612606
36,-5.45979,0.611015
36,-5.43594,0.614006
36,-5.4121,0.612417
36,-5.38826,0.605577
36,-5.36442,0.611043
36,-5.34058,0.612786
36,-5.31673,0.61554
36,-5.29289,0.615015
36,-5.26905,0.616093
36,-5.24521,0.610765
36,-5.22137,0.614264
36,-5.19753,0.616766
36,-5.17368,0.607831
36,-5.14984,0.612661
36,-5.126,0.618703
36,-5.10216,0.614597
36,-5.07832,0.61639
36,-5.05447,0.617128
36,-5.03063,0.61512
36,-5.00679,0.621283
36,-4.98295,0.6186
36,-4.95911,0.617676
36,-4.93526,0.61891
36,-4.91142,0.620955
36,-4.88758,0.621071
36,-4.86374,0.626148
36,-4.8399,0.62797
36,-4.81606,0.628692
36,-4.79221,0.621847
36,-4.76837,0.625886
36,-4.74453,0.621992
36,-4.72069,0.634214
36,-4.69685,0.641724
36,-4.673,0.619973
36,-4.64916,0.626694
36,-4.62532,0.636165
36,-4.60148,0.64023
36,-4.57764,0.634033
36,-4.55379,0.638953
36,-4.52995,0.642701
36,-4.50611,0.638001
36,-4.48227,0.635171
36,-4.45843,0.636233
36,-4.43459,0.645574
36,-4.41074,0.635354
36,-4.3869,0.639757
36,-4.36306,0.643475
36,-4.33922,0.643481
36,-4.31538,0.659293
36,-4.29153,0.659853
36,-4.26769,0.646866
36,-4.24385,0.652392
36,-4.22001,0.67509
36,-4.19617,0.673162
36,-4.17233,0.649491
36,-4.14848,0.660922
36,-4.12464,0.672665
36,-4.1008,0.678436
36,-4.07696,0.654339
36,-4.05312,0.658777
36,-4.02927,0.677514
36,-4.00543,0.676073
36,-3.98159,0.664501
36,-3.95775,0.663124
36,-3.93391,0.691734
36,-3.91006,0.690849
36,-3.88622,0.678408
36,-3.86238,0.669739
36,-3.83854,0.681811
36,-3.8147,0.707694
36,-3.79086,0.686231
36,-3.76701,0.672572
36,-3.74317,0.701104
36,-3.71933,0.731751
36,-3.69549,0.741953
36,-3.67165,0.678735
36,-3.6478,0.690454
36,-3.62396,0.721097
36,-3.60012,0.723024
36,-3.57628,0.675356
36,-3.55244,0.682002
36,-3.52859,0.712857
36,-3.50475,0.708019
36,-3.48091,0.668686
36,-3.45707,0.669087
36,-3.43323,0.691097
36,-3.40939,0.698421
36,-3.38554,0.667073
36,-3.3617,0.671232
36,-3.33786,0.684592
36,-3.31402,0.712424
36,-3.29018,0.709772
36,-3.26633,0.675442
36,-3.24249,0.682776
36,-3.21865,0.711289
36,-3.19481,0.703969
36,-3.17097,0.660471
36,-3.14713,0.684023
36,-3.12328,0.710635
36,-3.09944,0.706919
36,-3.0756,0.651041
36,-3.05176,0.665344
36,-3.02792,0.68132
36,-3.00407,0.67049
36,-2.98023,0.65927
36,-2.95639,0.664043
36,-2.93255,0.671296
36,-2.90871,0.674644
36,-2.88486,0.658949
36,-2.86102,0.659719
36,-2.83718,0.66367
36,-2.81334,0.679744
36,-2.7895,0.659186
36,-2.76566,0.654705
36,-2.74181,0.668494
36,-2.71797,0.684232
36,-2.69413,0.688768
36,-2.67029,0.652091
36,-2.64645,0.66336
36,-2.6226,0.674595
36,-2.59876,0.67117
36,-2.57492,0.652728
36,-2.55108,0.658242
36,-2.52724,0.668294
36,-2.5034,0.662234
36,-2.47955,0.661309
36,-2.45571,0.66396
36,-2.43187,0.663781
36,-2.40803,0.664445
36,-2.38419,0.655853
36,-2.36034,0.661561
36,-2.3365,0.657787
36,-2.31266,0.687302
36,-2.28882,0.676225
36,-2.26498,0.661517
36,-2.24113,0.672375
36,-2.21729,0.686607
36,-2.19345,0.671926
36,-2.16961,0.662244
36,-2.14577,0.681908
36,-2.12193,0.684779
36,-2.09808,0.676112
36,-2.07424,0.665739
36,-2.0504,0.670893
36,-2.02656,0.677309
36,-2.00272,0.663842
36,-1.97887,0.677431
36,-1.95503,0.674252
36,-1.93119,0.685576
36,-1.90735,0.683895
36,-1.88351,0.675286
36,-1.85966,0.669691
36,-1.83582,0.677286
36,-1.81198,0.702245
36,-1.78814,0.679169
36,-1.7643,0.674162
36,-1.74046,0.69922
36,-1.71661,0.715353
36,-1.69277,0.711549
36,-1.66893,0.692734
36,-1.64509,0.698793
36,-1.62125,0.718138
36,-1.5974,0.711775
36,-1.57356,0.738536
36,-1.54972,0.732982
36,-1.52588,0.758831
36,-1.50204,0.762905
36,-1.4782,0.772937
36,-1.45435,0.782468
36,-1.43051,0.845752
36,-1.40667,0.994873
36,-1.38283,0.856794
36,-1.35899,0.905164
36,-1.33514,0.91527
36,-1.3113,0.999977
36,-1.28746,0.923698
36,-1.26362,0.945777
36,-1.23978,1.16925
36,-1.21593,1.1536
36,-1.19209,1.21743
36,-1.16825,0.995201
36,-1.14441,1.22302
36,-1.12057,2.65704
36,-1.09673,1.84372
36,-1.07288,1.60858
36,-1.04904,1.48567
36,-1.0252,3.91624
36,-1.00136,2.80436
36,-0.977516,2.37152
36,-0.953674,1.64342
36,-0.929832,2.75591
36,-0.905991,3.1184
36,-0.882149,2.54765
36,-0.858307,3.48332
36,-0.834465,4.46039
36,-0.810623,3.38575
36,-0.786781,6.82262
36,-0.762939,6.19623
36,-0.739098,7.37268
36,-0.715256,4.47509
36,-0.691414,4.17854
36,-0.667572,3.38064
36,-0.64373,3.75837
36,-0.619888,4.32225
36,-0.596046,7.46243
36,-0.572205,4.022
36,-0.548363,6.61391
36,-0.524521,8.14026
36,-0.500679,6.62183
36,-0.476837,6.3794
36,-0.452995,7.10438
36,-0.429153,8.20981
36,-0.405312,8.05391
36,-0.38147,5.86015
36,-0.357628,4.32035
36,-0.333786,3.75693
36,-0.309944,5.48667
36,-0.286102,4.46743
36,-0.26226,5.13771
36,-0.238419,6.39683
36,-0.214577,8.48091
36,-0.190735,8.34893
36,-0.166893,9.31918
36,-0.143051,8.02177
36,-0.119209,10.7915
36,-0.0953674,8.38076
36,-0.0715256,8.53013
36,-0.0476837,11.0305
36,-0.0238419,12.8154
36,0,16.3603
36,0.0238419,8.4623
36,0.0476837,8.73699
36,0.0715256,13.2656
36,0.0953674,8.72573
36,0.119209,7.87492
36,0.143051,8.55823
36,0.166893,11.7216
36,0.190735,11.2042
36,0.214577,6.62037
36,0.238419,3.94238
36,0.26226,4.85341
36,0.286102,5.70183
36,0.309944,3.80964
36,0.333786,4.57259
36,0.357628,4.35296
36,0.38147,2.90627
36,0.405312,2.54688
36,0.429153,2.46333
36,0.452995,2.11841
36,0.476837,1.71811
36,0.500679,1.40775
36,0.524521,1.48269
36,0.548363,1.38957
36,0.572205,1.33171
36,0.596046,1.17393
36,0.619888,1.25776
36,0.64373,1.00881
36,0.667572,1.03292
36,0.691414,1.07313
36,0.715256,0.969478
36,0.739098,0.947396
36,0.762939,0.950348
36,0.786781,0.954743
36,0.810623,0.930717
36,0.834465,0.85117
36,0.858307,0.88336
36,0.882149,0.876116
36,0.905991,0.810979
36,0.929832,0.746195
36,0.953674,0.771909
36,0.977516,0.771909
36,1.00136,0.728417
36,1.0252,0.71096
36,1.04904,0.71728
36,1.07288,0.730917
36,1.09673,0.733655
36,1.12057,0.699087
36,1.14441,0.691687
36,1.16825,0.711678
36,1.19209,0.732679
36,1.21593,0.695043
36,1.23978,0.694486
36,1.26362,0.715638
36,1.28746,0.728726
36,1.3113,0.708708
36,1.33514,0.682814
36,1.35899,0.696884
36,1.38283,0.704047
36,1.40667,0.686536
36,1.43051,0.674002
36,1.45435,0.686094
36,1.4782,0.696199
36,1.50204,0.672465
36,1.52588,0.674708
36,1.54972,0.669412
36,1.57356,0.677812
36,1.5974,0.678342
36,1.62125,0.671051
36,1.64509,0.67886
36,1.66893,0.677247
36,1.69277,0.70958
36,1.71661,0.672545
36,1.74046,0.67471
36,1.7643,0.685037
36,1.78814,0.68664
36,1.81198,0.675493
36,1.83582,0.664016
36,1.85966,0.685414
36,1.88351,0.692247
36,1.90735,0.685978
36,1.93119,0.663752
36,1.95503,0.677602
36,1.97887,0.685197
36,2.00272,0.669257
36,2.02656,0.663864
36,2.0504,0.670934
36,2.07424,0.680725
36,2.09808,0.681051
36,2.12193,0.667152
36,2.14577,0.665021
36,2.16961,0.67794
36,2.19345,0.692081
36,2.21729,0.668577
36,2.24113,0.674996
36,2.26498,0.685594
36,2.28882,0.706128
36,2.31266,0.691571
36,2.3365,0.678743
36,2.36034,0.68556
36,2.38419,0.681193
36,2.40803,0.683824
36,2.43187,0.668716
36,2.45571,0.680873
36,2.47955,0.675098
36,2.5034,0.668374
36,2.52724,0.67237
36,2.55108,0.674304
36,2.57492,0.680493
36,2.59876,0.674294
36,2.6226,0.673881
36,2.64645,0.671645
36,2.67029,0.691429
36,2.69413,0.718142
36,2.71797,0.681408
36,2.74181,0.681702
36,2.76566,0.699516
36,2.7895,0.713694
36,2.81334,0.690185
36,2.83718,0.686499
36,2.86102,0.706229
36,2.88486,0.712091
36,2.90871,0.700804
36,2.93255,0.684255
36,2.95639,0.695069
36,2.98023,0.692221
36,3.00407,0.688008
36,3.02792,0.683607
36,3.05176,0.692291
36,3.0756,0.708436
36,3.09944,0.707607
36,3.12328,0.693412
36,3.14713,0.69189
36,3.17097,0.71128
36,3.19481,0.729453
36,3.21865,0.691615
36,3.24249,0.713373
36,3.26633,0.731122
36,3.29018,0.767187
36,3.31402,0.714464
36,3.33786,0.70039
36,3.3617,0.727499
36,3.38554,0.743179
36,3.40939,0.710535
36,3.43323,0.683829
36,3.45707,0.718103
36,3.48091,0.731261
36,3.50475,0.713046
36,3.52859,0.694825
36,3.55244,0.701295
36,3.57628,0.718176
36,3.60012,0.698959
36,3.62396,0.689913
36,3.6478,0.702468
36,3.67165,0.716005
36,3.69549,0.75584
36,3.71933,0.696772
36,3.74317,0.698772
36,3.76701,0.723381
36,3.79086,0.729661
36,3.8147,0.696509
36,3.83854,0.683986
36,3.86238,0.713478
36,3.88622,0.724792
36,3.91006,0.699913
36,3.93391,0.67728
36,3.95775,0.693167
36,3.98159,0.696202
36,4.00543,0.684331
36,4.02927,0.668848
36,4.05312,0.676568
36,4.07696,0.686684
36,4.1008,0.672763
36,4.12464,0.667462
36,4.14848,0.666528
36,4.17233,0.665217
36,4.19617,0.672173
36,4.22001,0.659547
36,4.24385,0.660125
36,4.26769,0.677313
36,4.29153,0.674708
36,4.31538,0.671954
36,4.33922,0.674664
36,4.36306,0.678556
36,4.3869,0.679664
36,4.41074,0.664163
36,4.43459,0.656082
36,4.45843,0.655341
36,4.48227,0.662891
36,4.50611,0.652087
36,4.52995,0.652583
36,4.55379,0.651106
36,4.57764,0.65032
36,4.60148,0.646966
36,4.62532,0.650001
36,4.64916,0.646095
36,4.673,0.64544
36,4.69685,0.654432
36,4.72069,0.639595
36,4.74453,0.647527
36,4.76837,0.646279
36,4.79221,0.654936
36,4.81606,0.646392
36,4.8399,0.644207
36,4.86374,0.647884
36,4.88758,0.653667
36,4.91142,0.649383
36,4.93526,0.644381
36,4.95911,0.654652
36,4.98295,0.650997
36,5.00679,0.643265
36,5.03063,0.640616
36,5.05447,0.644335
36,5.07832,0.645954
36,5.10216,0.640727
36,5.126,0.642196
36,5.14984,0.635284
36,5.17368,0.647937
36,5.19753,0.642122
36,5.22137,0.646031
36,5.24521,0.643413
36,5.26905,0.644804
36,5.29289,0.643734
36,5.31673,0.635489
36,5.34058,0.645665
36,5.36442,0.641238
36,5.38826,0.638725
36,5.4121,0.637193
36,5.43594,0.636306
36,5.45979,0.642412
36,5.48363,0.648737
36,5.50747,0.644645
36,5.53131,0.643043
36,5.55515,0.64197
36,5.57899,0.642525
36,5.60284,0.6438
36,5.62668,0.645516
36,5.65052,0.638834
36,5.67436,0.637535
36,5.6982,0.645647
36,5.72205,0.637838
36,5.74589,0.638198
36,5.76973,0.640764
36,5.79357,0.64518
36,5.81741,0.645818
36,5.84126,0.64251
36,5.8651,0.642458
36,5.88894,0.646342
36,5.91278,0.644628
36,5.93662,0.643164
36,5.96046,0.646547
36,5.98431,0.64274
36,6.00815,0.641083
36,6.03199,0.650027
36,6.05583,0.639801
36,6.07967,0.648164
36,6.10352,0.643157
36,6.12736,0.641405
36,6.1512,0.647694
36,6.17504,0.64506
36,6.19888,0.643111
36,6.22272,0.646833
36,6.24657,0.652913
36,6.27041,0.642719
36,6.29425,0.647692
36,6.31809,0.634515
36,6.34193,0.649186
36,6.36578,0.644499
36,6.38962,0.64634
36,6.41346,0.647476
36,6.4373,0.645135
36,6.46114,0.646758
36,6.48499,0.649423
36,6.50883,0.64535
36,6.53267,0.640043
36,6.55651,0.648142
36,6.58035,0.643141
36,6.60419,0.644767
36,6.62804,0.646634
36,6.65188,0.64575
36,6.67572,0.646196
36,6.69956,0.640329
36,6.7234,0.645635
36,6.74725,0.651359
36,6.77109,0.644231
36,6.79493,0.650864
36,6.81877,0.648308
36,6.84261,0.65226
36,6.86646,0.653902
36,6.8903,0.643093
36,6.91414,0.644276
36,6.93798,0.643776
36,6.96182,0.648555
36,6.98566,0.651406
36,7.00951,0.645367
36,7.03335,0.641209
36,7.05719,0.6429
36,7.08103,0.649093
36,7.10487,0.638782
36,7.12872,0.643124
36,7.15256,0.651632
36,7.1764,0.640256
36,7.20024,0.645287
36,7.22408,0.640044
36,7.24792,0.646563
36,7.27177,0.646136
36,7.29561,0.642988
36,7.31945,0.641065
36,7.34329,0.642443
36,7.36713,0.647691
36,7.39098,0.646001
36,7.41482,0.649944
36,7.43866,0.642059
36,7.4625,0.648682
36,7.48634,0.645264
36,7.51019,0.649866
36,7.53403,0.648951
36,7.55787,0.642285
36,7.58171,0.644579
36,7.60555,0.648912
36,7.62939,0.646354
36,7.65324,0.642468
36,7.67708,0.645366
36,7.70092,0.651323
36,7.72476,0.645903
36,7.7486,0.64388
36,7.77245,0.648787
36,7.79629,0.644145
36,7.82013,0.643237
36,7.84397,0.647393
36,7.86781,0.649694
36,7.89165,0.649392
36,7.9155,0.648748
36,7.93934,0.647389
36,7.96318,0.651869
36,7.98702,0.646818
36,8.01086,0.64494
36,8.03471,0.648792
36,8.05855,0.644848
36,8.08239,0.643706
36,8.10623,0.643466
36,8.13007,0.644697
36,8.15392,0.648321
36,8.17776,0.647618
36,8.2016,0.646767
36,8.22544,0.655833
36,8.24928,0.648006
36,8.27312,0.652961
36,8.29697,0.650394
36,8.32081,0.648213
36,8.34465,0.648745
36,8.36849,0.647084
36,8.39233,0.653745
36,8.41618,0.649986
36,8.44002,0.653254
36,8.46386,0.64104
36,8.4877,0.646814
36,8.51154,0.640926
36,8.53539,0.646743
36,8.55923,0.648415
36,8.58307,0.649987
36,8.60691,0.646752
36,8.63075,0.652108
36,8.65459,0.647552
36,8.67844,0.649075
36,8.70228,0.644924
36,8.72612,0.649409
36,8.74996,0.654959
36,8.7738,0.639713
36,8.79765,0.651756
36,8.82149,0.648278
36,8.84533,0.647658
36,8.86917,0.646866
36,8.89301,0.650022
36,8.91685,0.647173
36,8.9407,0.646129
36,8.96454,0.647348
36,8.98838,0.652184
36,9.01222,0.649646
36,9.03606,0.646243
36,9.05991,0.641161
36,9.08375,0.651032
36,9.10759,0.647874
36,9.13143,0.650216
36,9.15527,0.644115
36,9.17912,0.653848
36,9.20296,0.649357
36,9.2268,0.65119
36,9.25064,0.650783
36,9.27448,0.654228
36,9.29832,0.645563
36,9.32217,0.642228
36,9.34601,0.646785
36,9.36985,0.644407
36,9.39369,0.650054
36,9.41753,0.64916
36,9.44138,0.649658
36,9.46522,0.650477
36,9.48906,0.650301
36,9.5129,0.645421
36,9.53674,0.652601
36,9.56059,0.649552
36,9.58443,0.649584
36,9.60827,0.652993
36,9.63211,0.651483
36,9.65595,0.653179
36,9.67979,0.655957
36,9.70364,0.650967
36,9.72748,0.645312
36,9.75132,0.656178
36,9.77516,0.658146
36,9.799,0.656414
36,9.82285,0.654543
36,9.84669,0.652973
36,9.87053,0.649173
36,9.89437,0.652142
36,9.91821,0.65663
36,9.94205,0.648569
36,9.9659,0.655664
36,9.98974,0.651377
36,10.0136,0.645907
36,10.0374,0.647585
36,10.0613,0.653618
36,10.0851,0.653619
36,10.1089,0.650311
36,10.1328,0.648145
36,10.1566,0.652584
36,10.1805,0.65077
36,10.2043,0.648042
36,10.2282,0.65126
36,10.252,0.650196
36,10.2758,0.650548
36,10.2997,0.64849
36,10.3235,0.65743
36,10.3474,0.651115
36,10.3712,0.655587
36,10.3951,0.658617
36,10.4189,0.653712
36,10.4427,0.650988
36,10.4666,0.651449
36,10.4904,0.650531
36,10.5143,0.653849
36,10.5381,0.650364
36,10.5619,0.654016
36,10.5858,0.650429
36,10.6096,0.652499
36,10.6335,0.655069
36,10.6573,0.653521
36,10.6812,0.649055
36,10.705,0.64784
36,10.7288,0.654856
36,10.7527,0.653594
36,10.7765,0.652316
36,10.8004,0.653074
36,10.8242,0.654802
36,10.848,0.656891
36,10.8719,0.651533
36,10.8957,0.656007
36,10.9196,0.651501
36,10.9434,0.653376
36,10.9673,0.64723
36,10.9911,0.658067
36,11.0149,0.659073
36,11.0388,0.650716
36,11.0626,0.651315
36,11.0865,0.65091
36,11.1103,0.651922
36,11.1341,0.656469
36,11.158,0.654008
36,11.1818,0.649394
36,11.2057,0.659007
36,11.2295,0.649314
36,11.2534,0.651862
36,11.2772,0.654642
36,11.301,0.652451
36,11.3249,0.6558
36,11.3487,0.65152
36,11.3726,0.656221
36,11.3964,0.659863
36,11.4202,0.650127
36,11.4441,0.660374
36,11.4679,0.656897
36,11.4918,0.649882
36,11.5156,0.65567
36,11.5395,0.653181
36,11.5633,0.651076
36,11.5871,0.650083
36,11.611,0.660535
36,11.6348,0.666534
36,11.6587,0.657467
36,11.6825,0.656889
36,11.7064,0.654692
36,11.7302,0.651076
36,11.754,0.652456
36,11.7779,0.655938
36,11.8017,0.652633
36,11.8256,0.654283
36,11.8494,0.657585
36,11.8732,0.647343
36,11.8971,0.650667
36,11.9209,0.656989
36,11.9448,0.656087
36,11.9686,0.651784
36,11.9925,0.655454
36,12.0163,0.651771
36,12.0401,0.6558
36,12.064,0.658255
36,12.0878,0.65452
36,12.1117,0.651383
36,12.1355,0.658726
36,12.1593,0.654621
36,12.1832,0.656945
36,12.207,0.651553
36,12.2309,0.653797
36,12.2547,0.655664
36,12.2786,0.65746
36,12.3024,0.662297
36,12.3262,0.660539
36,12.3501,0.658457
36,12.3739,0.653207
36,12.3978,0.651194
36,12.4216,0.652208
36,12.4454,0.652054
36,12.4693,0.656268
36,12.4931,0.660827
36,12.517,0.657
36,12.5408,0.65504
36,12.5647,0.647932
36,12.5885,0.654612
36,12.6123,0.653408
36,12.6362,0.657124
36,12.66,0.659948
36,12.6839,0.649782
36,12.7077,0.658584
36,12.7316,0.663497
36,12.7554,0.651647
36,12.7792,0.650688
36,12.8031,0.651731
36,12.8269,0.656625
36,12.8508,0.659248
36,12.8746,0.659196
36,12.8984,0.65067
36,12.9223,0.657548
36,12.9461,0.656214
36,12.97,0.656328
36,12.9938,0.656125
36,13.0177,0.661596
36,13.0415,0.655688
36,13.0653,0.661874
36,13.0892,0.655717
36,13.113,0.655818
36,13.1369,0.656234
36,13.1607,0.650652
36,13.1845,0.657083
36,13.2084,0.650663
36,13.2322,0.66072
36,13.2561,0.654277
36,13.2799,0.657592
36,13.3038,0.656855
36,13.3276,0.654043
36,13.3514,0.65303
36,13.3753,0.664822
36,13.3991,0.658218
36,13.423,0.652732
36,13.4468,0.659372
36,13.4706,0.657061
36,13.4945,0.661382
36,13.5183,0.658336
36,13.5422,0.656954
36,13.566,0.653776
36,13.5899,0.649171
36,13.6137,0.652561
36,13.6375,0.657287
36,13.6614,0.657006
36,13.6852,0.659709
36,13.7091,0.657437
36,13.7329,0.652315
36,13.7568,0.65736
36,13.7806,0.659348
36,13.8044,0.658661
36,13.8283,0.654773
36,13.8521,0.660777
36,13.876,0.658024
36,13.8998,0.649371
36,13.9236,0.660107
36,13.9475,0.654953
36,13.9713,0.656194
36,13.9952,0.656268
36,14.019,0.659509
36,14.0429,0.658238
36,14.0667,0.653668
36,14.0905,0.65351
36,14.1144,0.655962
36,14.1382,0.661434
36,14.1621,0.658427
36,14.1859,0.6565
36,14.2097,0.660754
36,14.2336,0.654197
36,14.2574,0.663384
36,14.2813,0.655809
36,14.3051,0.66718
36,14.329,0.660284
36,14.3528,0.650999
36,14.3766,0.661649
36,14.4005,0.655943
36,14.4243,0.663478
36,14.4482,0.660647
36,14.472,0.658187
36,14.4958,0.659822
36,14.5197,0.655773
36,14.5435,0.65877
36,14.5674,0.659312
36,14.5912,0.65793
36,14.6151,0.656569
36,14.6389,0.66194
36,14.6627,0.662025
36,14.6866,0.662592
36,14.7104,0.658862
36,14.7343,0.663583
36,14.7581,0.654406
36,14.782,0.661654
36,14.8058,0.659204
36,14.8296,0.663442
36,14.8535,0.658121
36,14.8773,0.665608
36,14.9012,0.654247
36,14.925,0.659829
36,14.9488,0.653959
36,14.9727,0.655657
36,14.9965,0.660469
35,-14.9965,-2.32068
35,-14.9727,-2.3093
35,-14.9488,-2.31669
35,-14.925,-2.31543
35,-14.9012,-2.30976
35,-14.8773,-2.3117
35,-14.8535,-2.31892
35,-14.8296,-2.31447
35,-14.8058,-2.31363
35,-14.782,-2.31445
35,-14.7581,-2.31574
35,-14.7343,-2.31372
35,-14.7104,-2.31333
35,-14.6866,-2.31618
35,-14.6627,-2.31604
35,-14.6389,-2.32205
35,-14.6151,-2.32265
35,-14.5912,-2.3178
35,-14.5674,-2.31712
35,-14.5435,-2.31537
35,-14.5197,-2.31989
35,-14.4958,-2.31363
35,-14.472,-2.31879
35,-14.4482,-2.31671
35,-14.4243,-2.31555
35,-14.4005,-2.3189
35,-14.3766,-2.31107
35,-14.3528,-2.31186
35,-14.329,-2.30705
35,-14.3051,-2.316
35,-14.2813,-2.31202
35,-14.2574,-2.30333
35,-14.2336,-2.31037
35,-14.2097,-2.30886
35,-14.1859,-2.31054
35,-14.1621,-2.31109
35,-14.1382,-2.30665
35,-14.1144,-2.31169
35,-14.0905,-2.30482
35,-14.0667,-2.30648
35,-14.0429,-2.3121
35,-14.019,-2.31257
35,-13.9952,-2.31114
35,-13.9713,-2.31628
35,-13.9475,-2.31598
35,-13.9236,-2.30864
35,-13.8998,-2.31469
35,-13.876,-2.31417
35,-13.8521,-2.31908
35,-13.8283,-2.30978
35,-13.8044,-2.31002
35,-13.7806,-2.31262
35,-13.7568,-2.30106
35,-13.7329,-2.31034
35,-13.7091,-2.31023
35,-13.6852,-2.31149
35,-13.6614,-2.31397
35,-13.6375,-2.31379
35,-13.6137,-2.31611
35,-13.5899,-2.31017
35,-13.566,-2.30842
35,-13.5422,-2.31185
35,-13.5183,-2.3103
35,-13.4945,-2.31316
35,-13.4706,-2.31208
35,-13.4468,-2.31017
35,-13.423,-2.30884
35,-13.3991,-2.31337
35,-13.3753,-2.31313
35,-13.3514,-2.31115
35,-13.3276,-2.30915
35,-13.3038,-2.30312
35,-13.2799,-2.30903
35,-13.2561,-2.30668
35,-13.2322,-2.3092
35,-13.2084,-2.30527
35,-13.1845,-2.31477
35,-13.1607,-2.31328
35,-13.1369,-2.31029
35,-13.113,-2.31142
35,-13.0892,-2.30997
35,-13.0653,-2.3104
35,-13.0415,-2.30639
35,-13.0177,-2.31001
35,-12.9938,-2.30484
35,-12.97,-2.31098
35,-12.9461,-2.31073
35,-12.9223,-2.31158
35,-12.8984,-2.31452
35,-12.8746,-2.3008
35,-12.8508,-2.30578
35,-12.8269,-2.3061
35,-12.8031,-2.30571
35,-12.7792,-2.3048
35,-12.7554,-2.3093
35,-12.7316,-2.30527
35,-12.7077,-2.30072
35,-12.6839,-2.30488
35,-12.66,-2.30358
35,-12.6362,-2.30885
35,-12.6123,-2.30843
35,-12.5885,-2.3043
35,-12.5647,-2.30683
35,-12.5408,-2.30805
35,-12.517,-2.30289
35,-12.4931,-2.30483
35,-12.4693,-2.30438
35,-12.4454,-2.30835
35,-12.4216,-2.30879
35,-12.3978,-2.31338
35,-12.3739,-2.30577
35,-12.3501,-2.30544
35,-12.3262,-2.31249
35,-12.3024,-2.30606
35,-12.2786,-2.30271
35,-12.2547,-2.30438
35,-12.2309,-2.30304
35,-12.207,-2.30796
35,-12.1832,-2.30372
35,-12.1593,-2.30463
35,-12.1355,-2.3032
35,-12.1117,-2.30251
35,-12.0878,-2.30903
35,-12.064,-2.30381
35,-12.0401,-2.30116
35,-12.0163,-2.30709
35,-11.9925,-2.30663
35,-11.9686,-2.3109
35,-11.9448,-2.30385
35,-11.9209,-2.30606
35,-11.8971,-2.3036
35,-11.8732,-2.30539
35,-11.8494,-2.30321
35,-11.8256,-2.29909
35,-11.8017,-2.3012
35,-11.7779,-2.29666
35,-11.754,-2.29837
35,-11.7302,-2.30113
35,-11.7064,-2.30169
35,-11.6825,-2.29938
35,-11.6587,-2.29771
35,-11.6348,-2.29728
35,-11.611,-2.30344
35,-11.5871,-2.29786
35,-11.5633,-2.3001
35,-11.5395,-2.29642
35,-11.5156,-2.30229
35,-11.4918,-2.29667
35,-11.4679,-2.30111
35,-11.4441,-2.3005
35,-11.4202,-2.29637
35,-11.3964,-2.29488
35,-11.3726,-2.29875
35,-11.3487,-2.29928
35,-11.3249,-2.30221
35,-11.301,-2.29593
35,-11.2772,-2.29266
35,-11.2534,-2.29587
35,-11.2295,-2.29932
35,-11.2057,-2.29454
35,-11.1818,-2.29546
35,-11.158,-2.2961
35,-11.1341,-2.29922
35,-11.1103,-2.29717
35,-11.0865,-2.29568
35,-11.0626,-2.29404
35,-11.0388,-2.29585
35,-11.0149,-2.28909
35,-10.9911,-2.29555
35,-10.9673,-2.29956
35,-10.9434,-2.29384
35,-10.9196,-2.28956
35,-10.8957,-2.29348
35,-10.8719,-2.29811
35,-10.848,-2.29816
35,-10.8242,-2.2944
35,-10.8004,-2.29892
35,-10.7765,-2.29528
35,-10.7527,-2.29434
35,-10.7288,-2.30277
35,-10.705,-2.29325
35,-10.6812,-2.29519
35,-10.6573,-2.28968
35,-10.6335,-2.29109
35,-10.6096,-2.29407
35,-10.5858,-2.29289
35,-10.5619,-2.2926
35,-10.5381,-2.29264
35,-10.5143,-2.29115
35,-10.4904,-2.29453
35,-10.4666,-2.29448
35,-10.4427,-2.29244
35,-10.4189,-2.29367
35,-10.3951,-2.29364
35,-10.3712,-2.28245
35,-10.3474,-2.28012
35,-10.3235,-2.28178
35,-10.2997,-2.28819
35,-10.2758,-2.28465
35,-10.252,-2.28598
35,-10.2282,-2.29019
35,-10.2043,-2.27969
35,-10.1805,-2.28889
35,-10.1566,-2.28486
35,-10.1328,-2.28467
35,-10.1089,-2.28627
35,-10.0851,-2.27911
35,-10.0613,-2.28052
35,-10.0374,-2.28302
35,-10.0136,-2.27815
35,-9.98974,-2.28336
35,-9.9659,-2.28613
35,-9.94205,-2.28122
35,-9.91821,-2.2789
35,-9.89437,-2.2866
35,-9.87053,-2.29149
35,-9.84669,-2.28375
35,-9.82285,-2.28961
35,-9.799,-2.28808
35,-9.77516,-2.28896
35,-9.75132,-2.28777
35,-9.72748,-2.2851
35,-9.70364,-2.29059
35,-9.67979,-2.28398
35,-9.65595,-2.29075
35,-9.63211,-2.28563
35,-9.60827,-2.28156
35,-9.58443,-2.28482
35,-9.56059,-2.28007
35,-9.53674,-2.28694
35,-9.5129,-2.28814
35,-9.48906,-2.28942
35,-9.46522,-2.28019
35,-9.44138,-2.28617
35,-9.41753,-2.28352
35,-9.39369,-2.2812
35,-9.36985,-2.28489
35,-9.34601,-2.2875
35,-9.32217,-2.2788
35,-9.29832,-2.27848
35,-9.27448,-2.28181
35,-9.25064,-2.28259
35,-9.2268,-2.28757
35,-9.20296,-2.27774
35,-9.17912,-2.28101
35,-9.15527,-2.27853
35,-9.13143,-2.28044
35,-9.10759,-2.27877
35,-9.08375,-2.2749
35,-9.05991,-2.27718
35,-9.03606,-2.28236
35,-9.01222,-2.2781
35,-8.98838,-2.27726
35,-8.96454,-2.27304
35,-8.9407,-2.27485
35,-8.91685,-2.27374
35,-8.89301,-2.27421
35,-8.86917,-2.273
35,-8.84533,-2.26646
35,-8.82149,-2.27653
35,-8.79765,-2.27517
35,-8.7738,-2.27345
35,-8.74996,-2.27633
35,-8.72612,-2.27172
35,-8.70228,-2.27409
35,-8.67844,-2.27399
35,-8.65459,-2.27273
35,-8.63075,-2.27482
35,-8.60691,-2.27589
35,-8.58307,-2.27192
35,-8.55923,-2.27319
35,-8.53539,-2.27082
35,-8.51154,-2.26587
35,-8.4877,-2.27486
35,-8.46386,-2.2687
35,-8.44002,-2.27102
35,-8.41618,-2.27639
35,-8.39233,-2.27545
35,-8.36849,-2.27067
35,-8.34465,-2.26815
35,-8.32081,-2.26821
35,-8.29697,-2.26852
35,-8.27312,-2.26359
35,-8.24928,-2.27377
35,-8.22544,-2.26728
35,-8.2016,-2.26965
35,-8.17776,-2.27056
35,-8.15392,-2.26703
35,-8.13007,-2.27328
35,-8.10623,-2.26562
35,-8.08239,-2.26541
35,-8.05855,-2.26199
35,-8.03471,-2.2635
35,-8.01086,-2.26402
35,-7.98702,-2.26198
35,-7.96318,-2.26456
35,-7.93934,-2.25881
35,-7.9155,-2.26764
35,-7.89165,-2.26523
35,-7.86781,-2.2652
35,-7.84397,-2.25697
35,-7.82013,-2.25874
35,-7.79629,-2.26103
35,-7.77245,-2.25417
35,-7.7486,-2.25448
35,-7.72476,-2.25302
35,-7.70092,-2.24608
35,-7.67708,-2.23473
35,-7.65324,-1.94178
35,-7.62939,-2.03372
35,-7.60555,-2.23804
35,-7.58171,-2.25669
35,-7.55787,-2.25225
35,-7.53403,-2.24987
35,-7.51019,-2.25721
35,-7.48634,-2.25531
35,-7.4625,-2.26057
35,-7.43866,-2.25
35,-7.41482,-2.2539
35,-7.39098,-2.25717
35,-7.36713,-2.25626
35,-7.34329,-2.25053
35,-7.31945,-2.25636
35,-7.29561,-2.25217
35,-7.27177,-2.24969
35,-7.24792,-2.24976
35,-7.22408,-2.25487
35,-7.20024,-2.25868
35,-7.1764,-2.25528
35,-7.15256,-2.25489
35,-7.12872,-2.25967
35,-7.10487,-2.25747
35,-7.08103,-2.25956
35,-7.05719,-2.26154
35,-7.03335,-2.25533
35,-7.00951,-2.25738
35,-6.98566,-2.25418
35,-6.96182,-2.2547
35,-6.93798,-2.25409
35,-6.91414,-2.25066
35,-6.8903,-2.25032
35,-6.86646,-2.24456
35,-6.84261,-2.24595
35,-6.81877,-2.2439
35,-6.79493,-2.24209
35,-6.77109,-2.24674
35,-6.74725,-2.256
35,-6.7234,-2.24753
35,-6.69956,-2.25011
35,-6.67572,-2.25105
35,-6.65188,-2.24887
35,-6.62804,-2.24256
35,-6.60419,-2.24961
35,-6.58035,-2.24987
35,-6.55651,-2.24623
35,-6.53267,-2.24577
35,-6.50883,-2.24471
35,-6.48499,-2.2499
35,-6.46114,-2.24173
35,-6.4373,-2.24869
35,-6.41346,-2.24552
35,-6.38962,-2.24638
35,-6.36578,-2.24161
35,-6.34193,-2.2416
35,-6.31809,-2.24638
35,-6.29425,-2.24137
35,-6.27041,-2.2346
35,-6.24657,-2.24024
35,-6.22272,-2.24051
35,-6.19888,-2.22824
35,-6.17504,-2.23527
35,-6.1512,-2.23754
35,-6.12736,-2.23276
35,-6.10352,-2.23402
35,-6.07967,-2.23935
35,-6.05583,-2.23285
35,-6.03199,-2.23282
35,-6.00815,-2.23674
35,-5.98431,-2.2287
35,-5.96046,-2.23103
35,-5.93662,-2.22621
35,-5.91278,-2.23064
35,-5.88894,-2.23376
35,-5.8651,-2.22995
35,-5.84126,-2.22711
35,-5.81741,-2.23002
35,-5.79357,-2.23052
35,-5.76973,-2.2276
35,-5.74589,-2.23376
35,-5.72205,-2.22628
35,-5.6982,-2.23569
35,-5.67436,-2.23294
35,-5.65052,-2.21853
35,-5.62668,-2.23109
35,-5.60284,-2.22432
35,-5.57899,-2.21737
35,-5.55515,-2.20919
35,-5.53131,-2.21824
35,-5.50747,-2.21558
35,-5.48363,-2.21855
35,-5.45979,-2.20863
35,-5.43594,-2.20872
35,-5.4121,-2.21845
35,-5.38826,-2.20785
35,-5.36442,-2.2161
35,-5.34058,-2.21167
35,-5.31673,-2.21505
35,-5.29289,-2.21113
35,-5.26905,-2.21757
35,-5.24521,-2.22018
35,-5.22137,-2.21827
35,-5.19753,-2.21096
35,-5.17368,-2.20199
35,-5.14984,-2.20397
35,-5.126,-2.20114
35,-5.10216,-2.19935
35,-5.07832,-2.18697
35,-5.05447,-2.156
35,-5.03063,-2.17007
35,-5.00679,-2.17007
35,-4.98295,-2.17529
35,-4.95911,-2.16159
35,-4.93526,-2.16665
35,-4.91142,-2.16568
35,-4.88758,-2.17088
35,-4.86374,-2.17441
35,-4.8399,-2.18135
35,-4.81606,-2.17584
35,-4.79221,-2.18177
35,-4.76837,-2.18391
35,-4.74453,-2.18082
35,-4.72069,-2.18873
35,-4.69685,-2.17411
35,-4.673,-2.13024
35,-4.64916,-2.08735
35,-4.62532,-2.1041
35,-4.60148,-2.09884
35,-4.57764,-2.07325
35,-4.55379,-2.01927
35,-4.52995,-2.03997
35,-4.50611,-2.03292
35,-4.48227,-2.03912
35,-4.45843,-1.97516
35,-4.43459,-2.00713
35,-4.41074,-2.01895
35,-4.3869,-2.04655
35,-4.36306,-2.08101
35,-4.33922,-2.09405
35,-4.31538,-2.07816
35,-4.29153,-2.07893
35,-4.26769,-2.04823
35,-4.24385,-2.02827
35,-4.22001,-2.02187
35,-4.19617,-2.01055
35,-4.17233,-1.90639
35,-4.14848,-1.84025
35,-4.12464,-1.87687
35,-4.1008,-1.86599
35,-4.07696,-1.74176
35,-4.05312,-1.50928
35,-4.02927,-1.61745
35,-4.00543,-1.66362
35,-3.98159,-1.75614
35,-3.95775,-1.71574
35,-3.93391,-1.77998
35,-3.91006,-1.71341
35,-3.88622,-1.81957
35,-3.86238,-1.89745
35,-3.83854,-1.92659
35,-3.8147,-1.91128
35,-3.79086,-1.92566
35,-3.76701,-1.97858
35,-3.74317,-2.00733
35,-3.71933,-2.01873
35,-3.69549,-2.01424
35,-3.67165,-1.81239
35,-3.6478,-1.69398
35,-3.62396,-1.75634
35,-3.60012,-1.7913
35,-3.57628,-1.77029
35,-3.55244,-1.705
35,-3.52859,-1.76339
35,-3.50475,-1.72284
35,-3.48091,-1.82883
35,-3.45707,-1.78409
35,-3.43323,-1.84681
35,-3.40939,-1.84595
35,-3.38554,-1.94892
35,-3.3617,-2.03458
35,-3.33786,-2.07215
35,-3.31402,-2.04756
35,-3.29018,-2.05961
35,-3.26633,-2.04997
35,-3.24249,-2.04447
35,-3.21865,-2.05473
35,-3.19481,-2.05642
35,-3.17097,-1.97887
35,-3.14713,-1.95434
35,-3.12328,-1.97825
35,-3.09944,-1.97629
35,-3.0756,-1.9142
35,-3.05176,-1.82446
35,-3.02792,-1.87999
35,-3.00407,-1.90278
35,-2.98023,-1.96673
35,-2.95639,-1.98997
35,-2.93255,-2.01432
35,-2.90871,-1.97054
35,-2.88486,-2.03197
35,-2.86102,-2.0683
35,-2.83718,-2.09113
35,-2.81334,-2.0764
35,-2.7895,-2.08708
35,-2.76566,-2.09811
35,-2.74181,-2.10745
35,-2.71797,-2.11303
35,-2.69413,-2.11098
35,-2.67029,-1.99406
35,-2.64645,-1.93771
35,-2.6226,-1.97352
35,-2.59876,-1.98492
35,-2.57492,-1.96555
35,-2.55108,-1.93749
35,-2.52724,-1.96074
35,-2.5034,-1.93909
35,-2.47955,-1.98173
35,-2.45571,-1.96331
35,-2.43187,-1.99554
35,-2.40803,-1.99018
35,-2.38419,-2.0396
35,-2.36034,-2.09025
35,-2.3365,-2.11114
35,-2.31266,-2.08288
35,-2.28882,-2.09093
35,-2.26498,-2.06562
35,-2.24113,-2.05711
35,-2.21729,-2.05769
35,-2.19345,-2.05101
35,-2.16961,-1.9861
35,-2.14577,-1.96518
35,-2.12193,-1.98533
35,-2.09808,-1.97118
35,-2.07424,-1.89955
35,-2.0504,-1.81346
35,-2.02656,-1.86804
35,-2.00272,-1.89316
35,-1.97887,-1.94457
35,-1.95503,-1.96132
35,-1.93119,-1.98382
35,-1.90735,-1.93247
35,-1.88351,-1.992
35,-1.85966,-2.02029
35,-1.83582,-2.02746
35,-1.81198,-2.00835
35,-1.78814,-2.0158
35,-1.7643,-2.0039
35,-1.74046,-2.01703
35,-1.71661,-2.02881
35,-1.69277,-2.01121
35,-1.66893,-1.81104
35,-1.64509,-1.74411
35,-1.62125,-1.80021
35,-1.5974,-1.79037
35,-1.57356,-1.75714
35,-1.54972,-1.71764
35,-1.52588,-1.73859
35,-1.50204,-1.70205
35,-1.4782,-1.75019
35,-1.45435,-1.71386
35,-1.43051,-1.76448
35,-1.40667,-1.75201
35,-1.38283,-1.84499
35,-1.35899,-1.91611
35,-1.33514,-1.93872
35,-1.3113,-1.89237
35,-1.28746,-1.87666
35,-1.26362,-1.74454
35,-1.23978,-1.71658
35,-1.21593,-1.71757
35,-1.19209,-1.67851
35,-1.16825,-1.42471
35,-1.14441,-1.37958
35,-1.12057,-1.41782
35,-1.09673,-1.37425
35,-1.07288,-1.03484
35,-1.04904,-0.807459
35,-1.0252,-0.959519
35,-1.00136,-1.00329
35,-0.977516,-1.19213
35,-0.953674,-1.22836
35,-0.929832,-1.20711
35,-0.905991,-1.00462
35,-0.882149,-1.15125
35,-0.858307,-1.18194
35,-0.834465,-1.13987
35,-0.810623,-1.02591
35,-0.786781,-0.874944
35,-0.762939,-0.610491
35,-0.739098,-0.575426
35,-0.715256,-0.559122
35,-0.691414,-0.247033
35,-0.667572,1.85658
35,-0.64373,2.24727
35,-0.619888,2.05341
35,-0.596046,2.26067
35,-0.572205,3.44251
35,-0.548363,4.51516
35,-0.524521,4.22287
35,-0.500679,4.87134
35,-0.476837,6.5708
35,-0.452995,8.14386
35,-0.429153,8.49325
35,-0.405312,10.7436
35,-0.38147,16.6136
35,-0.357628,21.9354
35,-0.333786,21.2269
35,-0.309944,20.2984
35,-0.286102,19.2242
35,-0.26226,16.4636
35,-0.238419,13.9795
35,-0.214577,16.7081
35,-0.190735,15.5035
35,-0.166893,9.14877
35,-0.143051,7.01399
35,-0.119209,5.60516
35,-0.0953674,5.27047
35,-0.0715256,4.37124
35,-0.0476837,3.6639
35,-0.0238419,3.39527
35,0,3.20057
35,0.0238419,1.69424
35,0.0476837,0.976787
35,0.0715256,0.776946
35,0.0953674,1.07212
35,0.119209,0.121743
35,0.143051,-0.169901
35,0.166893,-0.584238
35,0.190735,-0.57297
35,0.214577,-0.235757
35,0.238419,-0.60502
35,0.26226,-1.04239
35,0.286102,-1.20187
35,0.309944,-0.948323
35,0.333786,-0.766716
35,0.357628,-0.665946
35,0.38147,-0.796758
35,0.405312,-0.980005
35,0.429153,-1.00325
35,0.452995,-1.06618
35,0.476837,-1.08884
35,0.500679,-1.07839
35,0.524521,-1.3371
35,0.548363,-1.39178
35,0.572205,-1.48191
35,0.596046,-1.45644
35,0.619888,-1.67543
35,0.64373,-1.81996
35,0.667572,-1.86208
35,0.691414,-1.81157
35,0.715256,-1.85617
35,0.739098,-1.7699
35,0.762939,-1.78424
35,0.786781,-1.81274
35,0.810623,-1.80515
35,0.834465,-1.68176
35,0.858307,-1.70503
35,0.882149,-1.73876
35,0.905991,-1.74094
35,0.929832,-1.62314
35,0.953674,-1.59162
35,0.977516,-1.66329
35,1.00136,-1.69805
35,1.0252,-1.80957
35,1.04904,-1.8563
35,1.07288,-1.86533
35,1.09673,-1.81357
35,1.12057,-1.91597
35,1.14441,-1.95272
35,1.16825,-1.96067
35,1.19209,-1.95419
35,1.21593,-1.96802
35,1.23978,-1.97383
35,1.26362,-1.98859
35,1.28746,-1.99065
35,1.3113,-1.98876
35,1.33514,-1.82365
35,1.35899,-1.82257
35,1.38283,-1.85731
35,1.40667,-1.86811
35,1.43051,-1.82799
35,1.45435,-1.83733
35,1.4782,-1.85032
35,1.50204,-1.84185
35,1.52588,-1.87324
35,1.54972,-1.87903
35,1.57356,-1.89572
35,1.5974,-1.90066
35,1.62125,-1.98185
35,1.64509,-2.02269
35,1.66893,-2.03576
35,1.69277,-2.01345
35,1.71661,-2.0131
35,1.74046,-1.98613
35,1.7643,-1.9839
35,1.78814,-1.99366
35,1.81198,-1.98184
35,1.83582,-1.90651
35,1.85966,-1.9136
35,1.88351,-1.92601
35,1.90735,-1.92283
35,1.93119,-1.81493
35,1.95503,-1.8036
35,1.97887,-1.84368
35,2.00272,-1.86275
35,2.02656,-1.9147
35,2.0504,-1.93279
35,2.07424,-1.9344
35,2.09808,-1.90724
35,2.12193,-1.97303
35,2.14577,-1.98961
35,2.16961,-2
35,2.19345,-1.98363
35,2.21729,-1.99887
35,2.24113,-2.00409
35,2.26498,-2.01407
35,2.28882,-2.0107
35,2.31266,-2.00524
35,2.3365,-1.81582
35,2.36034,-1.81824
35,2.38419,-1.85573
35,2.40803,-1.85888
35,2.43187,-1.77604
35,2.45571,-1.79279
35,2.47955,-1.79959
35,2.5034,-1.78586
35,2.52724,-1.79611
35,2.55108,-1.79037
35,2.57492,-1.82406
35,2.59876,-1.82394
35,2.6226,-1.91812
35,2.64645,-1.9565
35,2.67029,-1.97011
35,2.69413,-1.93611
35,2.71797,-1.95251
35,2.74181,-1.89687
35,2.76566,-1.90061
35,2.7895,-1.89345
35,2.81334,-1.87376
35,2.83718,-1.71203
35,2.86102,-1.72777
35,2.88486,-1.75071
35,2.90871,-1.7342
35,2.93255,-1.43132
35,2.95639,-1.42759
35,2.98023,-1.51394
35,3.00407,-1.55496
35,3.02792,-1.61557
35,3.05176,-1.635
35,3.0756,-1.6401
35,3.09944,-1.57635
35,3.12328,-1.74005
35,3.14713,-1.77537
35,3.17097,-1.7953
35,3.19481,-1.75174
35,3.21865,-1.80173
35,3.24249,-1.84239
35,3.26633,-1.87496
35,3.29018,-1.876
35,3.31402,-1.8461
35,3.33786,-1.51762
35,3.3617,-1.53898
35,3.38554,-1.60338
35,3.40939,-1.62065
35,3.43323,-1.50584
35,3.45707,-1.54573
35,3.48091,-1.56265
35,3.50475,-1.55791
35,3.52859,-1.60527
35,3.55244,-1.64521
35,3.57628,-1.68837
35,3.60012,-1.69499
35,3.62396,-1.81731
35,3.6478,-1.86941
35,3.67165,-1.89598
35,3.69549,-1.86928
35,3.71933,-1.91293
35,3.74317,-1.9267
35,3.76701,-1.92799
35,3.79086,-1.9324
35,3.8147,-1.9403
35,3.83854,-1.89777
35,3.86238,-1.91356
35,3.88622,-1.91841
35,3.91006,-1.92263
35,3.93391,-1.84495
35,3.95775,-1.85966
35,3.98159,-1.88701
35,4.00543,-1.91313
35,4.02927,-1.93221
35,4.05312,-1.94844
35,4.07696,-1.9512
35,4.1008,-1.94097
35,4.12464,-1.98669
35,4.14848,-2.0116
35,4.17233,-2.01116
35,4.19617,-1.99362
35,4.22001,-2.02539
35,4.24385,-2.02708
35,4.26769,-2.03563
35,4.29153,-2.03522
35,4.31538,-2.03675
35,4.33922,-2.00763
35,4.36306,-2.01444
35,4.3869,-2.01851
35,4.41074,-2.02482
35,4.43459,-2.0085
35,4.45843,-2.01213
35,4.48227,-2.01287
35,4.50611,-2.01389
35,4.52995,-2.02154
35,4.55379,-2.01889
35,4.57764,-2.02501
35,4.60148,-2.01808
35,4.62532,-2.03527
35,4.64916,-2.03942
35,4.673,-2.03848
35,4.69685,-2.03554
35,4.72069,-2.04526
35,4.74453,-2.04468
35,4.76837,-2.04698
35,4.79221,-2.03856
35,4.81606,-2.04104
35,4.8399,-2.04069
35,4.86374,-2.04536
35,4.88758,-2.04693
35,4.91142,-2.04443
35,4.93526,-2.03143
35,4.95911,-2.03287
35,4.98295,-2.03105
35,5.00679,-2.04256
35,5.03063,-2.02951
35,5.05447,-2.03353
35,5.07832,-2.03511
35,5.10216,-2.03269
35,5.126,-2.04009
35,5.14984,-2.04595
35,5.17368,-2.03861
35,5.19753,-2.03512
35,5.22137,-2.0466
35,5.24521,-2.04494
35,5.26905,-2.04636
35,5.29289,-2.04324
35,5.31673,-2.04524
35,5.34058,-2.04356
35,5.36442,-2.03965
35,5.38826,-2.03766
35,5.4121,-2.04321
35,5.43594,-2.03398
35,5.45979,-2.03542
35,5.48363,-2.03697
35,5.50747,-2.04134
35,5.53131,-2.03263
35,5.55515,-2.03333
35,5.57899,-2.02789
35,5.60284,-2.03384
35,5.62668,-2.03563
35,5.65052,-2.0295
35,5.67436,-2.03383
35,5.6982,-2.03102
35,5.72205,-2.0345
35,5.74589,-2.0376
35,5.76973,-2.03695
35,5.79357,-2.03604
35,5.81741,-2.03939
35,5.84126,-2.02979
35,5.8651,-2.02946
35,5.88894,-2.03857
35,5.91278,-2.03688
35,5.93662,-2.03063
35,5.96046,-2.03196
35,5.98431,-2.03475
35,6.00815,-2.02697
35,6.03199,-2.02597
35,6.05583,-2.02676
35,6.07967,-2.02412
35,6.10352,-2.02597
35,6.12736,-2.02399
35,6.1512,-2.01827
35,6.17504,-2.02591
35,6.19888,-2.01729
35,6.22272,-2.02135
35,6.24657,-2.0269
35,6.27041,-2.02299
35,6.29425,-2.02552
35,6.31809,-2.0323
35,6.34193,-2.02364
35,6.36578,-2.02235
35,6.38962,-2.02426
35,6.41346,-2.0249
35,6.4373,-2.02908
35,6.46114,-2.02347
35,6.48499,-2.02601
35,6.50883,-2.02502
35,6.53267,-2.01747
35,6.55651,-2.02336
35,6.58035,-2.02544
35,6.60419,-2.01966
35,6.62804,-2.02129
35,6.65188,-2.01381
35,6.67572,-2.01683
35,6.69956,-2.00943
35,6.7234,-2.01367
35,6.74725,-2.01119
35,6.77109,-2.01241
35,6.79493,-2.01234
35,6.81877,-2.01083
35,6.84261,-2.01326
35,6.86646,-2.01614
35,6.8903,-2.01536
35,6.91414,-2.01494
35,6.93798,-2.0065
35,6.96182,-2.01542
35,6.98566,-2.00435
35,7.00951,-2.01052
35,7.03335,-2.00536
35,7.05719,-2.01344
35,7.08103,-2.01284
35,7.10487,-2.00613
35,7.12872,-2.00692
35,7.15256,-2.00469
35,7.1764,-2.00644
35,7.20024,-2.00539
35,7.22408,-2.00789
35,7.24792,-2.00143
35,7.27177,-2.00158
35,7.29561,-1.99993
35,7.31945,-2.0029
35,7.34329,-2.00311
35,7.36713,-2.00029
35,7.39098,-2.00412
35,7.41482,-2.00476
35,7.43866,-2.00154
35,7.4625,-2.00151
35,7.48634,-2.00042
35,7.51019,-2.00447
35,7.53403,-1.99598
35,7.55787,-2.00111
35,7.58171,-1.99808
35,7.60555,-1.99707
35,7.62939,-2.00088
35,7.65324,-2.00011
35,7.67708,-1.99418
35,7.70092,-1.99527
35,7.72476,-1.99422
35,7.7486,-1.99036
35,7.77245,-1.9883
35,7.79629,-1.9925
35,7.82013,-1.9981
35,7.84397,-1.99632
35,7.86781,-1.99642
35,7.89165,-1.99667
35,7.9155,-1.99349
35,7.93934,-2.00159
35,7.96318,-1.99429
35,7.98702,-1.99766
35,8.01086,-1.98557
35,8.03471,-1.99166
35,8.05855,-1.99231
35,8.08239,-1.98917
35,8.10623,-1.99023
35,8.13007,-1.99136
35,8.15392,-1.9924
35,8.17776,-1.99029
35,8.2016,-1.98861
35,8.22544,-1.98736
35,8.24928,-1.98148
35,8.27312,-1.98042
35,8.29697,-1.98821
35,8.32081,-1.98975
35,8.34465,-1.98653
35,8.36849,-1.97989
35,8.39233,-1.98714
35,8.41618,-1.99048
35,8.44002,-1.98294
35,8.46386,-1.98637
35,8.4877,-1.98318
35,8.51154,-1.98306
35,8.53539,-1.97944
35,8.55923,-1.98605
35,8.58307,-1.98323
35,8.60691,-1.97701
35,8.63075,-1.97863
35,8.65459,-1.98019
35,8.67844,-1.97297
35,8.70228,-1.97517
35,8.72612,-1.97559
35,8.74996,-1.98069
35,8.7738,-1.97481
35,8.79765,-1.97862
35,8.82149,-1.97462
35,8.84533,-1.97897
35,8.86917,-1.97457
35,8.89301,-1.97454
35,8.91685,-1.97496
35,8.9407,-1.96917
35,8.96454,-1.97289
35,8.98838,-1.96814
35,9.01222,-1.97214
35,9.03606,-1.96965
35,9.05991,-1.96644
35,9.08375,-1.97141
35,9.10759,-1.97058
35,9.13143,-1.96908
35,9.15527,-1.96958
35,9.17912,-1.96821
35,9.20296,-1.9678
35,9.2268,-1.96116
35,9.25064,-1.95882
35,9.27448,-1.96283
35,9.29832,-1.95762
35,9.32217,-1.94913
35,9.34601,-1.95922
35,9.36985,-1.95967
35,9.39369,-1.95754
35,9.41753,-1.96109
35,9.44138,-1.95774
35,9.46522,-1.9634
35,9.48906,-1.9593
35,9.5129,-1.95114
35,9.53674,-1.95728
35,9.56059,-1.96076
35,9.58443,-1.95871
35,9.60827,-1.95397
35,9.63211,-1.94844
35,9.65595,-1.93776
35,9.67979,-1.94063
35,9.70364,-1.94501
35,9.72748,-1.94765
35,9.75132,-1.94851
35,9.77516,-1.95285
35,9.799,-1.94849
35,9.82285,-1.95142
35,9.84669,-1.94423
35,9.87053,-1.94919
35,9.89437,-1.94547
35,9.91821,-1.94545
35,9.94205,-1.95084
35,9.9659,-1.9499
35,9.98974,-1.94527
35,10.0136,-1.94799
35,10.0374,-1.94523
35,10.0613,-1.94832
35,10.0851,-1.95157
35,10.1089,-1.94589
35,10.1328,-1.94407
35,10.1566,-1.94247
35,10.1805,-1.94114
35,10.2043,-1.94369
35,10.2282,-1.93917
35,10.252,-1.94274
35,10.2758,-1.9403
35,10.2997,-1.9364
35,10.3235,-1.93874
35,10.3474,-1.93379
35,10.3712,-1.9398
35,10.3951,-1.9354
35,10.4189,-1.93269
35,10.4427,-1.94097
35,10.4666,-1.92595
35,10.4904,-1.92924
35,10.5143,-1.9335
35,10.5381,-1.9312
35,10.5619,-1.93536
35,10.5858,-1.93162
35,10.6096,-1.92629
35,10.6335,-1.93252
35,10.6573,-1.92945
35,10.6812,-1.93414
35,10.705,-1.93121
35,10.7288,-1.93184
35,10.7527,-1.93568
35,10.7765,-1.92714
35,10.8004,-1.92659
35,10.8242,-1.92525
35,10.848,-1.92666
35,10.8719,-1.93197
35,10.8957,-1.92645
35,10.9196,-1.92125
35,10.9434,-1.92635
35,10.9673,-1.92552
35,10.9911,-1.92248
35,11.0149,-1.92757
35,11.0388,-1.92079
35,11.0626,-1.92728
35,11.0865,-1.9163
35,11.1103,-1.91586
35,11.1341,-1.9184
35,11.158,-1.92118
35,11.1818,-1.91464
35,11.2057,-1.91251
35,11.2295,-1.91573
35,11.2534,-1.91956
35,11.2772,-1.91943
35,11.301,-1.91385
35,11.3249,-1.91512
35,11.3487,-1.91617
35,11.3726,-1.9099
35,11.3964,-1.91317
35,11.4202,-1.90803
35,11.4441,-1.9146
35,11.4679,-1.90933
35,11.4918,-1.9133
35,11.5156,-1.90826
35,11.5395,-1.90612
35,11.5633,-1.90843
35,11.5871,-1.91016
35,11.611,-1.90579
35,11.6348,-1.90641
35,11.6587,-1.90826
35,11.6825,-1.90228
35,11.7064,-1.90716
35,11.7302,-1.90502
35,11.754,-1.90205
35,11.7779,-1.90646
35,11.8017,-1.9113
35,11.8256,-1.90386
35,11.8494,-1.90052
35,11.8732,-1.9038
35,11.8971,-1.90101
35,11.9209,-1.90402
35,11.9448,-1.89626
35,11.9686,-1.89384
35,11.9925,-1.89746
35,12.0163,-1.89384
35,12.0401,-1.89538
35,12.064,-1.89837
35,12.0878,-1.90002
35,12.1117,-1.89425
35,12.1355,-1.89234
35,12.1593,-1.89568
35,12.1832,-1.89685
35,12.207,-1.88805
35,12.2309,-1.88813
35,12.2547,-1.88894
35,12.2786,-1.88797
35,12.3024,-1.88952
35,12.3262,-1.89006
35,12.3501,-1.89147
35,12.3739,-1.89061
35,12.3978,-1.88799
35,12.4216,-1.89084
35,12.4454,-1.88427
35,12.4693,-1.89129
35,12.4931,-1.89182
35,12.517,-1.88886
35,12.5408,-1.88364
35,12.5647,-1.88255
35,12.5885,-1.88561
35,12.6123,-1.88154
35,12.6362,-1.87629
35,12.66,-1.87758
35,12.6839,-1.87891
35,12.7077,-1.87915
35,12.7316,-1.87525
35,12.7554,-1.87698
35,12.7792,-1.87544
35,12.8031,-1.87038
35,12.8269,-1.88483
35,12.8508,-1.87743
35,12.8746,-1.87608
35,12.8984,-1.87418
35,12.9223,-1.87474
35,12.9461,-1.87471
35,12.97,-1.87034
35,12.9938,-1.87382
35,13.0177,-1.87185
35,13.0415,-1.87267
35,13.0653,-1.86796
35,13.0892,-1.87247
35,13.113,-1.87203
35,13.1369,-1.87084
35,13.1607,-1.86758
35,13.1845,-1.86785
35,13.2084,-1.86244
35,13.2322,-1.86395
35,13.2561,-1.86832
35,13.2799,-1.87094
35,13.3038,-1.85758
35,13.3276,-1.86103
35,13.3514,-1.86003
35,13.3753,-1.86514
35,13.3991,-1.85794
35,13.423,-1.86368
35,13.4468,-1.86611
35,13.4706,-1.86027
35,13.4945,-1.86101
35,13.5183,-1.86068
35,13.5422,-1.85163
35,13.566,-1.85313
35,13.5899,-1.85564
35,13.6137,-1.85374
35,13.6375,-1.85165
35,13.6614,-1.84693
35,13.6852,-1.84675
35,13.7091,-1.84767
35,13.7329,-1.84623
35,13.7568,-1.84481
35,13.7806,-1.844
35,13.8044,-1.85102
35,13.8283,-1.84459
35,13.8521,-1.84568
35,13.876,-1.84944
35,13.8998,-1.8434
35,13.9236,-1.85384
35,13.9475,-1.85008
35,13.9713,-1.84743
35,13.9952,-1.85136
35,14.019,-1.84119
35,14.0429,-1.84486
35,14.0667,-1.84638
35,14.0905,-1.84025
35,14.1144,-1.83797
35,14.1382,-1.84557
35,14.1621,-1.84182
35,14.1859,-1.84418
35,14.2097,-1.84562
35,14.2336,-1.84355
35,14.2574,-1.83571
35,14.2813,-1.83699
35,14.3051,-1.83976
35,14.329,-1.83838
35,14.3528,-1.82982
35,14.3766,-1.83546
35,14.4005,-1.83614
35,14.4243,-1.83175
35,14.4482,-1.83322
35,14.472,-1.83002
35,14.4958,-1.8361
35,14.5197,-1.83476
35,14.5435,-1.8308
35,14.5674,-1.8275
35,14.5912,-1.82727
35,14.6151,-1.82623
35,14.6389,-1.82701
35,14.6627,-1.82502
35,14.6866,-1.82977
35,14.7104,-1.81986
35,14.7343,-1.82432
35,14.7581,-1.82346
35,14.782,-1.82777
35,14.8058,-1.82274
35,14.8296,-1.82216
35,14.8535,-1.82251
35,14.8773,-1.81783
35,14.9012,-1.81966
35,14.925,-1.82356
35,14.9488,-1.81883
35,14.9727,-1.8206
35,14.9965,-1.82596
34,-14.9965,0.49262
34,-14.9727,0.493548
34,-14.9488,0.496858
34,-14.925,0.499291
34,-14.9012,0.507957
34,-14.8773,0.500154
34,-14.8535,0.49472
34,-14.8296,0.504004
34,-14.8058,0.496435
34,-14.782,0.493645
34,-14.7581,0.510854
34,-14.7343,0.495719
34,-14.7104,0.493109
34,-14.6866,0.490378
34,-14.6627,0.491553
34,-14.6389,0.485134
34,-14.6151,0.493855
34,-14.5912,0.490984
34,-14.5674,0.485674
34,-14.5435,0.491267
34,-14.5197,0.487552
34,-14.4958,0.491544
34,-14.472,0.488162
34,-14.4482,0.491151
34,-14.4243,0.491926
34,-14.4005,0.493419
34,-14.3766,0.49125
34,-14.3528,0.483388
34,-14.329,0.491266
34,-14.3051,0.489428
34,-14.2813,0.488407
34,-14.2574,0.482733
34,-14.2336,0.483521
34,-14.2097,0.4908
34,-14.1859,0.48618
34,-14.1621,0.485391
34,-14.1382,0.486456
34,-14.1144,0.48783
34,-14.0905,0.484926
34,-14.0667,0.481893
34,-14.0429,0.490202
34,-14.019,0.491801
34,-13.9952,0.490048
34,-13.9713,0.493272
34,-13.9475,0.493513
34,-13.9236,0.486159
34,-13.8998,0.484685
34,-13.876,0.482541
34,-13.8521,0.48452
34,-13.8283,0.486599
34,-13.8044,0.4823
34,-13.7806,0.485937
34,-13.7568,0.488093
34,-13.7329,0.490992
34,-13.7091,0.483565
34,-13.6852,0.480169
34,-13.6614,0.475645
34,-13.6375,0.485821
34,-13.6137,0.490944
34,-13.5899,0.4813
34,-13.566,0.482893
34,-13.5422,0.483704
34,-13.5183,0.479326
34,-13.4945,0.483305
34,-13.4706,0.478108
34,-13.4468,0.481996
34,-13.423,0.476139
34,-13.3991,0.479874
34,-13.3753,0.486991
34,-13.3514,0.476418
34,-13.3276,0.482667
34,-13.3038,0.479884
34,-13.2799,0.474021
34,-13.2561,0.479602
34,-13.2322,0.479347
34,-13.2084,0.475957
34,-13.1845,0.481435
34,-13.1607,0.479363
34,-13.1369,0.48003
34,-13.113,0.484743
34,-13.0892,0.480608
34,-13.0653,0.48334
34,-13.0415,0.475453
34,-13.0177,0.480362
34,-12.9938,0.473018
34,-12.97,0.472602
34,-12.9461,0.483154
34,-12.9223,0.478542
34,-12.8984,0.474754
34,-12.8746,0.473143
34,-12.8508,0.482952
34,-12.8269,0.476351
34,-12.8031,0.476203
34,-12.7792,0.479993
34,-12.7554,0.472964
34,-12.7316,0.477106
34,-12.7077,0.475832
34,-12.6839,0.477528
34,-12.66,0.476587
34,-12.6362,0.479616
34,-12.6123,0.480247
34,-12.5885,0.475161
34,-12.5647,0.475893
34,-12.5408,0.472532
34,-12.517,0.472532
34,-12.4931,0.474132
34,-12.4693,0.471164
34,-12.4454,0.479935
34,-12.4216,0.47553
34,-12.3978,0.47026
34,-12.3739,0.470404
34,-12.3501,0.472961
34,-12.3262,0.474103
34,-12.3024,0.476616
34,-12.2786,0.47476
34,-12.2547,0.473712
34,-12.2309,0.465209
34,-12.207,0.472084
34,-12.1832,0.467783
34,-12.1593,0.472925
34,-12.1355,0.473893
34,-12.1117,0.472791
34,-12.0878,0.469449
34,-12.064,0.471727
34,-12.0401,0.469619
34,-12.0163,0.472293
34,-11.9925,0.469521
34,-11.9686,0.470325
34,-11.9448,0.462358
34,-11.9209,0.466356
34,-11.8971,0.46885
34,-11.8732,0.468591
34,-11.8494,0.469007
34,-11.8256,0.473067
34,-11.8017,0.470038
34,-11.7779,0.466249
34,-11.754,0.466717
34,-11.7302,0.466121
34,-11.7064,0.464228
34,-11.6825,0.461345
34,-11.6587,0.461232
34,-11.6348,0.469345
34,-11.611,0.46669
34,-11.5871,0.462184
34,-11.5633,0.464163
34,-11.5395,0.467611
34,-11.5156,0.461839
34,-11.4918,0.468023
34,-11.4679,0.466179
34,-11.4441,0.4672
34,-11.4202,0.463142
34,-11.3964,0.463919
34,-11.3726,0.463949
34,-11.3487,0.465429
34,-11.3249,0.465181
34,-11.301,0.459116
34,-11.2772,0.462681
34,-11.2534,0.467802
34,-11.2295,0.465011
34,-11.2057,0.461676
34,-11.1818,0.465122
34,-11.158,0.467077
34,-11.1341,0.463869
34,-11.1103,0.460804
34,-11.0865,0.467428
34,-11.0626,0.46632
34,-11.0388,0.464352
34,-11.0149,0.46021
34,-10.9911,0.463019
34,-10.9673,0.461831
34,-10.9434,0.456841
34,-10.9196,0.45877
34,-10.8957,0.464681
34,-10.8719,0.456907
34,-10.848,0.463869
34,-10.8242,0.459275
34,-10.8004,0.466559
34,-10.7765,0.458371
34,-10.7527,0.456975
34,-10.7288,0.459611
34,-10.705,0.457086
34,-10.6812,0.460744
34,-10.6573,0.454481
34,-10.6335,0.46102
34,-10.6096,0.457893
34,-10.5858,0.458769
34,-10.5619,0.457696
34,-10.5381,0.454241
34,-10.5143,0.459436
34,-10.4904,0.459059
34,-10.4666,0.456079
34,-10.4427,0.457234
34,-10.4189,0.45592
34,-10.3951,0.457513
34,-10.3712,0.460109
34,-10.3474,0.460214
34,-10.3235,0.45081
34,-10.2997,0.457395
34,-10.2758,0.455833
34,-10.252,0.455781
34,-10.2282,0.451238
34,-10.2043,0.457931
34,-10.1805,0.457544
34,-10.1566,0.453807
34,-10.1328,0.455199
34,-10.1089,0.453301
34,-10.0851,0.452207
34,-10.0613,0.453547
34,-10.0374,0.456519
34,-10.0136,0.459953
34,-9.98974,0.453278
34,-9.9659,0.457958
34,-9.94205,0.46003
34,-9.91821,0.450614
34,-9.89437,0.451184
34,-9.87053,0.448572
34,-9.84669,0.452185
34,-9.82285,0.451632
34,-9.799,0.444988
34,-9.77516,0.448414
34,-9.75132,0.454321
34,-9.72748,0.449805
34,-9.70364,0.449507
34,-9.67979,0.452205
34,-9.65595,0.449731
34,-9.63211,0.453312
34,-9.60827,0.447216
34,-9.58443,0.447545
34,-9.56059,0.446873
34,-9.53674,0.446137
34,-9.5129,0.447844
34,-9.48906,0.449424
34,-9.46522,0.445721
34,-9.44138,0.447254
34,-9.41753,0.444197
34,-9.39369,0.4503
34,-9.36985,0.455327
34,-9.34601,0.443316
34,-9.32217,0.452
34,-9.29832,0.448412
34,-9.27448,0.448345
34,-9.25064,0.45071
34,-9.2268,0.44364
34,-9.20296,0.442184
34,-9.17912,0.447591
34,-9.15527,0.445958
34,-9.13143,0.444127
34,-9.10759,0.439556
34,-9.08375,0.447901
34,-9.05991,0.445421
34,-9.03606,0.44297
34,-9.01222,0.44443
34,-8.98838,0.445666
34,-8.96454,0.441132
34,-8.9407,0.435919
34,-8.91685,0.432944
34,-8.89301,0.439813
34,-8.86917,0.438074
34,-8.84533,0.44021
34,-8.82149,0.445941
34,-8.79765,0.440767
34,-8.7738,0.442112
34,-8.74996,0.441503
34,-8.72612,0.433577
34,-8.70228,0.439386
34,-8.67844,0.436008
34,-8.65459,0.439662
34,-8.63075,0.436964
34,-8.60691,0.436978
34,-8.58307,0.435331
34,-8.55923,0.436498
34,-8.53539,0.437739
34,-8.51154,0.436753
34,-8.4877,0.436469
34,-8.46386,0.434675
34,-8.44002,0.436659
34,-8.41618,0.441562
34,-8.39233,0.438146
34,-8.36849,0.437781
34,-8.34465,0.437072
34,-8.32081,0.437988
34,-8.29697,0.435292
34,-8.27312,0.440585
34,-8.24928,0.435601
34,-8.22544,0.435606
34,-8.2016,0.431293
34,-8.17776,0.435996
34,-8.15392,0.434542
34,-8.13007,0.437687
34,-8.10623,0.438064
34,-8.08239,0.437078
34,-8.05855,0.43891
34,-8.03471,0.434336
34,-8.01086,0.434464
34,-7.98702,0.433046
34,-7.96318,0.436247
34,-7.93934,0.434663
34,-7.9155,0.433734
34,-7.89165,0.431131
34,-7.86781,0.429615
34,-7.84397,0.430547
34,-7.82013,0.427074
34,-7.79629,0.432019
34,-7.77245,0.433646
34,-7.7486,0.425604
34,-7.72476,0.426245
34,-7.70092,0.433712
34,-7.67708,0.427868
34,-7.65324,0.425567
34,-7.62939,0.430102
34,-7.60555,0.434675
34,-7.58171,0.431669
34,-7.55787,0.423513
34,-7.53403,0.433237
34,-7.51019,0.42967
34,-7.48634,0.432073
34,-7.4625,0.426228
34,-7.43866,0.430779
34,-7.41482,0.425385
34,-7.39098,0.419067
34,-7.36713,0.426588
34,-7.34329,0.426738
34,-7.31945,0.428287
34,-7.29561,0.43098
34,-7.27177,0.423389
34,-7.24792,0.419697
34,-7.22408,0.426926
34,-7.20024,0.426444
34,-7.1764,0.420113
34,-7.15256,0.424804
34,-7.12872,0.427524
34,-7.10487,0.426755
34,-7.08103,0.434608
34,-7.05719,0.417859
34,-7.03335,0.422877
34,-7.00951,0.42139
34,-6.98566,0.422477
34,-6.96182,0.423798
34,-6.93798,0.427407
34,-6.91414,0.423814
34,-6.8903,0.418614
34,-6.86646,0.428357
34,-6.84261,0.419741
34,-6.81877,0.427262
34,-6.79493,0.419396
34,-6.77109,0.419577
34,-6.74725,0.416593
34,-6.7234,0.423048
34,-6.69956,0.419494
34,-6.67572,0.422054
34,-6.65188,0.4121
34,-6.62804,0.424129
34,-6.60419,0.421475
34,-6.58035,0.4147
34,-6.55651,0.420177
34,-6.53267,0.416929
34,-6.50883,0.415655
34,-6.48499,0.415382
34,-6.46114,0.413983
34,-6.4373,0.418263
34,-6.41346,0.420765
34,-6.38962,0.419395
34,-6.36578,0.417555
34,-6.34193,0.42229
34,-6.31809,0.415217
34,-6.29425,0.413541
34,-6.27041,0.420604
34,-6.24657,0.417037
34,-6.22272,0.41579
34,-6.19888,0.423596
34,-6.17504,0.413579
34,-6.1512,0.416774
34,-6.12736,0.417471
34,-6.10352,0.415301
34,-6.07967,0.413222
34,-6.05583,0.413093
34,-6.03199,0.41528
34,-6.00815,0.413208
34,-5.98431,0.414174
34,-5.96046,0.417351
34,-5.93662,0.418527
34,-5.91278,0.411449
34,-5.88894,0.406783
34,-5.8651,0.409776
34,-5.84126,0.408839
34,-5.81741,0.41196
34,-5.79357,0.408049
34,-5.76973,0.410606
34,-5.74589,0.414841
34,-5.72205,0.415883
34,-5.6982,0.412884
34,-5.67436,0.410146
34,-5.65052,0.409416
34,-5.62668,0.413332
34,-5.60284,0.409887
34,-5.57899,0.412073
34,-5.55515,0.408561
34,-5.53131,0.413594
34,-5.50747,0.410108
34,-5.48363,0.407572
34,-5.45979,0.404571
34,-5.43594,0.407701
34,-5.4121,0.404638
34,-5.38826,0.404915
34,-5.36442,0.405317
34,-5.34058,0.413401
34,-5.31673,0.410469
34,-5.29289,0.408638
34,-5.26905,0.414443
34,-5.24521,0.410028
34,-5.22137,0.406637
34,-5.19753,0.399109
34,-5.17368,0.404976
34,-5.14984,0.405653
34,-5.126,0.406105
34,-5.10216,0.409364
34,-5.07832,0.405509
34,-5.05447,0.403374
34,-5.03063,0.407562
34,-5.00679,0.409828
34,-4.98295,0.412516
34,-4.95911,0.40689
34,-4.93526,0.404417
34,-4.91142,0.408963
34,-4.88758,0.406727
34,-4.86374,0.40638
34,-4.8399,0.399312
34,-4.81606,0.402708
34,-4.79221,0.406462
34,-4.76837,0.407555
34,-4.74453,0.400669
34,-4.72069,0.40581
34,-4.69685,0.407163
34,-4.673,0.401928
34,-4.64916,0.400582
34,-4.62532,0.405683
34,-4.60148,0.395697
34,-4.57764,0.400959
34,-4.55379,0.402004
34,-4.52995,0.39985
34,-4.50611,0.402514
34,-4.48227,0.400527
34,-4.45843,0.394959
34,-4.43459,0.401474
34,-4.41074,0.397925
34,-4.3869,0.400635
34,-4.36306,0.400907
34,-4.33922,0.398779
34,-4.31538,0.395111
34,-4.29153,0.402425
34,-4.26769,0.399941
34,-4.24385,0.397282
34,-4.22001,0.401505
34,-4.19617,0.394975
34,-4.17233,0.401236
34,-4.14848,0.398201
34,-4.12464,0.405921
34,-4.1008,0.401821
34,-4.07696,0.404367
34,-4.05312,0.401604
34,-4.02927,0.400568
34,-4.00543,0.401322
34,-3.98159,0.406302
34,-3.95775,0.398427
34,-3.93391,0.407439
34,-3.91006,0.403841
34,-3.88622,0.399774
34,-3.86238,0.392114
34,-3.83854,0.401734
34,-3.8147,0.398998
34,-3.79086,0.401099
34,-3.76701,0.396163
34,-3.74317,0.392793
34,-3.71933,0.399794
34,-3.69549,0.401722
34,-3.67165,0.4051
34,-3.6478,0.395633
34,-3.62396,0.403343
34,-3.60012,0.403525
34,-3.57628,0.400636
34,-3.55244,0.395572
34,-3.52859,0.394587
34,-3.50475,0.403234
34,-3.48091,0.403302
34,-3.45707,0.395921
34,-3.43323,0.414822
34,-3.40939,0.415567
34,-3.38554,0.396733
34,-3.3617,0.400345
34,-3.33786,0.395536
34,-3.31402,0.398221
34,-3.29018,0.395964
34,-3.26633,0.395561
34,-3.24249,0.39319
34,-3.21865,0.396115
34,-3.19481,0.404052
34,-3.17097,0.464558
34,-3.14713,0.398033
34,-3.12328,0.399986
34,-3.09944,0.395278
34,-3.0756,0.398408
34,-3.05176,0.390316
34,-3.02792,0.393403
34,-3.00407,0.397062
34,-2.98023,0.387297
34,-2.95639,0.38879
34,-2.93255,0.396777
34,-2.90871,0.389252
34,-2.88486,0.38477
34,-2.86102,0.385295
34,-2.83718,0.386677
34,-2.81334,0.39162
34,-2.7895,0.384784
34,-2.76566,0.391178
34,-2.74181,0.382267
34,-2.71797,0.385001
34,-2.69413,0.384992
34,-2.67029,0.387974
34,-2.64645,0.382491
34,-2.6226,0.383143
34,-2.59876,0.389809
34,-2.57492,0.383101
34,-2.55108,0.380638
34,-2.52724,0.394678
34,-2.5034,0.386376
34,-2.47955,0.383628
34,-2.45571,0.3846
34,-2.43187,0.381287
34,-2.40803,0.381616
34,-2.38419,0.384839
34,-2.36034,0.385054
34,-2.3365,0.394265
34,-2.31266,0.380447
34,-2.28882,0.383538
34,-2.26498,0.377473
34,-2.24113,0.387277
34,-2.21729,0.383583
34,-2.19345,0.381426
34,-2.16961,0.380727
34,-2.14577,0.377282
34,-2.12193,0.388703
34,-2.09808,0.376579
34,-2.07424,0.419725
34,-2.0504,0.376795
34,-2.02656,0.382302
34,-2.00272,0.374819
34,-1.97887,0.379728
34,-1.95503,0.38192
34,-1.93119,0.377837
34,-1.90735,0.374374
34,-1.88351,0.382306
34,-1.85966,0.37716
34,-1.83582,0.370629
34,-1.81198,0.375311
34,-1.78814,0.374006
34,-1.7643,0.382396
34,-1.74046,0.383215
34,-1.71661,0.373757
34,-1.69277,0.391716
34,-1.66893,0.378043
34,-1.64509,0.372927
34,-1.62125,0.376122
34,-1.5974,0.37825
34,-1.57356,0.386137
34,-1.54972,0.380736
34,-1.52588,0.382943
34,-1.50204,0.384729
34,-1.4782,0.372737
34,-1.45435,0.386981
34,-1.43051,0.379397
34,-1.40667,0.390807
34,-1.38283,0.422464
34,-1.35899,0.412051
34,-1.33514,0.401254
34,-1.3113,0.376646
34,-1.28746,0.397697
34,-1.26362,0.387752
34,-1.23978,0.386877
34,-1.21593,0.432856
34,-1.19209,0.45968
34,-1.16825,0.408374
34,-1.14441,0.427693
34,-1.12057,1.01262
34,-1.09673,0.437008
34,-1.07288,0.401112
34,-1.04904,0.457688
34,-1.0252,0.443174
34,-1.00136,0.393617
34,-0.977516,0.387845
34,-0.953674,0.404024
34,-0.929832,0.395072
34,-0.905991,0.45081
34,-0.882149,0.414792
34,-0.858307,0.397364
34,-0.834465,0.438543
34,-0.810623,0.462614
34,-0.786781,0.48519
34,-0.762939,0.438812
34,-0.739098,0.423401
34,-0.715256,0.440154
34,-0.691414,0.459299
34,-0.667572,0.452505
34,-0.64373,0.478641
34,-0.619888,0.534197
34,-0.596046,1.15051
34,-0.572205,0.681677
34,-0.548363,0.544462
34,-0.524521,0.510068
34,-0.500679,0.59892
34,-0.476837,0.808127
34,-0.452995,1.34629
34,-0.429153,1.62632
34,-0.405312,2.28766
34,-0.38147,0.947073
34,-0.357628,0.881514
34,-0.333786,0.973678
34,-0.309944,1.402
34,-0.286102,1.4595
34,-0.26226,1.26236
34,-0.238419,1.1966
34,-0.214577,1.53686
34,-0.190735,1.27376
34,-0.166893,1.26736
34,-0.143051,2.10673
34,-0.119209,1.70298
34,-0.0953674,1.52862
34,-0.0715256,2.59547
34,-0.0476837,2.28416
34,-0.0238419,2.15895
34,0,4.70126
34,0.0238419,6.61604
34,0.0476837,2.61316
34,0.0715256,3.9287
34,0.0953674,5.46245
34,0.119209,3.96367
34,0.143051,3.98093
34,0.166893,5.24151
34,0.190735,4.65995
34,0.214577,3.24203
34,0.238419,2.79726
34,0.26226,1.69503
34,0.286102,3.14948
34,0.309944,3.52917
34,0.333786,1.57712
34,0.357628,1.22711
34,0.38147,1.00897
34,0.405312,0.854818
34,0.429153,0.68228
34,0.452995,0.785194
34,0.476837,0.671525
34,0.500679,0.596776
34,0.524521,0.481048
34,0.548363,0.460988
34,0.572205,0.443215
34,0.596046,0.446844
34,0.619888,0.468131
34,0.64373,0.407956
34,0.667572,0.397836
34,0.691414,0.397118
34,0.715256,0.404647
34,0.739098,0.386699
34,0.762939,0.393549
34,0.786781,0.395598
34,0.810623,0.389255
34,0.834465,0.384959
34,0.858307,0.373949
34,0.882149,0.382265
34,0.905991,0.372732
34,0.929832,0.359672
34,0.953674,0.354251
34,0.977516,0.358759
34,1.00136,0.366776
34,1.0252,0.350548
34,1.04904,0.348782
34,1.07288,0.352771
34,1.09673,0.36071
34,1.12057,0.346394
34,1.14441,0.349516
34,1.16825,0.349813
34,1.19209,0.347424
34,1.21593,0.345097
34,1.23978,0.346452
34,1.26362,0.343704
34,1.28746,0.347947
34,1.3113,0.342906
34,1.33514,0.350416
34,1.35899,0.340438
34,1.38283,0.346485
34,1.40667,0.341279
34,1.43051,0.33531
34,1.45435,0.341901
34,1.4782,0.341433
34,1.50204,0.338812
34,1.52588,0.334952
34,1.54972,0.336746
34,1.57356,0.332874
34,1.5974,0.339704
34,1.62125,0.352184
34,1.64509,0.342213
34,1.66893,0.340371
34,1.69277,0.33651
34,1.71661,0.334415
34,1.74046,0.337022
34,1.7643,0.331555
34,1.78814,0.333614
34,1.81198,0.334698
34,1.83582,0.336973
34,1.85966,0.329299
34,1.88351,0.340129
34,1.90735,0.327946
34,1.93119,0.336623
34,1.95503,0.32838
34,1.97887,0.327508
34,2.00272,0.329283
34,2.02656,0.327112
34,2.0504,0.322807
34,2.07424,0.327323
34,2.09808,0.330177
34,2.12193,0.330146
34,2.14577,0.326446
34,2.16961,0.331347
34,2.19345,0.321797
34,2.21729,0.329944
34,2.24113,0.325496
34,2.26498,0.326755
34,2.28882,0.321339
34,2.31266,0.326205
34,2.3365,0.322364
34,2.36034,0.323302
34,2.38419,0.331847
34,2.40803,0.32469
34,2.43187,0.322281
34,2.45571,0.324616
34,2.47955,0.329802
34,2.5034,0.323712
34,2.52724,0.323912
34,2.55108,0.32205
34,2.57492,0.318628
34,2.59876,0.323254
34,2.6226,0.324765
34,2.64645,0.322647
34,2.67029,0.320445
34,2.69413,0.3178
34,2.71797,0.325237
34,2.74181,0.317444
34,2.76566,0.326872
34,2.7895,0.322436
34,2.81334,0.329655
34,2.83718,0.317911
34,2.86102,0.32841
34,2.88486,0.334118
34,2.90871,0.328223
34,2.93255,0.322265
34,2.95639,0.32193
34,2.98023,0.337509
34,3.00407,0.328531
34,3.02792,0.328749
34,3.05176,0.347298
34,3.0756,0.551889
34,3.09944,0.341809
34,3.12328,0.320686
34,3.14713,0.323336
34,3.17097,0.352969
34,3.19481,0.323606
34,3.21865,0.32379
34,3.24249,0.321205
34,3.26633,0.334307
34,3.29018,0.317978
34,3.31402,0.323781
34,3.33786,0.316121
34,3.3617,0.318474
34,3.38554,0.323629
34,3.40939,0.31533
34,3.43323,0.316121
34,3.45707,0.316839
34,3.48091,0.318361
34,3.50475,0.317063
34,3.52859,0.312153
34,3.55244,0.312528
34,3.57628,0.31356
34,3.60012,0.31671
34,3.62396,0.310434
34,3.6478,0.307289
34,3.67165,0.310334
34,3.69549,0.311932
34,3.71933,0.316335
34,3.74317,0.305962
34,3.76701,0.309908
34,3.79086,0.312728
34,3.8147,0.309542
34,3.83854,0.31113
34,3.86238,0.306717
34,3.88622,0.315853
34,3.91006,0.31229
34,3.93391,0.315355
34,3.95775,0.310695
34,3.98159,0.307953
34,4.00543,0.308759
34,4.02927,0.308819
34,4.05312,0.303177
34,4.07696,0.307823
34,4.1008,0.310227
34,4.12464,0.30523
34,4.14848,0.302172
34,4.17233,0.300207
34,4.19617,0.308011
34,4.22001,0.307173
34,4.24385,0.302726
34,4.26769,0.300405
34,4.29153,0.302586
34,4.31538,0.306152
34,4.33922,0.300492
34,4.36306,0.295683
34,4.3869,0.300104
34,4.41074,0.296909
34,4.43459,0.298977
34,4.45843,0.292397
34,4.48227,0.301281
34,4.50611,0.294806
34,4.52995,0.284666
34,4.55379,0.29858
34,4.57764,0.291448
34,4.60148,0.297316
34,4.62532,0.291456
34,4.64916,0.289658
34,4.673,0.290712
34,4.69685,0.292211
34,4.72069,0.289652
34,4.74453,0.297372
34,4.76837,0.293494
34,4.79221,0.291108
34,4.81606,0.286149
34,4.8399,0.291678
34,4.86374,0.290058
34,4.88758,0.286446
34,4.91142,0.285803
34,4.93526,0.286735
34,4.95911,0.289836
34,4.98295,0.282916
34,5.00679,0.28371
34,5.03063,0.286322
34,5.05447,0.283951
34,5.07832,0.290697
34,5.10216,0.285171
34,5.126,0.282627
34,5.14984,0.283752
34,5.17368,0.283585
34,5.19753,0.282364
34,5.22137,0.279355
34,5.24521,0.283975
34,5.26905,0.276622
34,5.29289,0.279664
34,5.31673,0.281276
34,5.34058,0.280182
34,5.36442,0.283195
34,5.38826,0.28262
34,5.4121,0.286643
34,5.43594,0.279838
34,5.45979,0.274515
34,5.48363,0.280703
34,5.50747,0.286358
34,5.53131,0.276133
34,5.55515,0.282579
34,5.57899,0.285841
34,5.60284,0.273552
34,5.62668,0.273587
34,5.65052,0.278428
34,5.67436,0.278198
34,5.6982,0.271728
34,5.72205,0.276452
34,5.74589,0.268734
34,5.76973,0.27624
34,5.79357,0.274195
34,5.81741,0.276296
34,5.84126,0.277987
34,5.8651,0.272616
34,5.88894,0.280011
34,5.91278,0.280695
34,5.93662,0.26819
34,5.96046,0.275154
34,5.98431,0.27321
34,6.00815,0.271906
34,6.03199,0.273617
34,6.05583,0.273409
34,6.07967,0.273554
34,6.10352,0.27171
34,6.12736,0.268855
34,6.1512,0.268196
34,6.17504,0.271584
34,6.19888,0.269457
34,6.22272,0.266739
34,6.24657,0.268062
34,6.27041,0.269949
34,6.29425,0.268777
34,6.31809,0.268321
34,6.34193,0.268943
34,6.36578,0.273241
34,6.38962,0.263907
34,6.41346,0.269347
34,6.4373,0.263962
34,6.46114,0.267337
34,6.48499,0.263694
34,6.50883,0.265908
34,6.53267,0.266303
34,6.55651,0.268435
34,6.58035,0.26223
34,6.60419,0.261171
34,6.62804,0.259672
34,6.65188,0.266139
34,6.67572,0.261611
34,6.69956,0.265262
34,6.7234,0.259807
34,6.74725,0.257222
34,6.77109,0.262128
34,6.79493,0.258223
34,6.81877,0.262306
34,6.84261,0.261875
34,6.86646,0.259283
34,6.8903,0.261769
34,6.91414,0.256505
34,6.93798,0.268541
34,6.96182,0.259145
34,6.98566,0.256676
34,7.00951,0.259708
34,7.03335,0.259239
34,7.05719,0.257039
34,7.08103,0.259514
34,7.10487,0.256679
34,7.12872,0.260221
34,7.15256,0.256948
34,7.1764,0.25755
34,7.20024,0.257754
34,7.22408,0.254955
34,7.24792,0.261282
34,7.27177,0.251799
34,7.29561,0.253466
34,7.31945,0.252708
34,7.34329,0.257434
34,7.36713,0.256643
34,7.39098,0.251488
34,7.41482,0.250783
34,7.43866,0.251043
34,7.4625,0.254731
34,7.48634,0.252692
34,7.51019,0.248113
34,7.53403,0.247085
34,7.55787,0.247369
34,7.58171,0.251748
34,7.60555,0.247007
34,7.62939,0.252494
34,7.65324,0.248189
34,7.67708,0.256631
34,7.70092,0.249487
34,7.72476,0.24293
34,7.7486,0.250548
34,7.77245,0.237672
34,7.79629,0.251514
34,7.82013,0.253247
34,7.84397,0.24808
34,7.86781,0.243436
34,7.89165,0.242814
34,7.9155,0.244932
34,7.93934,0.243703
34,7.96318,0.246085
34,7.98702,0.247272
34,8.01086,0.241338
34,8.03471,0.239793
34,8.05855,0.243979
34,8.08239,0.247058
34,8.10623,0.244694
34,8.13007,0.244166
34,8.15392,0.241637
34,8.17776,0.237128
34,8.2016,0.250182
34,8.22544,0.25443
34,8.24928,0.249198
34,8.27312,0.242125
34,8.29697,0.236445
34,8.32081,0.247576
34,8.34465,0.240072
34,8.36849,0.240362
34,8.39233,0.23944
34,8.41618,0.240081
34,8.44002,0.237761
34,8.46386,0.234196
34,8.4877,0.240812
34,8.51154,0.236698
34,8.53539,0.23557
34,8.55923,0.233715
34,8.58307,0.244609
34,8.60691,0.234878
34,8.63075,0.240363
34,8.65459,0.239222
34,8.67844,0.230708
34,8.70228,0.231782
34,8.72612,0.227939
34,8.74996,0.230038
34,8.7738,0.230096
34,8.79765,0.230808
34,8.82149,0.229985
34,8.84533,0.229427
34,8.86917,0.232853
34,8.89301,0.236309
34,8.91685,0.235328
34,8.9407,0.227778
34,8.96454,0.232618
34,8.98838,0.231284
34,9.01222,0.230358
34,9.03606,0.233447
34,9.05991,0.225568
34,9.08375,0.227378
34,9.10759,0.227583
34,9.13143,0.226216
34,9.15527,0.229096
34,9.17912,0.227054
34,9.20296,0.224155
34,9.2268,0.224622
34,9.25064,0.224919
34,9.27448,0.230101
34,9.29832,0.221571
34,9.32217,0.224375
34,9.34601,0.225969
34,9.36985,0.222118
34,9.39369,0.222014
34,9.41753,0.225038
34,9.44138,0.225551
34,9.46522,0.230408
34,9.48906,0.221302
34,9.5129,0.218146
34,9.53674,0.214037
34,9.56059,0.220771
34,9.58443,0.218451
34,9.60827,0.223669
34,9.63211,0.212661
34,9.65595,0.220732
34,9.67979,0.220938
34,9.70364,0.219537
34,9.72748,0.219215
34,9.75132,0.227394
34,9.77516,0.21436
34,9.799,0.219153
34,9.82285,0.221506
34,9.84669,0.213595
34,9.87053,0.214648
34,9.89437,0.213495
34,9.91821,0.210172
34,9.94205,0.226161
34,9.9659,0.228878
34,9.98974,0.223298
34,10.0136,0.218901
34,10.0374,0.218712
34,10.0613,0.21407
34,10.0851,0.214677
34,10.1089,0.208897
34,10.1328,0.212834
34,10.1566,0.206442
34,10.1805,0.213724
34,10.2043,0.213381
34,10.2282,0.210459
34,10.252,0.211907
34,10.2758,0.206901
34,10.2997,0.212955
34,10.3235,0.21398
34,10.3474,0.213714
34,10.3712,0.21198
34,10.3951,0.210799
34,10.4189,0.212247
34,10.4427,0.20763
34,10.4666,0.212465
34,10.4904,0.20841
34,10.5143,0.211909
34,10.5381,0.214727
34,10.5619,0.205689
34,10.5858,0.208164
34,10.6096,0.201745
34,10.6335,0.207715
34,10.6573,0.203192
34,10.6812,0.201236
34,10.705,0.198176
34,10.7288,0.204549
34,10.7527,0.199465
34,10.7765,0.200218
34,10.8004,0.207499
34,10.8242,0.200384
34,10.848,0.196759
34,10.8719,0.202713
34,10.8957,0.19854
34,10.9196,0.202225
34,10.9434,0.200634
34,10.9673,0.193614
34,10.9911,0.200625
34,11.0149,0.196891
34,11.0388,0.194436
34,11.0626,0.19796
34,11.0865,0.200493
34,11.1103,0.19897
34,11.1341,0.199382
34,11.158,0.19776
34,11.1818,0.191052
34,11.2057,0.19205
34,11.2295,0.191627
34,11.2534,0.200416
34,11.2772,0.192674
34,11.301,0.198679
34,11.3249,0.198512
34,11.3487,0.19108
34,11.3726,0.192749
34,11.3964,0.197957
34,11.4202,0.190755
34,11.4441,0.195909
34,11.4679,0.195313
34,11.4918,0.188075
34,11.5156,0.190582
34,11.5395,0.184865
34,11.5633,0.191887
34,11.5871,0.191309
34,11.611,0.189573
34,11.6348,0.19836
34,11.6587,0.195628
34,11.6825,0.185536
34,11.7064,0.187964
34,11.7302,0.192033
34,11.754,0.188572
34,11.7779,0.183385
34,11.8017,0.186465
34,11.8256,0.185601
34,11.8494,0.187365
34,11.8732,0.183603
34,11.8971,0.186958
34,11.9209,0.182571
34,11.9448,0.187618
34,11.9686,0.18322
34,11.9925,0.184396
34,12.0163,0.181883
34,12.0401,0.182108
34,12.064,0.188823
34,12.0878,0.178517
34,12.1117,0.186384
34,12.1355,0.183382
34,12.1593,0.179249
34,12.1832,0.179788
34,12.207,0.179292
34,12.2309,0.177838
34,12.2547,0.181024
34,12.2786,0.18023
34,12.3024,0.177622
34,12.3262,0.176261
34,12.3501,0.177122
34,12.3739,0.177555
34,12.3978,0.173351
34,12.4216,0.177614
34,12.4454,0.175584
34,12.4693,0.178362
34,12.4931,0.173009
34,12.517,0.173089
34,12.5408,0.175029
34,12.5647,0.168551
34,12.5885,0.173699
34,12.6123,0.169501
34,12.6362,0.177389
34,12.66,0.174224
34,12.6839,0.176807
34,12.7077,0.174288
34,12.7316,0.167766
34,12.7554,0.17449
34,12.7792,0.169669
34,12.8031,0.171375
34,12.8269,0.172909
34,12.8508,0.171069
34,12.8746,0.175724
34,12.8984,0.167902
34,12.9223,0.17468
34,12.9461,0.168584
34,12.97,0.172099
34,12.9938,0.171727
34,13.0177,0.16901
34,13.0415,0.166162
34,13.0653,0.169549
34,13.0892,0.162802
34,13.113,0.162749
34,13.1369,0.161192
34,13.1607,0.164485
34,13.1845,0.162018
34,13.2084,0.161635
34,13.2322,0.158672
34,13.2561,0.160676
34,13.2799,0.162774
34,13.3038,0.169213
34,13.3276,0.159927
34,13.3514,0.159013
34,13.3753,0.160773
34,13.3991,0.163313
34,13.423,0.159568
34,13.4468,0.163949
34,13.4706,0.154544
34,13.4945,0.159665
34,13.5183,0.162366
34,13.5422,0.160498
34,13.566,0.162409
34,13.5899,0.156729
34,13.6137,0.150399
34,13.6375,0.158046
34,13.6614,0.151415
34,13.6852,0.147352
34,13.7091,0.155609
34,13.7329,0.15317
34,13.7568,0.157924
34,13.7806,0.155896
34,13.8044,0.158079
34,13.8283,0.15657
34,13.8521,0.15427
34,13.876,0.151586
34,13.8998,0.154376
34,13.9236,0.157736
34,13.9475,0.152142
34,13.9713,0.156685
34,13.9952,0.153164
34,14.019,0.150108
34,14.0429,0.153096
34,14.0667,0.153087
34,14.0905,0.158809
34,14.1144,0.149026
34,14.1382,0.151523
34,14.1621,0.150127
34,14.1859,0.150528
34,14.2097,0.146467
34,14.2336,0.155037
34,14.2574,0.150874
34,14.2813,0.147587
34,14.3051,0.148236
34,14.329,0.148463
34,14.3528,0.138542
34,14.3766,0.14629
34,14.4005,0.142905
34,14.4243,0.146153
34,14.4482,0.143876
34,14.472,0.141028
34,14.4958,0.145579
34,14.5197,0.146947
34,14.5435,0.139591
34,14.5674,0.148678
34,14.5912,0.142712
34,14.6151,0.142188
34,14.6389,0.138818
34,14.6627,0.138338
34,14.6866,0.135474
34,14.7104,0.135068
34,14.7343,0.139657
34,14.7581,0.138933
34,14.782,0.138628
34,14.8058,0.13983
34,14.8296,0.136251
34,14.8535,0.135147
34,14.8773,0.13674
34,14.9012,0.135637
34,14.925,0.136892
34,14.9488,0.141326
34,14.9727,0.137491
34,14.9965,0.133128
33,-14.9965,0.188103
33,-14.9727,0.19392
33,-14.9488,0.196738
33,-14.925,0.192915
33,-14.9012,0.187049
33,-14.8773,0.191671
33,-14.8535,0.179003
33,-14.8296,0.19186
33,-14.8058,0.191086
33,-14.782,0.191399
33,-14.7581,0.193093
33,-14.7343,0.198389
33,-14.7104,0.203633
33,-14.6866,0.190534
33,-14.6627,0.191544
33,-14.6389,0.187782
33,-14.6151,0.197277
33,-14.5912,0.197471
33,-14.5674,0.193446
33,-14.5435,0.197893
33,-14.5197,0.195902
33,-14.4958,0.200167
33,-14.472,0.197723
33,-14.4482,0.193574
33,-14.4243,0.197866
33,-14.4005,0.20067
33,-14.3766,0.199304
33,-14.3528,0.205932
33,-14.329,0.210645
33,-14.3051,0.202046
33,-14.2813,0.206724
33,-14.2574,0.196802
33,-14.2336,0.202039
33,-14.2097,0.199073
33,-14.1859,0.197882
33,-14.1621,0.203897
33,-14.1382,0.200658
33,-14.1144,0.189059
33,-14.0905,0.198372
33,-14.0667,0.19378
33,-14.0429,0.203296
33,-14.019,0.206748
33,-13.9952,0.20941
33,-13.9713,0.21005
33,-13.9475,0.202692
33,-13.9236,0.204107
33,-13.8998,0.209245
33,-13.876,0.205382
33,-13.8521,0.208237
33,-13.8283,0.198472
33,-13.8044,0.20019
33,-13.7806,0.203445
33,-13.7568,0.203979
33,-13.7329,0.204365
33,-13.7091,0.21473
33,-13.6852,0.208505
33,-13.6614,0.207739
33,-13.6375,0.213886
33,-13.6137,0.209805
33,-13.5899,0.214943
33,-13.566,0.209478
33,-13.5422,0.21976
33,-13.5183,0.214882
33,-13.4945,0.218751
33,-13.4706,0.21441
33,-13.4468,0.206803
33,-13.423,0.204878
33,-13.3991,0.215964
33,-13.3753,0.224036
33,-13.3514,0.211863
33,-13.3276,0.213794
33,-13.3038,0.208464
33,-13.2799,0.211372
33,-13.2561,0.215032
33,-13.2322,0.215056
33,-13.2084,0.21082
33,-13.1845,0.216538
33,-13.1607,0.218319
33,-13.1369,0.21515
33,-13.113,0.215684
33,-13.0892,0.215874
33,-13.0653,0.215655
33,-13.0415,0.213893
33,-13.0177,0.210258
33,-12.9938,0.215856
33,-12.97,0.216885
33,-12.9461,0.214021
33,-12.9223,0.222076
33,-12.8984,0.210275
33,-12.8746,0.21893
33,-12.8508,0.21837
33,-12.8269,0.225464
33,-12.8031,0.212623
33,-12.7792,0.224144
33,-12.7554,0.220546
33,-12.7316,0.220545
33,-12.7077,0.221007
33,-12.6839,0.227437
33,-12.66,0.208146
33,-12.6362,0.224184
33,-12.6123,0.219351
33,-12.5885,0.215127
33,-12.5647,0.222013
33,-12.5408,0.226624
33,-12.517,0.216411
33,-12.4931,0.222559
33,-12.4693,0.222637
33,-12.4454,0.228115
33,-12.4216,0.215203
33,-12.3978,0.226564
33,-12.3739,0.227425
33,-12.3501,0.231526
33,-12.3262,0.232634
33,-12.3024,0.228592
33,-12.2786,0.231813
33,-12.2547,0.233348
33,-12.2309,0.232444
33,-12.207,0.233905
33,-12.1832,0.23452
33,-12.1593,0.225987
33,-12.1355,0.227933
33,-12.1117,0.236632
33,-12.0878,0.230249
33,-12.064,0.224571
33,-12.0401,0.232953
33,-12.0163,0.23463
33,-11.9925,0.230858
33,-11.9686,0.235243
33,-11.9448,0.229352
33,-11.9209,0.236695
33,-11.8971,0.239718
33,-11.8732,0.237527
33,-11.8494,0.227303
33,-11.8256,0.236516
33,-11.8017,0.230135
33,-11.7779,0.235139
33,-11.754,0.240777
33,-11.7302,0.238659
33,-11.7064,0.234468
33,-11.6825,0.24038
33,-11.6587,0.241036
33,-11.6348,0.244796
33,-11.611,0.247428
33,-11.5871,0.237933
33,-11.5633,0.240081
33,-11.5395,0.234438
33,-11.5156,0.244102
33,-11.4918,0.237795
33,-11.4679,0.240614
33,-11.4441,0.239132
33,-11.4202,0.237665
33,-11.3964,0.243322
33,-11.3726,0.240691
33,-11.3487,0.243225
33,-11.3249,0.250252
33,-11.301,0.244561
33,-11.2772,0.242999
33,-11.2534,0.238813
33,-11.2295,0.252257
33,-11.2057,0.245055
33,-11.1818,0.246749
33,-11.158,0.243367
33,-11.1341,0.24806
33,-11.1103,0.249202
33,-11.0865,0.250053
33,-11.0626,0.244246
33,-11.0388,0.253329
33,-11.0149,0.247005
33,-10.9911,0.253209
33,-10.9673,0.250608
33,-10.9434,0.248603
33,-10.9196,0.253129
33,-10.8957,0.251419
33,-10.8719,0.252499
33,-10.848,0.249779
33,-10.8242,0.253358
33,-10.8004,0.25019
33,-10.7765,0.251551
33,-10.7527,0.245937
33,-10.7288,0.246556
33,-10.705,0.25664
33,-10.6812,0.253917
33,-10.6573,0.258873
33,-10.6335,0.263051
33,-10.6096,0.260592
33,-10.5858,0.250834
33,-10.5619,0.259712
33,-10.5381,0.25723
33,-10.5143,0.255423
33,-10.4904,0.255915
33,-10.4666,0.249901
33,-10.4427,0.253174
33,-10.4189,0.262115
33,-10.3951,0.258632
33,-10.3712,0.257744
33,-10.3474,0.258856
33,-10.3235,0.27015
33,-10.2997,0.271685
33,-10.2758,0.264473
33,-10.252,0.257531
33,-10.2282,0.256378
33,-10.2043,0.264845
33,-10.1805,0.266022
33,-10.1566,0.270773
33,-10.1328,0.261329
33,-10.1089,0.270963
33,-10.0851,0.260988
33,-10.0613,0.260278
33,-10.0374,0.263488
33,-10.0136,0.265298
33,-9.98974,0.259739
33,-9.9659,0.265932
33,-9.94205,0.263153
33,-9.91821,0.267653
33,-9.89437,0.274886
33,-9.87053,0.264738
33,-9.84669,0.271735
33,-9.82285,0.270372
33,-9.799,0.271643
33,-9.77516,0.272915
33,-9.75132,0.26885
33,-9.72748,0.272406
33,-9.70364,0.271559
33,-9.67979,0.28121
33,-9.65595,0.27024
33,-9.63211,0.272023
33,-9.60827,0.277096
33,-9.58443,0.281236
33,-9.56059,0.287137
33,-9.53674,0.275684
33,-9.5129,0.278535
33,-9.48906,0.280832
33,-9.46522,0.278394
33,-9.44138,0.274702
33,-9.41753,0.277467
33,-9.39369,0.268938
33,-9.36985,0.279611
33,-9.34601,0.278837
33,-9.32217,0.283261
33,-9.29832,0.28725
33,-9.27448,0.284608
33,-9.25064,0.282686
33,-9.2268,0.278775
33,-9.20296,0.28812
33,-9.17912,0.285702
33,-9.15527,0.285549
33,-9.13143,0.285833
33,-9.10759,0.282766
33,-9.08375,0.289045
33,-9.05991,0.293076
33,-9.03606,0.284597
33,-9.01222,0.285429
33,-8.98838,0.281093
33,-8.96454,0.295655
33,-8.9407,0.288524
33,-8.91685,0.297382
33,-8.89301,0.291356
33,-8.86917,0.292604
33,-8.84533,0.297345
33,-8.82149,0.302422
33,-8.79765,0.305213
33,-8.7738,0.297742
33,-8.74996,0.290151
33,-8.72612,0.298485
33,-8.70228,0.297556
33,-8.67844,0.300795
33,-8.65459,0.303113
33,-8.63075,0.297235
33,-8.60691,0.31101
33,-8.58307,0.310223
33,-8.55923,0.29752
33,-8.53539,0.305706
33,-8.51154,0.311164
33,-8.4877,0.310378
33,-8.46386,0.313566
33,-8.44002,0.31361
33,-8.41618,0.344428
33,-8.39233,0.33744
33,-8.36849,0.326386
33,-8.34465,0.325271
33,-8.32081,0.347898
33,-8.29697,0.354439
33,-8.27312,0.347007
33,-8.24928,0.330291
33,-8.22544,0.33935
33,-8.2016,0.355924
33,-8.17776,0.349555
33,-8.15392,0.337432
33,-8.13007,0.340149
33,-8.10623,0.354265
33,-8.08239,0.345317
33,-8.05855,0.345179
33,-8.03471,0.359763
33,-8.01086,0.395974
33,-7.98702,0.381621
33,-7.96318,0.369863
33,-7.93934,0.392556
33,-7.9155,0.461508
33,-7.89165,0.440217
33,-7.86781,0.441987
33,-7.84397,0.408496
33,-7.82013,0.48613
33,-7.79629,0.493781
33,-7.77245,0.497852
33,-7.7486,0.444303
33,-7.72476,0.470097
33,-7.70092,0.487375
33,-7.67708,0.487276
33,-7.65324,0.447855
33,-7.62939,0.461083
33,-7.60555,0.494857
33,-7.58171,0.483753
33,-7.55787,0.477965
33,-7.53403,0.522532
33,-7.51019,0.621128
33,-7.48634,0.592025
33,-7.4625,0.559769
33,-7.43866,0.596133
33,-7.41482,0.845164
33,-7.39098,0.767648
33,-7.36713,0.709613
33,-7.34329,0.649517
33,-7.31945,0.830638
33,-7.29561,0.847219
33,-7.27177,0.829244
33,-7.24792,0.676017
33,-7.22408,0.722236
33,-7.20024,0.754962
33,-7.1764,0.771307
33,-7.15256,0.685961
33,-7.12872,0.690189
33,-7.10487,0.70401
33,-7.08103,0.672308
33,-7.05719,0.656932
33,-7.03335,0.716611
33,-7.00951,0.855772
33,-6.98566,0.777207
33,-6.96182,0.691544
33,-6.93798,0.717177
33,-6.91414,0.909988
33,-6.8903,0.90817
33,-6.86646,0.838118
33,-6.84261,0.734817
33,-6.81877,0.850687
33,-6.79493,0.855489
33,-6.77109,0.838312
33,-6.74725,0.726568
33,-6.7234,0.752558
33,-6.69956,0.754153
33,-6.67572,0.740881
33,-6.65188,0.658942
33,-6.62804,0.688638
33,-6.60419,0.703545
33,-6.58035,0.665921
33,-6.55651,0.64229
33,-6.53267,0.686571
33,-6.50883,0.734247
33,-6.48499,0.719109
33,-6.46114,0.66689
33,-6.4373,0.677038
33,-6.41346,0.793828
33,-6.38962,0.756868
33,-6.36578,0.690318
33,-6.34193,0.65524
33,-6.31809,0.740897
33,-6.29425,0.764982
33,-6.27041,0.733256
33,-6.24657,0.621142
33,-6.22272,0.633179
33,-6.19888,0.644396
33,-6.17504,0.644675
33,-6.1512,0.600629
33,-6.12736,0.619615
33,-6.10352,0.61653
33,-6.07967,0.594305
33,-6.05583,0.58905
33,-6.03199,0.626293
33,-6.00815,0.671592
33,-5.98431,0.626629
33,-5.96046,0.58526
33,-5.93662,0.625062
33,-5.91278,0.72303
33,-5.88894,0.699696
33,-5.8651,0.646695
33,-5.84126,0.600519
33,-5.81741,0.667486
33,-5.79357,0.662916
33,-5.76973,0.648305
33,-5.74589,0.578462
33,-5.72205,0.609491
33,-5.6982,0.596952
33,-5.67436,0.589567
33,-5.65052,0.552623
33,-5.62668,0.564043
33,-5.60284,0.56882
33,-5.57899,0.558061
33,-5.55515,0.549209
33,-5.53131,0.591714
33,-5.50747,0.633426
33,-5.48363,0.616548
33,-5.45979,0.569841
33,-5.43594,0.612716
33,-5.4121,0.712689
33,-5.38826,0.669797
33,-5.36442,0.618355
33,-5.34058,0.588243
33,-5.31673,0.677721
33,-5.29289,0.684107
33,-5.26905,0.655004
33,-5.24521,0.581527
33,-5.22137,0.590805
33,-5.19753,0.604023
33,-5.17368,0.605046
33,-5.14984,0.579565
33,-5.126,0.600982
33,-5.10216,0.599656
33,-5.07832,0.58377
33,-5.05447,0.580735
33,-5.03063,0.653565
33,-5.00679,0.731551
33,-4.98295,0.680298
33,-4.95911,0.622136
33,-4.93526,0.690722
33,-4.91142,0.831463
33,-4.88758,0.810469
33,-4.86374,0.759442
33,-4.8399,0.711582
33,-4.81606,0.812117
33,-4.79221,0.801536
33,-4.76837,0.797921
33,-4.74453,0.703294
33,-4.72069,0.748407
33,-4.69685,0.748824
33,-4.673,0.751382
33,-4.64916,0.723813
33,-4.62532,0.766908
33,-4.60148,0.805077
33,-4.57764,0.77877
33,-4.55379,0.7721
33,-4.52995,0.895204
33,-4.50611,1.03409
33,-4.48227,1.00164
33,-4.45843,0.945051
33,-4.43459,1.0718
33,-4.41074,1.41572
33,-4.3869,1.29099
33,-4.36306,1.17241
33,-4.33922,1.15251
33,-4.31538,1.41538
33,-4.29153,1.43888
33,-4.26769,1.43342
33,-4.24385,1.21235
33,-4.22001,1.31787
33,-4.19617,1.37888
33,-4.17233,1.47745
33,-4.14848,1.44495
33,-4.12464,1.62979
33,-4.1008,1.67202
33,-4.07696,1.66345
33,-4.05312,1.75038
33,-4.02927,2.64092
33,-4.00543,3.33832
33,-3.98159,3.10864
33,-3.95775,2.86041
33,-3.93391,3.7597
33,-3.91006,5.26626
33,-3.88622,5.06955
33,-3.86238,5.04302
33,-3.83854,5.71845
33,-3.8147,7.92616
33,-3.79086,8.02342
33,-3.76701,8.9573
33,-3.74317,13.2901
33,-3.71933,20.8003
33,-3.69549,19.3798
33,-3.67165,18.5787
33,-3.6478,17.5561
33,-3.62396,20.0846
33,-3.60012,21.1608
33,-3.57628,21.0836
33,-3.55244,18.2411
33,-3.52859,15.8832
33,-3.50475,16.6702
33,-3.48091,16.4323
33,-3.45707,17.0776
33,-3.43323,15.8065
33,-3.40939,16.2274
33,-3.38554,14.713
33,-3.3617,14.6918
33,-3.33786,16.1815
33,-3.31402,17.0915
33,-3.29018,17.5833
33,-3.26633,15.6687
33,-3.24249,13.121
33,-3.21865,12.8802
33,-3.19481,15.1134
33,-3.17097,14.0817
33,-3.14713,13.5833
33,-3.12328,12.7033
33,-3.09944,14.0435
33,-3.0756,14.8324
33,-3.05176,14.688
33,-3.02792,14.8858
33,-3.00407,14.339
33,-2.98023,12.9303
33,-2.95639,10.3883
33,-2.93255,9.67781
33,-2.90871,6.55697
33,-2.88486,5.94064
33,-2.86102,8.65942
33,-2.83718,13.7507
33,-2.81334,12.4115
33,-2.7895,12.6899
33,-2.76566,12.2316
33,-2.74181,12.8436
33,-2.71797,10.304
33,-2.69413,8.81625
33,-2.67029,7.51266
33,-2.64645,8.42806
33,-2.6226,11.3678
33,-2.59876,13.1034
33,-2.57492,11.992
33,-2.55108,9.30708
33,-2.52724,7.85204
33,-2.5034,8.89516
33,-2.47955,9.84097
33,-2.45571,8.35574
33,-2.43187,9.42204
33,-2.40803,10.2912
33,-2.38419,9.39436
33,-2.36034,10.9764
33,-2.3365,9.73245
33,-2.31266,7.61394
33,-2.28882,8.09095
33,-2.26498,7.59254
33,-2.24113,11.7706
33,-2.21729,12.4583
33,-2.19345,12.4821
33,-2.16961,9.42224
33,-2.14577,5.22464
33,-2.12193,3.0497
33,-2.09808,2.72914
33,-2.07424,2.10863
33,-2.0504,1.81838
33,-2.02656,1.69695
33,-2.00272,1.62508
33,-1.97887,1.39041
33,-1.95503,1.17024
33,-1.93119,1.27652
33,-1.90735,1.31816
33,-1.88351,1.22494
33,-1.85966,0.967339
33,-1.83582,0.889422
33,-1.81198,0.941984
33,-1.78814,0.903754
33,-1.7643,0.856778
33,-1.74046,0.782695
33,-1.71661,0.804671
33,-1.69277,0.786113
33,-1.66893,0.762815
33,-1.64509,0.730988
33,-1.62125,0.728979
33,-1.5974,0.716722
33,-1.57356,0.680205
33,-1.54972,0.706815
33,-1.52588,0.748854
33,-1.50204,0.772456
33,-1.4782,0.73213
33,-1.45435,0.67855
33,-1.43051,0.720015
33,-1.40667,0.798843
33,-1.38283,0.746137
33,-1.35899,0.675672
33,-1.33514,0.676777
33,-1.3113,0.748675
33,-1.28746,0.742809
33,-1.26362,0.68496
33,-1.23978,0.624627
33,-1.21593,0.643943
33,-1.19209,0.640778
33,-1.16825,0.660167
33,-1.14441,0.62436
33,-1.12057,0.633819
33,-1.09673,0.637798
33,-1.07288,0.619705
33,-1.04904,0.621008
33,-1.0252,0.698281
33,-1.00136,0.705086
33,-0.977516,0.670766
33,-0.953674,0.659651
33,-0.929832,0.724479
33,-0.905991,0.820268
33,-0.882149,0.805267
33,-0.858307,0.738025
33,-0.834465,0.749483
33,-0.810623,0.819294
33,-0.786781,0.813439
33,-0.762939,0.816685
33,-0.739098,0.823801
33,-0.715256,0.809299
33,-0.691414,0.805254
33,-0.667572,0.969529
33,-0.64373,0.991591
33,-0.619888,1.22358
33,-0.596046,1.48538
33,-0.572205,1.28954
33,-0.548363,4.78641
33,-0.524521,1.75274
33,-0.500679,1.24862
33,-0.476837,1.55947
33,-0.452995,1.50188
33,-0.429153,1.7436
33,-0.405312,1.97061
33,-0.38147,2.8496
33,-0.357628,3.28559
33,-0.333786,5.35732
33,-0.309944,4.91044
33,-0.286102,3.02334
33,-0.26226,2.36205
33,-0.238419,2.32584
33,-0.214577,3.67226
33,-0.190735,2.68494
33,-0.166893,1.96864
33,-0.143051,3.27293
33,-0.119209,4.45782
33,-0.0953674,3.81785
33,-0.0715256,3.0689
33,-0.0476837,3.59215
33,-0.0238419,3.65157
33,0,3.86906
33,0.0238419,3.53697
33,0.0476837,3.28263
33,0.0715256,3.3563
33,0.0953674,3.09898
33,0.119209,2.03384
33,0.143051,2.35751
33,0.166893,2.25533
33,0.190735,1.96739
33,0.214577,3.57425
33,0.238419,2.49755
33,0.26226,1.63987
33,0.286102,1.77775
33,0.309944,1.79724
33,0.333786,1.89953
33,0.357628,1.26533
33,0.38147,1.15962
33,0.405312,0.984824
33,0.429153,0.997591
33,0.452995,0.996022
33,0.476837,0.9481
33,0.500679,0.894685
33,0.524521,0.866451
33,0.548363,0.802594
33,0.572205,0.825795
33,0.596046,0.849399
33,0.619888,0.818382
33,0.64373,0.749285
33,0.667572,0.769668
33,0.691414,0.807191
33,0.715256,0.786378
33,0.739098,0.722615
33,0.762939,0.681465
33,0.786781,0.685369
33,0.810623,0.687408
33,0.834465,0.665016
33,0.858307,0.660307
33,0.882149,0.649572
33,0.905991,0.631915
33,0.929832,0.626661
33,0.953674,0.633651
33,0.977516,0.623619
33,1.00136,0.61274
33,1.0252,0.589346
33,1.04904,0.580194
33,1.07288,0.600306
33,1.09673,0.618217
33,1.12057,0.605013
33,1.14441,0.565115
33,1.16825,0.56724
33,1.19209,0.573719
33,1.21593,0.572006
33,1.23978,0.548391
33,1.26362,0.53426
33,1.28746,0.541539
33,1.3113,0.535969
33,1.33514,0.524032
33,1.35899,0.521104
33,1.38283,0.503762
33,1.40667,0.508129
33,1.43051,0.502802
33,1.45435,0.50783
33,1.4782,0.515071
33,1.50204,0.516172
33,1.52588,0.501003
33,1.54972,0.489815
33,1.57356,0.501565
33,1.5974,0.502733
33,1.62125,0.498628
33,1.64509,0.478731
33,1.66893,0.47219
33,1.69277,0.481812
33,1.71661,0.476126
33,1.74046,0.454235
33,1.7643,0.454159
33,1.78814,0.453315
33,1.81198,0.45506
33,1.83582,0.451807
33,1.85966,0.449732
33,1.88351,0.459584
33,1.90735,0.448232
33,1.93119,0.456316
33,1.95503,0.451341
33,1.97887,0.440971
33,2.00272,0.445608
33,2.02656,0.438977
33,2.0504,0.445145
33,2.07424,0.441983
33,2.09808,0.442377
33,2.12193,0.437678
33,2.14577,0.440286
33,2.16961,0.43413
33,2.19345,0.446697
33,2.21729,0.439275
33,2.24113,0.430892
33,2.26498,0.440715
33,2.28882,0.442085
33,2.31266,0.429538
33,2.3365,0.430342
33,2.36034,0.4348
33,2.38419,0.430761
33,2.40803,0.424049
33,2.43187,0.430177
33,2.45571,0.434153
33,2.47955,0.435332
33,2.5034,0.437574
33,2.52724,0.424504
33,2.55108,0.428181
33,2.57492,0.432923
33,2.59876,0.430601
33,2.6226,0.42681
33,2.64645,0.425272
33,2.67029,0.428182
33,2.69413,0.43539
33,2.71797,0.432324
33,2.74181,0.437014
33,2.76566,0.429069
33,2.7895,0.422695
33,2.81334,0.422662
33,2.83718,0.434154
33,2.86102,0.432161
33,2.88486,0.431578
33,2.90871,0.426441
33,2.93255,0.429496
33,2.95639,0.430129
33,2.98023,0.432846
33,3.00407,0.4301
33,3.02792,0.426602
33,3.05176,0.426567
33,3.0756,0.430971
33,3.09944,0.434329
33,3.12328,0.433277
33,3.14713,0.425099
33,3.17097,0.429421
33,3.19481,0.433024
33,3.21865,0.427344
33,3.24249,0.427611
33,3.26633,0.427885
33,3.29018,0.434423
33,3.31402,0.43678
33,3.33786,0.428273
33,3.3617,0.429938
33,3.38554,0.440673
33,3.40939,0.432284
33,3.43323,0.434509
33,3.45707,0.42831
33,3.48091,0.438573
33,3.50475,0.432764
33,3.52859,0.435444
33,3.55244,0.429792
33,3.57628,0.424662
33,3.60012,0.439605
33,3.62396,0.429954
33,3.6478,0.4267
33,3.67165,0.425759
33,3.69549,0.431325
33,3.71933,0.433865
33,3.74317,0.433731
33,3.76701,0.429782
33,3.79086,0.43875
33,3.8147,0.435065
33,3.83854,0.426382
33,3.86238,0.428137
33,3.88622,0.433395
33,3.91006,0.430128
33,3.93391,0.430355
33,3.95775,0.430848
33,3.98159,0.430901
33,4.00543,0.428039
33,4.02927,0.428869
33,4.05312,0.43519
33,4.07696,0.424651
33,4.1008,0.428935
33,4.12464,0.435047
33,4.14848,0.426319
33,4.17233,0.433558
33,4.19617,0.431608
33,4.22001,0.425848
33,4.24385,0.431511
33,4.26769,0.427355
33,4.29153,0.425041
33,4.31538,0.431126
33,4.33922,0.434933
33,4.36306,0.429158
33,4.3869,0.427655
33,4.41074,0.425189
33,4.43459,0.430681
33,4.45843,0.428537
33,4.48227,0.432944
33,4.50611,0.434738
33,4.52995,0.428748
33,4.55379,0.426489
33,4.57764,0.425194
33,4.60148,0.432431
33,4.62532,0.426925
33,4.64916,0.426271
33,4.673,0.435501
33,4.69685,0.428811
33,4.72069,0.429478
33,4.74453,0.424241
33,4.76837,0.43376
33,4.79221,0.428982
33,4.81606,0.421068
33,4.8399,0.428073
33,4.86374,0.423242
33,4.88758,0.427275
33,4.91142,0.431748
33,4.93526,0.423122
33,4.95911,0.435291
33,4.98295,0.427029
33,5.00679,0.428448
33,5.03063,0.433898
33,5.05447,0.432151
33,5.07832,0.440351
33,5.10216,0.428181
33,5.126,0.435498
33,5.14984,0.432771
33,5.17368,0.427557
33,5.19753,0.430653
33,5.22137,0.430094
33,5.24521,0.434846
33,5.26905,0.430945
33,5.29289,0.430925
33,5.31673,0.433056
33,5.34058,0.43445
33,5.36442,0.431714
33,5.38826,0.431998
33,5.4121,0.432072
33,5.43594,0.429414
33,5.45979,0.436533
33,5.48363,0.430589
33,5.50747,0.43271
33,5.53131,0.43161
33,5.55515,0.433881
33,5.57899,0.43475
33,5.60284,0.42724
33,5.62668,0.433914
33,5.65052,0.437285
33,5.67436,0.4266
33,5.6982,0.437109
33,5.72205,0.43652
33,5.74589,0.442101
33,5.76973,0.435217
33,5.79357,0.438566
33,5.81741,0.441107
33,5.84126,0.434401
33,5.8651,0.4381
33,5.88894,0.433818
33,5.91278,0.435775
33,5.93662,0.430673
33,5.96046,0.433415
33,5.98431,0.435771
33,6.00815,0.431751
33,6.03199,0.440247
33,6.05583,0.440575
33,6.07967,0.433993
33,6.10352,0.440116
33,6.12736,0.441285
33,6.1512,0.43916
33,6.17504,0.436897
33,6.19888,0.438549
33,6.22272,0.437019
33,6.24657,0.440231
33,6.27041,0.450271
33,6.29425,0.448176
33,6.31809,0.44137
33,6.34193,0.443639
33,6.36578,0.440033
33,6.38962,0.451285
33,6.41346,0.444389
33,6.4373,0.456125
33,6.46114,0.444923
33,6.48499,0.442892
33,6.50883,0.447018
33,6.53267,0.449084
33,6.55651,0.439657
33,6.58035,0.447055
33,6.60419,0.444566
33,6.62804,0.435463
33,6.65188,0.448312
33,6.67572,0.443652
33,6.69956,0.445237
33,6.7234,0.447311
33,6.74725,0.445079
33,6.77109,0.448655
33,6.79493,0.44247
33,6.81877,0.445039
33,6.84261,0.450795
33,6.86646,0.445817
33,6.8903,0.451981
33,6.91414,0.454285
33,6.93798,0.445696
33,6.96182,0.445823
33,6.98566,0.443761
33,7.00951,0.447945
33,7.03335,0.435751
33,7.05719,0.446663
33,7.08103,0.444035
33,7.10487,0.441937
33,7.12872,0.450988
33,7.15256,0.445041
33,7.1764,0.446793
33,7.20024,0.447711
33,7.22408,0.448274
33,7.24792,0.453061
33,7.27177,0.449092
33,7.29561,0.446957
33,7.31945,0.447646
33,7.34329,0.446285
33,7.36713,0.447497
33,7.39098,0.448723
33,7.41482,0.449401
33,7.43866,0.445347
33,7.4625,0.45593
33,7.48634,0.449207
33,7.51019,0.452105
33,7.53403,0.448826
33,7.55787,0.452951
33,7.58171,0.449695
33,7.60555,0.455254
33,7.62939,0.453831
33,7.65324,0.459179
33,7.67708,0.456624
33,7.70092,0.452375
33,7.72476,0.455992
33,7.7486,0.454343
33,7.77245,0.448563
33,7.79629,0.457717
33,7.82013,0.452196
33,7.84397,0.456679
33,7.86781,0.444343
33,7.89165,0.45504
33,7.9155,0.454701
33,7.93934,0.450731
33,7.96318,0.455019
33,7.98702,0.452627
33,8.01086,0.449023
33,8.03471,0.453646
33,8.05855,0.456409
33,8.08239,0.455363
33,8.10623,0.449949
33,8.13007,0.465065
33,8.15392,0.456254
33,8.17776,0.458012
33,8.2016,0.460409
33,8.22544,0.451156
33,8.24928,0.458367
33,8.27312,0.454562
33,8.29697,0.458078
33,8.32081,0.457993
33,8.34465,0.457287
33,8.36849,0.455201
33,8.39233,0.462773
33,8.41618,0.457706
33,8.44002,0.46074
33,8.46386,0.461134
33,8.4877,0.459369
33,8.51154,0.459257
33,8.53539,0.45782
33,8.55923,0.449781
33,8.58307,0.45557
33,8.60691,0.467028
33,8.63075,0.460017
33,8.65459,0.462166
33,8.67844,0.45703
33,8.70228,0.469832
33,8.72612,0.48699
33,8.74996,0.487348
33,8.7738,0.489994
33,8.79765,0.467388
33,8.82149,0.462316
33,8.84533,0.46707
33,8.86917,0.461014
33,8.89301,0.463428
33,8.91685,0.463756
33,8.9407,0.45967
33,8.96454,0.464365
33,8.98838,0.469137
33,9.01222,0.469901
33,9.03606,0.452167
33,9.05991,0.459003
33,9.08375,0.464939
33,9.10759,0.461808
33,9.13143,0.469165
33,9.15527,0.460233
33,9.17912,0.458597
33,9.20296,0.464651
33,9.2268,0.46347
33,9.25064,0.473146
33,9.27448,0.466638
33,9.29832,0.463565
33,9.32217,0.464762
33,9.34601,0.464416
33,9.36985,0.463971
33,9.39369,0.461207
33,9.41753,0.464832
33,9.44138,0.464598
33,9.46522,0.467308
33,9.48906,0.462358
33,9.5129,0.471239
33,9.53674,0.466973
33,9.56059,0.470128
33,9.58443,0.467585
33,9.60827,0.45946
33,9.63211,0.461512
33,9.65595,0.463663
33,9.67979,0.466403
33,9.70364,0.470372
33,9.72748,0.460551
33,9.75132,0.474702
33,9.77516,0.47535
33,9.799,0.47068
33,9.82285,0.473204
33,9.84669,0.469449
33,9.87053,0.468041
33,9.89437,0.466179
33,9.91821,0.474671
33,9.94205,0.474288
33,9.9659,0.470773
33,9.98974,0.468761
33,10.0136,0.472584
33,10.0374,0.472448
33,10.0613,0.475231
33,10.0851,0.46782
33,10.1089,0.474268
33,10.1328,0.472166
33,10.1566,0.468021
33,10.1805,0.477208
33,10.2043,0.480037
33,10.2282,0.472336
33,10.252,0.472071
33,10.2758,0.469916
33,10.2997,0.468935
33,10.3235,0.471921
33,10.3474,0.480394
33,10.3712,0.475822
33,10.3951,0.474489
33,10.4189,0.477425
33,10.4427,0.475855
33,10.4666,0.479066
33,10.4904,0.477914
33,10.5143,0.477859
33,10.5381,0.473784
33,10.5619,0.476926
33,10.5858,0.478107
33,10.6096,0.476549
33,10.6335,0.474922
33,10.6573,0.473648
33,10.6812,0.475912
33,10.705,0.475813
33,10.7288,0.47377
33,10.7527,0.480121
33,10.7765,0.476903
33,10.8004,0.474003
33,10.8242,0.482329
33,10.848,0.481604
33,10.8719,0.477968
33,10.8957,0.478069
33,10.9196,0.473293
33,10.9434,0.481143
33,10.9673,0.472037
33,10.9911,0.474304
33,11.0149,0.478206
33,11.0388,0.482523
33,11.0626,0.480374
33,11.0865,0.480471
33,11.1103,0.481185
33,11.1341,0.479195
33,11.158,0.486658
33,11.1818,0.475747
33,11.2057,0.482332
33,11.2295,0.478341
33,11.2534,0.485625
33,11.2772,0.48544
33,11.301,0.481869
33,11.3249,0.482221
33,11.3487,0.479627
33,11.3726,0.480767
33,11.3964,0.495316
33,11.4202,0.49596
33,11.4441,0.495455
33,11.4679,0.480694
33,11.4918,0.483312
33,11.5156,0.480978
33,11.5395,0.48282
33,11.5633,0.482563
33,11.5871,0.483536
33,11.611,0.481386
33,11.6348,0.482376
33,11.6587,0.484276
33,11.6825,0.481528
33,11.7064,0.489136
33,11.7302,0.485961
33,11.754,0.479258
33,11.7779,0.485357
33,11.8017,0.486785
33,11.8256,0.485594
33,11.8494,0.492021
33,11.8732,0.486533
33,11.8971,0.486704
33,11.9209,0.486505
33,11.9448,0.481989
33,11.9686,0.49106
33,11.9925,0.484498
33,12.0163,0.49135
33,12.0401,0.490042
33,12.064,0.484625
33,12.0878,0.487169
33,12.1117,0.49054
33,12.1355,0.488905
33,12.1593,0.488917
33,12.1832,0.484404
33,12.207,0.49451
33,12.2309,0.486054
33,12.2547,0.479348
33,12.2786,0.48711
33,12.3024,0.484109
33,12.3262,0.48995
33,12.3501,0.492459
33,12.3739,0.484345
33,12.3978,0.488202
33,12.4216,0.484361
33,12.4454,0.497166
33,12.4693,0.490168
33,12.4931,0.491469
33,12.517,0.489966
33,12.5408,0.484049
33,12.5647,0.482797
33,12.5885,0.488093
33,12.6123,0.485824
33,12.6362,0.490334
33,12.66,0.492247
33,12.6839,0.484869
33,12.7077,0.491141
33,12.7316,0.492343
33,12.7554,0.495623
33,12.7792,0.49174
33,12.8031,0.487972
33,12.8269,0.497746
33,12.8508,0.493565
33,12.8746,0.497522
33,12.8984,0.497438
33,12.9223,0.496737
33,12.9461,0.500646
33,12.97,0.493735
33,12.9938,0.495615
33,13.0177,0.494791
33,13.0415,0.496345
33,13.0653,0.500374
33,13.0892,0.491533
33,13.113,0.492108
33,13.1369,0.498281
33,13.1607,0.499573
33,13.1845,0.502645
33,13.2084,0.493845
33,13.2322,0.492103
33,13.2561,0.503011
33,13.2799,0.495583
33,13.3038,0.501535
33,13.3276,0.490898
33,13.3514,0.496387
33,13.3753,0.498664
33,13.3991,0.49852
33,13.423,0.493969
33,13.4468,0.501987
33,13.4706,0.491222
33,13.4945,0.49845
33,13.5183,0.49607
33,13.5422,0.496239
33,13.566,0.503994
33,13.5899,0.497726
33,13.6137,0.497128
33,13.6375,0.499066
33,13.6614,0.496903
33,13.6852,0.499493
33,13.7091,0.501927
33,13.7329,0.502028
33,13.7568,0.499202
33,13.7806,0.500321
33,13.8044,0.492135
33,13.8283,0.503853
33,13.8521,0.498965
33,13.876,0.502101
33,13.8998,0.505396
33,13.9236,0.505101
33,13.9475,0.503929
33,13.9713,0.504424
33,13.9952,0.504001
33,14.019,0.504107
33,14.0429,0.501078
33,14.0667,0.507248
33,14.0905,0.499676
33,14.1144,0.492349
33,14.1382,0.510722
33,14.1621,0.49513
33,14.1859,0.506309
33,14.2097,0.503066
33,14.2336,0.502979
33,14.2574,0.503252
33,14.2813,0.50387
33,14.3051,0.507823
33,14.329,0.506928
33,14.3528,0.506615
33,14.3766,0.51219
33,14.4005,0.511245
33,14.4243,0.499786
33,14.4482,0.502468
33,14.472,0.511532
33,14.4958,0.501828
33,14.5197,0.507684
33,14.5435,0.512046
33,14.5674,0.497665
33,14.5912,0.507017
33,14.6151,0.503866
33,14.6389,0.508719
33,14.6627,0.506327
33,14.6866,0.512591
33,14.7104,0.50651
33,14.7343,0.508605
33,14.7581,0.512842
33,14.782,0.512049
33,14.8058,0.509647
33,14.8296,0.511735
33,14.8535,0.520785
33,14.8773,0.510195
33,14.9012,0.506112
33,14.925,0.515008
33,14.9488,0.507286
33,14.9727,0.508596
33,14.9965,0.513573
32,-14.9965,-1.16582
32,-14.9727,-1.15434
32,-14.9488,-1.14184
32,-14.925,-1.15749
32,-14.9012,-1.13322
32,-14.8773,-1.19895
32,-14.8535,-1.1504
32,-14.8296,-1.18392
32,-14.8058,-1.1476
32,-14.782,-1.14868
32,-14.7581,-1.14672
32,-14.7343,-1.17176
32,-14.7104,-1.16999
32,-14.6866,-1.15051
32,-14.6627,-1.1718
32,-14.6389,-1.18864
32,-14.6151,-1.15164
32,-14.5912,-1.1587
32,-14.5674,-1.16627
32,-14.5435,-1.15858
32,-14.5197,-1.16268
32,-14.4958,-1.19094
32,-14.472,-1.1785
32,-14.4482,-1.15069
32,-14.4243,-1.14779
32,-14.4005,-1.19825
32,-14.3766,-1.18363
32,-14.3528,-1.14044
32,-14.329,-1.17608
32,-14.3051,-1.20071
32,-14.2813,-1.19133
32,-14.2574,-1.17503
32,-14.2336,-1.1748
32,-14.2097,-1.21179
32,-14.1859,-1.19521
32,-14.1621,-1.16339
32,-14.1382,-1.13488
32,-14.1144,-1.12653
32,-14.0905,-1.16325
32,-14.0667,-1.20098
32,-14.0429,-1.17252
32,-14.019,-1.15719
32,-13.9952,-1.20262
32,-13.9713,-1.18444
32,-13.9475,-1.21272
32,-13.9236,-1.16534
32,-13.8998,-1.2003
32,-13.876,-1.20098
32,-13.8521,-1.14162
32,-13.8283,-1.19896
32,-13.8044,-1.19528
32,-13.7806,-1.20572
32,-13.7568,-1.19417
32,-13.7329,-1.20993
32,-13.7091,-1.17258
32,-13.6852,-1.17397
32,-13.6614,-1.18584
32,-13.6375,-1.19337
32,-13.6137,-1.19431
32,-13.5899,-1.21311
32,-13.566,-1.23568
32,-13.5422,-1.20748
32,-13.5183,-1.21808
32,-13.4945,-1.17326
32,-13.4706,-1.20656
32,-13.4468,-1.20959
32,-13.423,-1.20189
32,-13.3991,-1.22174
32,-13.3753,-1.23
32,-13.3514,-1.1762
32,-13.3276,-1.22669
32,-13.3038,-1.21414
32,-13.2799,-1.22594
32,-13.2561,-1.23025
32,-13.2322,-1.23084
32,-13.2084,-1.22454
32,-13.1845,-1.20246
32,-13.1607,-1.20692
32,-13.1369,-1.22307
32,-13.113,-1.17662
32,-13.0892,-1.24061
32,-13.0653,-1.25824
32,-13.0415,-1.2389
32,-13.0177,-1.23753
32,-12.9938,-1.24856
32,-12.97,-1.21491
32,-12.9461,-1.2418
32,-12.9223,-1.25762
32,-12.8984,-1.24699
32,-12.8746,-1.23192
32,-12.8508,-1.24591
32,-12.8269,-1.24012
32,-12.8031,-1.25656
32,-12.7792,-1.24268
32,-12.7554,-1.22366
32,-12.7316,-1.23897
32,-12.7077,-1.26355
32,-12.6839,-1.2521
32,-12.66,-1.25349
32,-12.6362,-1.23591
32,-12.6123,-1.24321
32,-12.5885,-1.26591
32,-12.5647,-1.24849
32,-12.5408,-1.25053
32,-12.517,-1.24382
32,-12.4931,-1.24728
32,-12.4693,-1.23662
32,-12.4454,-1.23484
32,-12.4216,-1.24707
32,-12.3978,-1.25103
32,-12.3739,-1.23333
32,-12.3501,-1.25898
32,-12.3262,-1.27543
32,-12.3024,-1.26795
32,-12.2786,-1.28021
32,-12.2547,-1.25586
32,-12.2309,-1.26818
32,-12.207,-1.25797
32,-12.1832,-1.26831
32,-12.1593,-1.25747
32,-12.1355,-1.26611
32,-12.1117,-1.25405
32,-12.0878,-1.25957
32,-12.064,-1.25482
32,-12.0401,-1.26537
32,-12.0163,-1.27379
32,-11.9925,-1.28061
32,-11.9686,-1.29954
32,-11.9448,-1.28886
32,-11.9209,-1.2541
32,-11.8971,-1.27031
32,-11.8732,-1.28264
32,-11.8494,-1.27565
32,-11.8256,-1.27523
32,-11.8017,-1.2613
32,-11.7779,-1.26616
32,-11.754,-1.27119
32,-11.7302,-1.24887
32,-11.7064,-1.26701
32,-11.6825,-1.30152
32,-11.6587,-1.27805
32,-11.6348,-1.29069
32,-11.611,-1.3132
32,-11.5871,-1.29679
32,-11.5633,-1.30407
32,-11.5395,-1.27138
32,-11.5156,-1.29009
32,-11.4918,-1.27778
32,-11.4679,-1.3095
32,-11.4441,-1.30487
32,-11.4202,-1.27181
32,-11.3964,-1.30303
32,-11.3726,-1.29674
32,-11.3487,-1.28596
32,-11.3249,-1.29111
32,-11.301,-1.31228
32,-11.2772,-1.31293
32,-11.2534,-1.26465
32,-11.2295,-1.30006
32,-11.2057,-1.31416
32,-11.1818,-1.30945
32,-11.158,-1.33141
32,-11.1341,-1.29039
32,-11.1103,-1.33451
32,-11.0865,-1.31874
32,-11.0626,-1.29629
32,-11.0388,-1.29151
32,-11.0149,-1.33538
32,-10.9911,-1.28745
32,-10.9673,-1.33487
32,-10.9434,-1.32924
32,-10.9196,-1.29683
32,-10.8957,-1.32369
32,-10.8719,-1.32198
32,-10.848,-1.31166
32,-10.8242,-1.31974
32,-10.8004,-1.32099
32,-10.7765,-1.31743
32,-10.7527,-1.33138
32,-10.7288,-1.33223
32,-10.705,-1.34436
32,-10.6812,-1.34447
32,-10.6573,-1.357
32,-10.6335,-1.34933
32,-10.6096,-1.35706
32,-10.5858,-1.35794
32,-10.5619,-1.36656
32,-10.5381,-1.33753
32,-10.5143,-1.33565
32,-10.4904,-1.34199
32,-10.4666,-1.33964
32,-10.4427,-1.349
32,-10.4189,-1.34502
32,-10.3951,-1.34014
32,-10.3712,-1.34998
32,-10.3474,-1.2972
32,-10.3235,-1.34853
32,-10.2997,-1.32837
32,-10.2758,-1.34131
32,-10.252,-1.34715
32,-10.2282,-1.37935
32,-10.2043,-1.36216
32,-10.1805,-1.36806
32,-10.1566,-1.33772
32,-10.1328,-1.33331
32,-10.1089,-1.20725
32,-10.0851,-1.17793
32,-10.0613,-1.34758
32,-10.0374,-1.34657
32,-10.0136,-1.36198
32,-9.98974,-1.34793
32,-9.9659,-1.36869
32,-9.94205,-1.35561
32,-9.91821,-1.3425
32,-9.89437,-1.34113
32,-9.87053,-1.36482
32,-9.84669,-1.35883
32,-9.82285,-1.3309
32,-9.799,-1.32178
32,-9.77516,-1.37776
32,-9.75132,-1.36763
32,-9.72748,-1.3493
32,-9.70364,-1.36911
32,-9.67979,-1.36633
32,-9.65595,-1.38935
32,-9.63211,-1.39642
32,-9.60827,-1.37862
32,-9.58443,-1.38699
32,-9.56059,-1.37554
32,-9.53674,-1.36963
32,-9.5129,-1.37827
32,-9.48906,-1.3736
32,-9.46522,-1.40337
32,-9.44138,-1.37618
32,-9.41753,-1.39351
32,-9.39369,-1.3674
32,-9.36985,-1.40438
32,-9.34601,-1.39371
32,-9.32217,-1.34936
32,-9.29832,-1.36594
32,-9.27448,-1.40987
32,-9.25064,-1.41704
32,-9.2268,-1.4
32,-9.20296,-1.39408
32,-9.17912,-1.39277
32,-9.15527,-1.40314
32,-9.13143,-1.38248
32,-9.10759,-1.4085
32,-9.08375,-1.37773
32,-9.05991,-1.38713
32,-9.03606,-1.41056
32,-9.01222,-1.42447
32,-8.98838,-1.41335
32,-8.96454,-1.40964
32,-8.9407,-1.3997
32,-8.91685,-1.38875
32,-8.89301,-1.39071
32,-8.86917,-1.4062
32,-8.84533,-1.39427
32,-8.82149,-1.4267
32,-8.79765,-1.40354
32,-8.7738,-1.41247
32,-8.74996,-1.43435
32,-8.72612,-1.44311
32,-8.70228,-1.42346
32,-8.67844,-1.4186
32,-8.65459,-1.39985
32,-8.63075,-1.40352
32,-8.60691,-1.39317
32,-8.58307,-1.45396
32,-8.55923,-1.39084
32,-8.53539,-1.41766
32,-8.51154,-1.41961
32,-8.4877,-1.39107
32,-8.46386,-1.43161
32,-8.44002,-1.4425
32,-8.41618,-1.4228
32,-8.39233,-1.40627
32,-8.36849,-1.43236
32,-8.34465,-1.41995
32,-8.32081,-1.43095
32,-8.29697,-1.40962
32,-8.27312,-1.40837
32,-8.24928,-1.42623
32,-8.22544,-1.42502
32,-8.2016,-1.40909
32,-8.17776,-1.39979
32,-8.15392,-1.41535
32,-8.13007,-1.43904
32,-8.10623,-1.42327
32,-8.08239,-1.41412
32,-8.05855,-1.44415
32,-8.03471,-1.44109
32,-8.01086,-1.40527
32,-7.98702,-1.38467
32,-7.96318,-1.4376
32,-7.93934,-1.45866
32,-7.9155,-1.44074
32,-7.89165,-1.38116
32,-7.86781,-1.43677
32,-7.84397,-1.44583
32,-7.82013,-1.4384
32,-7.79629,-1.40301
32,-7.77245,-1.44375
32,-7.7486,-1.45393
32,-7.72476,-1.44947
32,-7.70092,-1.42341
32,-7.67708,-1.4251
32,-7.65324,-1.42628
32,-7.62939,-1.46007
32,-7.60555,-1.42548
32,-7.58171,-1.42642
32,-7.55787,-1.43968
32,-7.53403,-1.44939
32,-7.51019,-1.43222
32,-7.48634,-1.4103
32,-7.4625,-1.48026
32,-7.43866,-1.46838
32,-7.41482,-1.47054
32,-7.39098,-1.39748
32,-7.36713,-1.46147
32,-7.34329,-1.46079
32,-7.31945,-1.46521
32,-7.29561,-1.43462
32,-7.27177,-1.50055
32,-7.24792,-1.4734
32,-7.22408,-1.48218
32,-7.20024,-1.39696
32,-7.1764,-1.47225
32,-7.15256,-1.47892
32,-7.12872,-1.48094
32,-7.10487,-1.38659
32,-7.08103,-1.43106
32,-7.05719,-1.48567
32,-7.03335,-1.44428
32,-7.00951,-1.43705
32,-6.98566,-1.4338
32,-6.96182,-1.49558
32,-6.93798,-1.49354
32,-6.91414,-1.4628
32,-6.8903,-1.4213
32,-6.86646,-1.50303
32,-6.84261,-1.5006
32,-6.81877,-1.48875
32,-6.79493,-1.4323
32,-6.77109,-1.49393
32,-6.74725,-1.49861
32,-6.7234,-1.48121
32,-6.69956,-1.40809
32,-6.67572,-1.47235
32,-6.65188,-1.49538
32,-6.62804,-1.4987
32,-6.60419,-1.40791
32,-6.58035,-1.43001
32,-6.55651,-1.48494
32,-6.53267,-1.49916
32,-6.50883,-1.50063
32,-6.48499,-1.44565
32,-6.46114,-1.50382
32,-6.4373,-1.52427
32,-6.41346,-1.50033
32,-6.38962,-1.46482
32,-6.36578,-1.51681
32,-6.34193,-1.51268
32,-6.31809,-1.51373
32,-6.29425,-1.41296
32,-6.27041,-1.50347
32,-6.24657,-1.51555
32,-6.22272,-1.50167
32,-6.19888,-1.40195
32,-6.17504,-1.49108
32,-6.1512,-1.52105
32,-6.12736,-1.52033
32,-6.10352,-1.41429
32,-6.07967,-1.48401
32,-6.05583,-1.51806
32,-6.03199,-1.51305
32,-6.00815,-1.50092
32,-5.98431,-1.48598
32,-5.96046,-1.50218
32,-5.93662,-1.5131
32,-5.91278,-1.50317
32,-5.88894,-1.42939
32,-5.8651,-1.52252
32,-5.84126,-1.48742
32,-5.81741,-1.50209
32,-5.79357,-1.33326
32,-5.76973,-1.5183
32,-5.74589,-1.54073
32,-5.72205,-1.52114
32,-5.6982,-1.35786
32,-5.67436,-1.50269
32,-5.65052,-1.53511
32,-5.62668,-1.50412
32,-5.60284,-1.40124
32,-5.57899,-1.47388
32,-5.55515,-1.53124
32,-5.53131,-1.52968
32,-5.50747,-1.47133
32,-5.48363,-1.47099
32,-5.45979,-1.51654
32,-5.43594,-1.54789
32,-5.4121,-1.47337
32,-5.38826,-1.36741
32,-5.36442,-1.50957
32,-5.34058,-1.51182
32,-5.31673,-1.48438
32,-5.29289,-1.24506
32,-5.26905,-1.47434
32,-5.24521,-1.49766
32,-5.22137,-1.473
32,-5.19753,-1.15233
32,-5.17368,-1.44311
32,-5.14984,-1.52346
32,-5.126,-1.50168
32,-5.10216,-1.37988
32,-5.07832,-1.47519
32,-5.05447,-1.48813
32,-5.03063,-1.50451
32,-5.00679,-1.4138
32,-4.98295,-1.42629
32,-4.95911,-1.48505
32,-4.93526,-1.48565
32,-4.91142,-1.35353
32,-4.88758,-1.20162
32,-4.86374,-1.47367
32,-4.8399,-1.47889
32,-4.81606,-1.31653
32,-4.79221,-0.579402
32,-4.76837,-1.41074
32,-4.74453,-1.46367
32,-4.72069,-1.3784
32,-4.69685,-0.745835
32,-4.673,-1.31931
32,-4.64916,-1.42354
32,-4.62532,-1.39713
32,-4.60148,-1.09183
32,-4.57764,-1.28995
32,-4.55379,-1.37467
32,-4.52995,-1.36871
32,-4.50611,-1.29203
32,-4.48227,-1.33555
32,-4.45843,-1.41574
32,-4.43459,-1.36976
32,-4.41074,-0.747134
32,-4.3869,-0.125573
32,-4.36306,-1.2116
32,-4.33922,-1.20951
32,-4.31538,-0.816023
32,-4.29153,0.684864
32,-4.26769,-1.03903
32,-4.24385,-1.15228
32,-4.22001,-0.871314
32,-4.19617,0.987779
32,-4.17233,-0.882073
32,-4.14848,-1.21358
32,-4.12464,-1.24194
32,-4.1008,-0.615589
32,-4.07696,-1.10978
32,-4.05312,-1.14824
32,-4.02927,-0.986963
32,-4.00543,-0.0830587
32,-3.98159,-0.232547
32,-3.95775,-0.735681
32,-3.93391,-0.660609
32,-3.91006,0.597307
32,-3.88622,1.32525
32,-3.86238,-0.513256
32,-3.83854,-0.616494
32,-3.8147,0.834052
32,-3.79086,4.03663
32,-3.76701,-0.433442
32,-3.74317,-0.949256
32,-3.71933,-0.47712
32,-3.69549,2.35073
32,-3.67165,-0.108742
32,-3.6478,-0.59419
32,-3.62396,-0.575123
32,-3.60012,0.553433
32,-3.57628,-0.43922
32,-3.55244,-0.664402
32,-3.52859,-0.612405
32,-3.50475,-0.343317
32,-3.48091,-0.730926
32,-3.45707,-1.04659
32,-3.43323,-0.95799
32,-3.40939,1.49904
32,-3.38554,2.36915
32,-3.3617,-0.513044
32,-3.33786,-0.656064
32,-3.31402,0.265723
32,-3.29018,2.52774
32,-3.26633,-0.48573
32,-3.24249,-0.808891
32,-3.21865,-0.430508
32,-3.19481,1.91172
32,-3.17097,-0.680294
32,-3.14713,-1.1495
32,-3.12328,-1.26869
32,-3.09944,-0.86485
32,-3.0756,-1.27785
32,-3.05176,-1.27206
32,-3.02792,-1.13565
32,-3.00407,-0.227547
32,-2.98023,-0.600973
32,-2.95639,-1.03875
32,-2.93255,-1.01628
32,-2.90871,0.0621778
32,-2.88486,0.259071
32,-2.86102,-1.01684
32,-2.83718,-1.07272
32,-2.81334,-0.0819845
32,-2.7895,1.88009
32,-2.76566,-1.09494
32,-2.74181,-1.34885
32,-2.71797,-1.16868
32,-2.69413,0.181684
32,-2.67029,-1.00683
32,-2.64645,-1.18048
32,-2.6226,-1.22307
32,-2.59876,-0.809487
32,-2.57492,-1.20646
32,-2.55108,-1.25249
32,-2.52724,-1.21473
32,-2.5034,-1.06569
32,-2.47955,-1.29957
32,-2.45571,-1.40581
32,-2.43187,-1.33879
32,-2.40803,0.237697
32,-2.38419,0.38344
32,-2.36034,-1.10926
32,-2.3365,-1.16914
32,-2.31266,-0.524884
32,-2.28882,0.646018
32,-2.26498,-1.08779
32,-2.24113,-1.18181
32,-2.21729,-0.913715
32,-2.19345,0.381668
32,-2.16961,-1.12794
32,-2.14577,-1.37893
32,-2.12193,-1.45902
32,-2.09808,-1.30562
32,-2.07424,-1.42294
32,-2.0504,-1.3764
32,-2.02656,-1.27083
32,-2.00272,-0.482436
32,-1.97887,-0.873952
32,-1.95503,-1.14607
32,-1.93119,-1.1152
32,-1.90735,-0.0724139
32,-1.88351,-0.131805
32,-1.85966,-1.08541
32,-1.83582,-1.09183
32,-1.81198,0.037113
32,-1.78814,1.4486
32,-1.7643,-1.1311
32,-1.74046,-1.34596
32,-1.71661,-1.0969
32,-1.69277,-0.00148432
32,-1.66893,-0.97011
32,-1.64509,-1.08843
32,-1.62125,-1.0887
32,-1.5974,-0.808546
32,-1.57356,-1.09151
32,-1.54972,-1.07405
32,-1.52588,-0.992047
32,-1.50204,-0.739427
32,-1.4782,-1.07982
32,-1.45435,-1.23858
32,-1.43051,-1.04839
32,-1.40667,1.39093
32,-1.38283,1.06955
32,-1.35899,-0.736861
32,-1.33514,-0.764997
32,-1.3113,0.301554
32,-1.28746,1.54381
32,-1.26362,-0.544865
32,-1.23978,-0.680084
32,-1.21593,-0.162309
32,-1.19209,1.50243
32,-1.16825,-0.61669
32,-1.14441,-0.947989
32,-1.12057,-1.05748
32,-1.09673,-0.888048
32,-1.07288,-1.0299
32,-1.04904,-0.807135
32,-1.0252,-0.499375
32,-1.00136,1.40411
32,-0.977516,0.406842
32,-0.953674,-0.11872
32,-0.929832,0.115712
32,-0.905991,2.69775
32,-0.882149,2.02828
32,-0.858307,0.256933
32,-0.834465,0.466812
32,-0.810623,3.44431
32,-0.786781,5.12941
32,-0.762939,0.278611
32,-0.739098,-0.110236
32,-0.715256,0.769146
32,-0.691414,2.8752
32,-0.667572,1.28145
32,-0.64373,1.1158
32,-0.619888,1.26832
32,-0.596046,2.22648
32,-0.572205,1.66433
32,-0.548363,2.01888
32,-0.524521,2.60077
32,-0.500679,4.67195
32,-0.476837,2.88534
32,-0.452995,2.37385
32,-0.429153,3.81758
32,-0.405312,11.226
32,-0.38147,9.74553
32,-0.357628,5.82988
32,-0.333786,6.60723
32,-0.309944,11.3625
32,-0.286102,13.2655
32,-0.26226,9.23961
32,-0.238419,10.0417
32,-0.214577,13.9774
32,-0.190735,18.2067
32,-0.166893,14.776
32,-0.143051,17.049
32,-0.119209,25.5876
32,-0.0953674,35.236
32,-0.0715256,25.7246
32,-0.0476837,17.1504
32,-0.0238419,14.796
32,0,18.4619
32,0.0238419,14.6585
32,0.0476837,10.2386
32,0.0715256,9.36206
32,0.0953674,13.6089
32,0.119209,11.226
32,0.143051,6.48776
32,0.166893,5.73075
32,0.190735,10.0408
32,0.214577,11.0725
32,0.238419,3.84717
32,0.26226,2.41599
32,0.286102,3.12695
32,0.309944,5.28663
32,0.333786,2.46241
32,0.357628,1.77187
32,0.38147,1.57023
32,0.405312,2.77673
32,0.429153,1.11081
32,0.452995,0.825314
32,0.476837,0.934535
32,0.500679,2.47427
32,0.524521,0.489777
32,0.548363,-0.188141
32,0.572205,0.194498
32,0.596046,5.12819
32,0.619888,3.03816
32,0.64373,0.1803
32,0.667572,0.156786
32,0.691414,2.42191
32,0.715256,2.82936
32,0.739098,-0.0235245
32,0.762939,-0.305804
32,0.786781,0.592333
32,0.810623,2.12893
32,0.834465,-0.496918
32,0.858307,-0.937106
32,0.882149,-1.07354
32,0.905991,-0.96314
32,0.929832,-1.13376
32,0.953674,-1.04752
32,0.977516,-0.828923
32,1.00136,0.98229
32,1.0252,-0.490292
32,1.04904,-0.902478
32,1.07288,-0.764631
32,1.09673,1.38302
32,1.12057,0.0433803
32,1.14441,-0.926216
32,1.16825,-0.85572
32,1.19209,1.25756
32,1.21593,1.34353
32,1.23978,-1.10414
32,1.26362,-1.27741
32,1.28746,-0.821982
32,1.3113,-0.0434015
32,1.33514,-1.05898
32,1.35899,-1.18433
32,1.38283,-1.18345
32,1.40667,-0.743516
32,1.43051,-1.24017
32,1.45435,-1.25871
32,1.4782,-1.20966
32,1.50204,-0.876486
32,1.52588,-1.35435
32,1.54972,-1.42737
32,1.57356,-1.26717
32,1.5974,1.11254
32,1.62125,-0.324903
32,1.64509,-1.22698
32,1.66893,-1.19592
32,1.69277,0.0759969
32,1.71661,-0.00282018
32,1.74046,-1.20521
32,1.7643,-1.25369
32,1.78814,-0.697578
32,1.81198,0.00877726
32,1.83582,-1.29067
32,1.85966,-1.45689
32,1.88351,-1.52209
32,1.90735,-1.41017
32,1.93119,-1.53185
32,1.95503,-1.48274
32,1.97887,-1.38637
32,2.00272,-0.445657
32,2.02656,-1.20081
32,2.0504,-1.35474
32,2.07424,-1.25965
32,2.09808,0.154743
32,2.12193,-0.869547
32,2.14577,-1.30077
32,2.16961,-1.22738
32,2.19345,0.580882
32,2.21729,0.156071
32,2.24113,-1.44037
32,2.26498,-1.47127
32,2.28882,-1.03075
32,2.31266,-0.46826
32,2.3365,-1.28863
32,2.36034,-1.37646
32,2.38419,-1.33615
32,2.40803,-0.995924
32,2.43187,-1.36554
32,2.45571,-1.36693
32,2.47955,-1.30533
32,2.5034,-1.11309
32,2.52724,-1.46458
32,2.55108,-1.52261
32,2.57492,-1.32458
32,2.59876,1.26011
32,2.6226,-0.489917
32,2.64645,-1.26045
32,2.67029,-1.1495
32,2.69413,0.531311
32,2.71797,0.06516
32,2.74181,-1.15564
32,2.76566,-1.12683
32,2.7895,-0.214925
32,2.81334,0.386993
32,2.83718,-1.18455
32,2.86102,-1.40228
32,2.88486,-1.39827
32,2.90871,-1.01592
32,2.93255,-1.40855
32,2.95639,-1.33131
32,2.98023,-1.11498
32,3.00407,0.0558469
32,3.02792,-0.832971
32,3.05176,-1.01741
32,3.0756,-0.830831
32,3.09944,1.44448
32,3.12328,-0.292836
32,3.14713,-0.877603
32,3.17097,-0.611219
32,3.19481,2.68588
32,3.21865,1.42024
32,3.24249,-1.03702
32,3.26633,-1.07395
32,3.29018,0.197745
32,3.31402,0.968415
32,3.33786,-0.584167
32,3.3617,-0.765255
32,3.38554,-0.638903
32,3.40939,0.0126947
32,3.43323,-0.736481
32,3.45707,-0.743635
32,3.48091,-0.694241
32,3.50475,-0.708526
32,3.52859,-1.09571
32,3.55244,-1.2125
32,3.57628,-0.859221
32,3.60012,2.8506
32,3.62396,0.118576
32,3.6478,-0.817889
32,3.67165,-0.667802
32,3.69549,1.64695
32,3.71933,0.604241
32,3.74317,-0.770191
32,3.76701,-0.813572
32,3.79086,0.334288
32,3.8147,0.616776
32,3.83854,-1.07162
32,3.86238,-1.30069
32,3.88622,-1.25001
32,3.91006,-0.703374
32,3.93391,-1.3744
32,3.95775,-1.37967
32,3.98159,-1.29191
32,4.00543,-0.79194
32,4.02927,-1.2159
32,4.05312,-1.3419
32,4.07696,-1.28649
32,4.1008,-0.336918
32,4.12464,-1.19846
32,4.14848,-1.4037
32,4.17233,-1.34033
32,4.19617,-0.0215004
32,4.22001,-0.836062
32,4.24385,-1.57971
32,4.26769,-1.5562
32,4.29153,-1.18544
32,4.31538,-1.06007
32,4.33922,-1.50757
32,4.36306,-1.5508
32,4.3869,-1.54073
32,4.41074,-1.41199
32,4.43459,-1.57626
32,4.45843,-1.60686
32,4.48227,-1.60628
32,4.50611,-1.65176
32,4.52995,-1.69474
32,4.55379,-1.69444
32,4.57764,-1.6596
32,4.60148,-1.15175
32,4.62532,-1.56573
32,4.64916,-1.6637
32,4.673,-1.65634
32,4.69685,-1.32074
32,4.72069,-1.5331
32,4.74453,-1.67847
32,4.76837,-1.67777
32,4.79221,-1.50719
32,4.81606,-1.4961
32,4.8399,-1.69868
32,4.86374,-1.69381
32,4.88758,-1.70482
32,4.91142,-1.60709
32,4.93526,-1.73414
32,4.95911,-1.72522
32,4.98295,-1.69562
32,5.00679,-1.70415
32,5.03063,-1.70586
32,5.05447,-1.713
32,5.07832,-1.70233
32,5.10216,-1.65846
32,5.126,-1.72795
32,5.14984,-1.74301
32,5.17368,-1.73731
32,5.19753,-1.53353
32,5.22137,-1.6971
32,5.24521,-1.76215
32,5.26905,-1.74569
32,5.29289,-1.64558
32,5.31673,-1.67177
32,5.34058,-1.73966
32,5.36442,-1.72786
32,5.38826,-1.74565
32,5.4121,-1.68136
32,5.43594,-1.75805
32,5.45979,-1.74319
32,5.48363,-1.74891
32,5.50747,-1.7613
32,5.53131,-1.76258
32,5.55515,-1.7877
32,5.57899,-1.77326
32,5.60284,-1.68576
32,5.62668,-1.75189
32,5.65052,-1.73472
32,5.67436,-1.75097
32,5.6982,-1.67649
32,5.72205,-1.75654
32,5.74589,-1.76676
32,5.76973,-1.74328
32,5.79357,-1.7259
32,5.81741,-1.74494
32,5.84126,-1.77188
32,5.8651,-1.78123
32,5.88894,-1.74209
32,5.91278,-1.69627
32,5.93662,-1.77245
32,5.96046,-1.80161
32,5.98431,-1.78352
32,6.00815,-1.76353
32,6.03199,-1.76222
32,6.05583,-1.77968
32,6.07967,-1.79046
32,6.10352,-1.7654
32,6.12736,-1.77631
32,6.1512,-1.76622
32,6.17504,-1.76255
32,6.19888,-1.75076
32,6.22272,-1.78607
32,6.24657,-1.80322
32,6.27041,-1.76414
32,6.29425,-1.71622
32,6.31809,-1.75155
32,6.34193,-1.77825
32,6.36578,-1.76315
32,6.38962,-1.74382
32,6.41346,-1.73998
32,6.4373,-1.78888
32,6.46114,-1.79019
32,6.48499,-1.75808
32,6.50883,-1.7382
32,6.53267,-1.78576
32,6.55651,-1.79913
32,6.58035,-1.79069
32,6.60419,-1.76048
32,6.62804,-1.78012
32,6.65188,-1.77295
32,6.67572,-1.78731
32,6.69956,-1.78566
32,6.7234,-1.7667
32,6.74725,-1.79618
32,6.77109,-1.78876
32,6.79493,-1.75627
32,6.81877,-1.75678
32,6.84261,-1.74234
32,6.86646,-1.78312
32,6.8903,-1.75219
32,6.91414,-1.71515
32,6.93798,-1.78812
32,6.96182,-1.80625
32,6.98566,-1.7873
32,7.00951,-1.72592
32,7.03335,-1.79301
32,7.05719,-1.78906
32,7.08103,-1.79245
32,7.10487,-1.78419
32,7.12872,-1.77989
32,7.15256,-1.78069
32,7.1764,-1.77459
32,7.20024,-1.77985
32,7.22408,-1.79316
32,7.24792,-1.78307
32,7.27177,-1.79662
32,7.29561,-1.79436
32,7.31945,-1.79334
32,7.34329,-1.78777
32,7.36713,-1.79187
32,7.39098,-1.75658
32,7.41482,-1.76949
32,7.43866,-1.79236
32,7.4625,-1.77321
32,7.48634,-1.76603
32,7.51019,-1.755
32,7.53403,-1.78497
32,7.55787,-1.78769
32,7.58171,-1.78825
32,7.60555,-1.75424
32,7.62939,-1.77749
32,7.65324,-1.78781
32,7.67708,-1.79262
32,7.70092,-1.78092
32,7.72476,-1.79751
32,7.7486,-1.79419
32,7.77245,-1.78616
32,7.79629,-1.80187
32,7.82013,-1.77269
32,7.84397,-1.77625
32,7.86781,-1.80334
32,7.89165,-1.79826
32,7.9155,-1.78741
32,7.93934,-1.77971
32,7.96318,-1.7752
32,7.98702,-1.77845
32,8.01086,-1.76925
32,8.03471,-1.79984
32,8.05855,-1.80104
32,8.08239,-1.79211
32,8.10623,-1.7713
32,8.13007,-1.79667
32,8.15392,-1.80955
32,8.17776,-1.79602
32,8.2016,-1.79473
32,8.22544,-1.81811
32,8.24928,-1.81941
32,8.27312,-1.81119
32,8.29697,-1.80089
32,8.32081,-1.81214
32,8.34465,-1.80664
32,8.36849,-1.77801
32,8.39233,-1.81193
32,8.41618,-1.79073
32,8.44002,-1.79962
32,8.46386,-1.77484
32,8.4877,-1.78512
32,8.51154,-1.81725
32,8.53539,-1.79238
32,8.55923,-1.82723
32,8.58307,-1.80497
32,8.60691,-1.79979
32,8.63075,-1.80231
32,8.65459,-1.80222
32,8.67844,-1.81038
32,8.70228,-1.78969
32,8.72612,-1.80106
32,8.74996,-1.8005
32,8.7738,-1.8141
32,8.79765,-1.82086
32,8.82149,-1.81944
32,8.84533,-1.80733
32,8.86917,-1.78159
32,8.89301,-1.79796
32,8.91685,-1.82007
32,8.9407,-1.80841
32,8.96454,-1.79853
32,8.98838,-1.81301
32,9.01222,-1.80234
32,9.03606,-1.80571
32,9.05991,-1.83529
32,9.08375,-1.81934
32,9.10759,-1.79685
32,9.13143,-1.7995
32,9.15527,-1.80266
32,9.17912,-1.81949
32,9.20296,-1.78586
32,9.2268,-1.82732
32,9.25064,-1.8176
32,9.27448,-1.8204
32,9.29832,-1.80462
32,9.32217,-1.80506
32,9.34601,-1.81773
32,9.36985,-1.81454
32,9.39369,-1.81976
32,9.41753,-1.81135
32,9.44138,-1.80498
32,9.46522,-1.81966
32,9.48906,-1.80301
32,9.5129,-1.81432
32,9.53674,-1.80002
32,9.56059,-1.80619
32,9.58443,-1.80738
32,9.60827,-1.77877
32,9.63211,-1.78595
32,9.65595,-1.79133
32,9.67979,-1.80803
32,9.70364,-1.79309
32,9.72748,-1.80913
32,9.75132,-1.81348
32,9.77516,-1.8119
32,9.799,-1.8015
32,9.82285,-1.82167
32,9.84669,-1.80798
32,9.87053,-1.78501
32,9.89437,-1.65382
32,9.91821,-1.70957
32,9.94205,-1.79102
32,9.9659,-1.80055
32,9.98974,-1.80984
32,10.0136,-1.8279
32,10.0374,-1.83014
32,10.0613,-1.78958
32,10.0851,-1.80885
32,10.1089,-1.79279
32,10.1328,-1.81984
32,10.1566,-1.80367
32,10.1805,-1.80125
32,10.2043,-1.80839
32,10.2282,-1.82669
32,10.252,-1.81889
32,10.2758,-1.80236
32,10.2997,-1.83057
32,10.3235,-1.81463
32,10.3474,-1.81957
32,10.3712,-1.82954
32,10.3951,-1.81204
32,10.4189,-1.8275
32,10.4427,-1.82572
32,10.4666,-1.83028
32,10.4904,-1.82319
32,10.5143,-1.82915
32,10.5381,-1.81168
32,10.5619,-1.80926
32,10.5858,-1.82022
32,10.6096,-1.78749
32,10.6335,-1.80463
32,10.6573,-1.80822
32,10.6812,-1.83368
32,10.705,-1.8211
32,10.7288,-1.8
32,10.7527,-1.81205
32,10.7765,-1.82758
32,10.8004,-1.80738
32,10.8242,-1.82177
32,10.848,-1.78994
32,10.8719,-1.79332
32,10.8957,-1.80211
32,10.9196,-1.83733
32,10.9434,-1.80817
32,10.9673,-1.81519
32,10.9911,-1.827
32,11.0149,-1.82015
32,11.0388,-1.81391
32,11.0626,-1.79402
32,11.0865,-1.82669
32,11.1103,-1.83021
32,11.1341,-1.81758
32,11.158,-1.80052
32,11.1818,-1.78704
32,11.2057,-1.80758
32,11.2295,-1.81327
32,11.2534,-1.80485
32,11.2772,-1.81877
32,11.301,-1.79999
32,11.3249,-1.81438
32,11.3487,-1.8213
32,11.3726,-1.81712
32,11.3964,-1.80778
32,11.4202,-1.83466
32,11.4441,-1.81281
32,11.4679,-1.82132
32,11.4918,-1.82443
32,11.5156,-1.81144
32,11.5395,-1.80342
32,11.5633,-1.79552
32,11.5871,-1.80234
32,11.611,-1.80302
32,11.6348,-1.82573
32,11.6587,-1.82083
32,11.6825,-1.81511
32,11.7064,-1.82942
32,11.7302,-1.80462
32,11.754,-1.80092
32,11.7779,-1.82933
32,11.8017,-1.80915
32,11.8256,-1.84018
32,11.8494,-1.82137
32,11.8732,-1.81749
32,11.8971,-1.834
32,11.9209,-1.82661
32,11.9448,-1.80178
32,11.9686,-1.82292
32,11.9925,-1.82392
32,12.0163,-1.82982
32,12.0401,-1.83878
32,12.064,-1.80278
32,12.0878,-1.82291
32,12.1117,-1.82867
32,12.1355,-1.8202
32,12.1593,-1.81164
32,12.1832,-1.82635
32,12.207,-1.81823
32,12.2309,-1.79963
32,12.2547,-1.81462
32,12.2786,-1.80437
32,12.3024,-1.82802
32,12.3262,-1.82502
32,12.3501,-1.80668
32,12.3739,-1.82053
32,12.3978,-1.83018
32,12.4216,-1.83416
32,12.4454,-1.82493
32,12.4693,-1.83083
32,12.4931,-1.83309
32,12.517,-1.82258
32,12.5408,-1.81529
32,12.5647,-1.83098
32,12.5885,-1.82695
32,12.6123,-1.81708
32,12.6362,-1.82886
32,12.66,-1.82324
32,12.6839,-1.82086
32,12.7077,-1.83972
32,12.7316,-1.83042
32,12.7554,-1.81585
32,12.7792,-1.81908
32,12.8031,-1.83348
32,12.8269,-1.83825
32,12.8508,-1.81942
32,12.8746,-1.84054
32,12.8984,-1.80577
32,12.9223,-1.80123
32,12.9461,-1.82505
32,12.97,-1.81852
32,12.9938,-1.80456
32,13.0177,-1.82733
32,13.0415,-1.81825
32,13.0653,-1.81891
32,13.0892,-1.8328
32,13.113,-1.82936
32,13.1369,-1.82404
32,13.1607,-1.81931
32,13.1845,-1.81648
32,13.2084,-1.82757
32,13.2322,-1.83123
32,13.2561,-1.83161
32,13.2799,-1.82148
32,13.3038,-1.8099
32,13.3276,-1.82272
32,13.3514,-1.85745
32,13.3753,-1.85485
32,13.3991,-1.82457
32,13.423,-1.79694
32,13.4468,-1.80535
32,13.4706,-1.807
32,13.4945,-1.81416
32,13.5183,-1.82061
32,13.5422,-1.82742
32,13.566,-1.83775
32,13.5899,-1.81255
32,13.6137,-1.82241
32,13.6375,-1.82385
32,13.6614,-1.80351
32,13.6852,-1.81916
32,13.7091,-1.80359
32,13.7329,-1.83056
32,13.7568,-1.83518
32,13.7806,-1.8343
32,13.8044,-1.83821
32,13.8283,-1.79268
32,13.8521,-1.82146
32,13.876,-1.83379
32,13.8998,-1.81573
32,13.9236,-1.78128
32,13.9475,-1.79388
32,13.9713,-1.8157
32,13.9952,-1.83459
32,14.019,-1.83191
32,14.0429,-1.83263
32,14.0667,-1.82667
32,14.0905,-1.83944
32,14.1144,-1.84106
32,14.1382,-1.83914
32,14.1621,-1.8165
32,14.1859,-1.84308
32,14.2097,-1.82185
32,14.2336,-1.81181
32,14.2574,-1.81252
32,14.2813,-1.83771
32,14.3051,-1.85043
32,14.329,-1.82978
32,14.3528,-1.82789
32,14.3766,-1.82735
32,14.4005,-1.82182
32,14.4243,-1.8265
32,14.4482,-1.82308
32,14.472,-1.83504
32,14.4958,-1.83425
32,14.5197,-1.82675
32,14.5435,-1.8347
32,14.5674,-1.84441
32,14.5912,-1.81396
32,14.6151,-1.83694
32,14.6389,-1.84873
32,14.6627,-1.8185
32,14.6866,-1.85399
32,14.7104,-1.82061
32,14.7343,-1.83374
32,14.7581,-1.83748
32,14.782,-1.82228
32,14.8058,-1.81237
32,14.8296,-1.84176
32,14.8535,-1.82798
32,14.8773,-1.83451
32,14.9012,-1.84027
32,14.925,-1.82079
32,14.9488,-1.83507
32,14.9727,-1.83505
32,14.9965,-1.83663
31,-14.9965,0.442662
31,-14.9727,0.445711
31,-14.9488,0.450207
31,-14.925,0.44591
31,-14.9012,0.447503
31,-14.8773,0.449278
31,-14.8535,0.441897
31,-14.8296,0.453105
31,-14.8058,0.447782
31,-14.782,0.446589
31,-14.7581,0.443181
31,-14.7343,0.44814
31,-14.7104,0.444127
31,-14.6866,0.444128
31,-14.6627,0.452328
31,-14.6389,0.444701
31,-14.6151,0.442537
31,-14.5912,0.455745
31,-14.5674,0.440653
31,-14.5435,0.445972
31,-14.5197,0.443101
31,-14.4958,0.448591
31,-14.472,0.447348
31,-14.4482,0.450981
31,-14.4243,0.445109
31,-14.4005,0.450337
31,-14.3766,0.447985
31,-14.3528,0.447824
31,-14.329,0.44344
31,-14.3051,0.441446
31,-14.2813,0.442577
31,-14.2574,0.443802
31,-14.2336,0.450047
31,-14.2097,0.449378
31,-14.1859,0.447877
31,-14.1621,0.450422
31,-14.1382,0.451233
31,-14.1144,0.451573
31,-14.0905,0.456148
31,-14.0667,0.45836
31,-14.0429,0.456237
31,-14.019,0.452492
31,-13.9952,0.452056
31,-13.9713,0.443674
31,-13.9475,0.451532
31,-13.9236,0.450541
31,-13.8998,0.442446
31,-13.876,0.445684
31,-13.8521,0.449876
31,-13.8283,0.447791
31,-13.8044,0.448546
31,-13.7806,0.451684
31,-13.7568,0.452813
31,-13.7329,0.452402
31,-13.7091,0.457094
31,-13.6852,0.451152
31,-13.6614,0.445391
31,-13.6375,0.444817
31,-13.6137,0.443101
31,-13.5899,0.448991
31,-13.566,0.446681
31,-13.5422,0.446376
31,-13.5183,0.451853
31,-13.4945,0.444192
31,-13.4706,0.449294
31,-13.4468,0.447994
31,-13.423,0.450634
31,-13.3991,0.446024
31,-13.3753,0.447405
31,-13.3514,0.445824
31,-13.3276,0.440507
31,-13.3038,0.444815
31,-13.2799,0.444682
31,-13.2561,0.447468
31,-13.2322,0.446905
31,-13.2084,0.440697
31,-13.1845,0.446204
31,-13.1607,0.443448
31,-13.1369,0.441263
31,-13.113,0.450606
31,-13.0892,0.440243
31,-13.0653,0.447354
31,-13.0415,0.448814
31,-13.0177,0.443677
31,-12.9938,0.442975
31,-12.97,0.450124
31,-12.9461,0.442401
31,-12.9223,0.445959
31,-12.8984,0.447472
31,-12.8746,0.453119
31,-12.8508,0.443421
31,-12.8269,0.44837
31,-12.8031,0.446064
31,-12.7792,0.444543
31,-12.7554,0.446831
31,-12.7316,0.449837
31,-12.7077,0.45191
31,-12.6839,0.443575
31,-12.66,0.449434
31,-12.6362,0.453268
31,-12.6123,0.443843
31,-12.5885,0.451759
31,-12.5647,0.446788
31,-12.5408,0.446601
31,-12.517,0.450727
31,-12.4931,0.447036
31,-12.4693,0.445185
31,-12.4454,0.447695
31,-12.4216,0.44814
31,-12.3978,0.447506
31,-12.3739,0.449746
31,-12.3501,0.446483
31,-12.3262,0.445343
31,-12.3024,0.450019
31,-12.2786,0.435002
31,-12.2547,0.442015
31,-12.2309,0.445557
31,-12.207,0.449828
31,-12.1832,0.449399
31,-12.1593,0.44369
31,-12.1355,0.446266
31,-12.1117,0.45527
31,-12.0878,0.447546
31,-12.064,0.449769
31,-12.0401,0.441033
31,-12.0163,0.448929
31,-11.9925,0.448843
31,-11.9686,0.444347
31,-11.9448,0.454664
31,-11.9209,0.447563
31,-11.8971,0.450285
31,-11.8732,0.450936
31,-11.8494,0.45356
31,-11.8256,0.44652
31,-11.8017,0.447693
31,-11.7779,0.447081
31,-11.754,0.445531
31,-11.7302,0.447765
31,-11.7064,0.449391
31,-11.6825,0.438206
31,-11.6587,0.44563
31,-11.6348,0.444909
31,-11.611,0.445994
31,-11.5871,0.449971
31,-11.5633,0.455078
31,-11.5395,0.451168
31,-11.5156,0.448428
31,-11.4918,0.447632
31,-11.4679,0.45202
31,-11.4441,0.448386
31,-11.4202,0.44802
31,-11.3964,0.447865
31,-11.3726,0.452766
31,-11.3487,0.457371
31,-11.3249,0.451589
31,-11.301,0.457287
31,-11.2772,0.453025
31,-11.2534,0.446488
31,-11.2295,0.452639
31,-11.2057,0.453809
31,-11.1818,0.452275
31,-11.158,0.445478
31,-11.1341,0.454498
31,-11.1103,0.450431
31,-11.0865,0.45575
31,-11.0626,0.444593
31,-11.0388,0.443811
31,-11.0149,0.452145
31,-10.9911,0.451522
31,-10.9673,0.454164
31,-10.9434,0.453407
31,-10.9196,0.449407
31,-10.8957,0.457345
31,-10.8719,0.459836
31,-10.848,0.455189
31,-10.8242,0.454808
31,-10.8004,0.45353
31,-10.7765,0.452067
31,-10.7527,0.450514
31,-10.7288,0.448909
31,-10.705,0.454728
31,-10.6812,0.450684
31,-10.6573,0.441372
31,-10.6335,0.447452
31,-10.6096,0.44496
31,-10.5858,0.455516
31,-10.5619,0.448236
31,-10.5381,0.448461
31,-10.5143,0.450951
31,-10.4904,0.455734
31,-10.4666,0.441037
31,-10.4427,0.454513
31,-10.4189,0.448286
31,-10.3951,0.451831
31,-10.3712,0.452274
31,-10.3474,0.456311
31,-10.3235,0.448754
31,-10.2997,0.449453
31,-10.2758,0.453569
31,-10.252,0.455483
31,-10.2282,0.454307
31,-10.2043,0.463342
31,-10.1805,0.464455
31,-10.1566,0.468726
31,-10.1328,0.467039
31,-10.1089,0.461067
31,-10.0851,0.461476
31,-10.0613,0.463392
31,-10.0374,0.49774
31,-10.0136,0.462336
31,-9.98974,0.453843
31,-9.9659,0.452817
31,-9.94205,0.454047
31,-9.91821,0.460934
31,-9.89437,0.456167
31,-9.87053,0.448906
31,-9.84669,0.448597
31,-9.82285,0.456462
31,-9.799,0.458915
31,-9.77516,0.450674
31,-9.75132,0.45615
31,-9.72748,0.458494
31,-9.70364,0.484943
31,-9.67979,0.451959
31,-9.65595,0.45591
31,-9.63211,0.460134
31,-9.60827,0.4491
31,-9.58443,0.465287
31,-9.56059,0.626202
31,-9.53674,0.520416
31,-9.5129,0.451677
31,-9.48906,0.462464
31,-9.46522,0.458253
31,-9.44138,0.461666
31,-9.41753,0.454192
31,-9.39369,0.448988
31,-9.36985,0.455042
31,-9.34601,0.449072
31,-9.32217,0.447765
31,-9.29832,0.445004
31,-9.27448,0.486851
31,-9.25064,0.457796
31,-9.2268,0.449995
31,-9.20296,0.455192
31,-9.17912,0.448361
31,-9.15527,0.452744
31,-9.13143,0.45109
31,-9.10759,0.450107
31,-9.08375,0.450908
31,-9.05991,0.4402
31,-9.03606,0.452193
31,-9.01222,0.449448
31,-8.98838,0.45225
31,-8.96454,0.452242
31,-8.9407,0.450943
31,-8.91685,0.451719
31,-8.89301,0.444862
31,-8.86917,0.445131
31,-8.84533,0.449188
31,-8.82149,0.446563
31,-8.79765,0.450178
31,-8.7738,0.446978
31,-8.74996,0.448761
31,-8.72612,0.451884
31,-8.70228,0.45588
31,-8.67844,0.44876
31,-8.65459,0.448993
31,-8.63075,0.448146
31,-8.60691,0.450309
31,-8.58307,0.452263
31,-8.55923,0.452784
31,-8.53539,0.450087
31,-8.51154,0.45086
31,-8.4877,0.452087
31,-8.46386,0.452175
31,-8.44002,0.452501
31,-8.41618,0.448513
31,-8.39233,0.448575
31,-8.36849,0.448945
31,-8.34465,0.45136
31,-8.32081,0.453098
31,-8.29697,0.448746
31,-8.27312,0.450942
31,-8.24928,0.454667
31,-8.22544,0.457343
31,-8.2016,0.448126
31,-8.17776,0.451225
31,-8.15392,0.45401
31,-8.13007,0.457887
31,-8.10623,0.452806
31,-8.08239,0.460319
31,-8.05855,0.453165
31,-8.03471,0.465015
31,-8.01086,0.451182
31,-7.98702,0.45628
31,-7.96318,0.454066
31,-7.93934,0.462023
31,-7.9155,0.450067
31,-7.89165,0.455016
31,-7.86781,0.451609
31,-7.84397,0.458273
31,-7.82013,0.460437
31,-7.79629,0.449363
31,-7.77245,0.45613
31,-7.7486,0.457225
31,-7.72476,0.45624
31,-7.70092,0.456887
31,-7.67708,0.45869
31,-7.65324,0.456926
31,-7.62939,0.458244
31,-7.60555,0.461037
31,-7.58171,0.456549
31,-7.55787,0.458547
31,-7.53403,0.464867
31,-7.51019,0.458297
31,-7.48634,0.456379
31,-7.4625,0.458473
31,-7.43866,0.461957
31,-7.41482,0.458501
31,-7.39098,0.454815
31,-7.36713,0.457767
31,-7.34329,0.465145
31,-7.31945,0.461967
31,-7.29561,0.454567
31,-7.27177,0.46132
31,-7.24792,0.450806
31,-7.22408,0.46107
31,-7.20024,0.45504
31,-7.1764,0.459647
31,-7.15256,0.458771
31,-7.12872,0.471714
31,-7.10487,0.463983
31,-7.08103,0.463299
31,-7.05719,0.46796
31,-7.03335,0.48162
31,-7.00951,0.458226
31,-6.98566,0.466942
31,-6.96182,0.464232
31,-6.93798,0.466909
31,-6.91414,0.455307
31,-6.8903,0.455303
31,-6.86646,0.459014
31,-6.84261,0.459673
31,-6.81877,0.453062
31,-6.79493,0.460708
31,-6.77109,0.457018
31,-6.74725,0.461563
31,-6.7234,0.47041
31,-6.69956,0.465
31,-6.67572,0.472052
31,-6.65188,0.466419
31,-6.62804,0.48038
31,-6.60419,0.468071
31,-6.58035,0.466895
31,-6.55651,0.466026
31,-6.53267,0.484403
31,-6.50883,0.462375
31,-6.48499,0.468085
31,-6.46114,0.470881
31,-6.4373,0.469041
31,-6.41346,0.470591
31,-6.38962,0.461113
31,-6.36578,0.466452
31,-6.34193,0.467796
31,-6.31809,0.464068
31,-6.29425,0.460888
31,-6.27041,0.465507
31,-6.24657,0.469092
31,-6.22272,0.472238
31,-6.19888,0.466175
31,-6.17504,0.470584
31,-6.1512,0.468074
31,-6.12736,0.483522
31,-6.10352,0.460232
31,-6.07967,0.469
31,-6.05583,0.469085
31,-6.03199,0.486231
31,-6.00815,0.465356
31,-5.98431,0.478014
31,-5.96046,0.471555
31,-5.93662,0.476543
31,-5.91278,0.476983
31,-5.88894,0.469455
31,-5.8651,0.47942
31,-5.84126,0.494244
31,-5.81741,0.482091
31,-5.79357,0.486505
31,-5.76973,0.492005
31,-5.74589,0.481688
31,-5.72205,0.484455
31,-5.6982,0.478712
31,-5.67436,0.483771
31,-5.65052,0.483802
31,-5.62668,0.497993
31,-5.60284,0.479336
31,-5.57899,0.478193
31,-5.55515,0.484168
31,-5.53131,0.49545
31,-5.50747,0.486185
31,-5.48363,0.489394
31,-5.45979,0.485856
31,-5.43594,0.495891
31,-5.4121,0.493495
31,-5.38826,0.501923
31,-5.36442,0.500943
31,-5.34058,0.52114
31,-5.31673,0.523588
31,-5.29289,0.515819
31,-5.26905,0.514144
31,-5.24521,0.518557
31,-5.22137,0.524929
31,-5.19753,0.515061
31,-5.17368,0.507441
31,-5.14984,0.518317
31,-5.126,0.547793
31,-5.10216,0.497718
31,-5.07832,0.501759
31,-5.05447,0.496277
31,-5.03063,0.531063
31,-5.00679,0.512105
31,-4.98295,0.521217
31,-4.95911,0.525713
31,-4.93526,0.545874
31,-4.91142,0.550018
31,-4.88758,0.566022
31,-4.86374,0.586683
31,-4.8399,0.602329
31,-4.81606,0.577148
31,-4.79221,0.591379
31,-4.76837,0.592377
31,-4.74453,0.638301
31,-4.72069,0.641344
31,-4.69685,0.576637
31,-4.673,0.578473
31,-4.64916,0.585772
31,-4.62532,0.645261
31,-4.60148,0.566826
31,-4.57764,0.570722
31,-4.55379,0.564174
31,-4.52995,0.643702
31,-4.50611,0.624283
31,-4.48227,0.670823
31,-4.45843,0.710559
31,-4.43459,0.721997
31,-4.41074,0.724665
31,-4.3869,0.775266
31,-4.36306,0.849129
31,-4.33922,1.01582
31,-4.31538,0.864027
31,-4.29153,0.865922
31,-4.26769,0.921815
31,-4.24385,0.996346
31,-4.22001,0.950939
31,-4.19617,0.793019
31,-4.17233,0.801844
31,-4.14848,0.842849
31,-4.12464,1.06518
31,-4.1008,0.799439
31,-4.07696,0.833886
31,-4.05312,0.857636
31,-4.02927,0.999734
31,-4.00543,0.955985
31,-3.98159,1.07808
31,-3.95775,1.1366
31,-3.93391,1.35592
31,-3.91006,1.31651
31,-3.88622,1.48565
31,-3.86238,1.59409
31,-3.83854,1.85667
31,-3.8147,1.41915
31,-3.79086,1.40276
31,-3.76701,1.52081
31,-3.74317,1.91691
31,-3.71933,1.67518
31,-3.69549,1.18094
31,-3.67165,1.16262
31,-3.6478,1.20319
31,-3.62396,1.49544
31,-3.60012,1.04266
31,-3.57628,0.980068
31,-3.55244,0.961801
31,-3.52859,1.22144
31,-3.50475,1.11126
31,-3.48091,1.27527
31,-3.45707,1.33182
31,-3.43323,1.33398
31,-3.40939,1.24883
31,-3.38554,1.31737
31,-3.3617,1.41639
31,-3.33786,2.10951
31,-3.31402,1.30208
31,-3.29018,1.25694
31,-3.26633,1.34057
31,-3.24249,1.56811
31,-3.21865,1.34345
31,-3.19481,1.05574
31,-3.17097,1.03116
31,-3.14713,1.40555
31,-3.12328,1.63739
31,-3.09944,1.0077
31,-3.0756,1.42131
31,-3.05176,1.84536
31,-3.02792,1.18906
31,-3.00407,1.03494
31,-2.98023,1.03392
31,-2.95639,1.17143
31,-2.93255,1.30667
31,-2.90871,1.48287
31,-2.88486,1.56318
31,-2.86102,1.76548
31,-2.83718,1.47838
31,-2.81334,1.24601
31,-2.7895,1.15105
31,-2.76566,1.13931
31,-2.74181,1.44169
31,-2.71797,1.4608
31,-2.69413,1.7153
31,-2.67029,1.16683
31,-2.64645,1.10063
31,-2.6226,2.6856
31,-2.59876,1.06554
31,-2.57492,0.946283
31,-2.55108,0.814921
31,-2.52724,0.95088
31,-2.5034,0.898633
31,-2.47955,0.962994
31,-2.45571,0.970446
31,-2.43187,0.987388
31,-2.40803,1.0093
31,-2.38419,1.25631
31,-2.36034,1.04875
31,-2.3365,1.50263
31,-2.31266,1.30213
31,-2.28882,6.85969
31,-2.26498,1.51486
31,-2.24113,1.26165
31,-2.21729,1.09026
31,-2.19345,1.04287
31,-2.16961,0.977622
31,-2.14577,1.17075
31,-2.12193,1.03851
31,-2.09808,2.55555
31,-2.07424,0.860165
31,-2.0504,0.806642
31,-2.02656,0.870732
31,-2.00272,0.994813
31,-1.97887,0.994396
31,-1.95503,0.992011
31,-1.93119,1.31048
31,-1.90735,1.42774
31,-1.88351,1.12996
31,-1.85966,1.18122
31,-1.83582,1.41933
31,-1.81198,1.09121
31,-1.78814,1.07589
31,-1.7643,1.26183
31,-1.74046,1.82031
31,-1.71661,1.18469
31,-1.69277,1.07993
31,-1.66893,1.76599
31,-1.64509,2.15257
31,-1.62125,3.66622
31,-1.5974,4.36566
31,-1.57356,1.72408
31,-1.54972,1.25472
31,-1.52588,1.58343
31,-1.50204,1.8816
31,-1.4782,1.62613
31,-1.45435,2.77321
31,-1.43051,3.06669
31,-1.40667,1.55352
31,-1.38283,1.43627
31,-1.35899,1.40161
31,-1.33514,2.10173
31,-1.3113,1.36087
31,-1.28746,1.36867
31,-1.26362,1.41428
31,-1.23978,1.73131
31,-1.21593,1.315
31,-1.19209,1.17038
31,-1.16825,1.18357
31,-1.14441,1.35879
31,-1.12057,1.374
31,-1.09673,1.25458
31,-1.07288,1.35319
31,-1.04904,1.39341
31,-1.0252,1.51584
31,-1.00136,1.64585
31,-0.977516,1.9208
31,-0.953674,2.20441
31,-0.929832,2.70585
31,-0.905991,2.60484
31,-0.882149,2.93093
31,-0.858307,3.10249
31,-0.834465,3.7046
31,-0.810623,3.00153
31,-0.786781,3.10425
31,-0.762939,3.19999
31,-0.739098,4.19888
31,-0.715256,2.94954
31,-0.691414,2.81773
31,-0.667572,2.94469
31,-0.64373,3.1756
31,-0.619888,3.41394
31,-0.596046,3.65392
31,-0.572205,4.02556
31,-0.548363,5.28011
31,-0.524521,4.62931
31,-0.500679,5.39408
31,-0.476837,6.27136
31,-0.452995,6.56314
31,-0.429153,7.12773
31,-0.405312,7.74791
31,-0.38147,8.5054
31,-0.357628,9.47476
31,-0.333786,11.2492
31,-0.309944,10.7058
31,-0.286102,12.0812
31,-0.26226,14.9782
31,-0.238419,18.594
31,-0.214577,22.3006
31,-0.190735,24.6844
31,-0.166893,25.8198
31,-0.143051,25.0363
31,-0.119209,24.306
31,-0.0953674,23.4643
31,-0.0715256,23.9366
31,-0.0476837,25.0197
31,-0.0238419,28.3281
31,0,19.795
31,0.0238419,17.3487
31,0.0476837,15.316
31,0.0715256,14.7266
31,0.0953674,10.7068
31,0.119209,9.852
31,0.143051,9.10156
31,0.166893,10.9154
31,0.190735,6.91845
31,0.214577,6.7573
31,0.238419,7.21155
31,0.26226,8.48458
31,0.286102,4.92175
31,0.309944,4.09061
31,0.333786,3.97878
31,0.357628,3.80618
31,0.38147,3.38759
31,0.405312,2.96438
31,0.429153,2.77966
31,0.452995,2.60573
31,0.476837,2.70085
31,0.500679,2.63361
31,0.524521,2.8174
31,0.548363,2.7394
31,0.572205,2.88708
31,0.596046,2.39627
31,0.619888,2.43038
31,0.64373,2.37193
31,0.667572,3.90291
31,0.691414,1.97751
31,0.715256,1.97839
31,0.739098,1.96601
31,0.762939,2.66357
31,0.786781,1.57824
31,0.810623,1.41398
31,0.834465,1.36209
31,0.858307,1.65139
31,0.882149,1.36241
31,0.905991,1.18922
31,0.929832,1.17849
31,0.953674,1.14831
31,0.977516,1.16849
31,1.00136,1.22184
31,1.0252,1.29155
31,1.04904,1.27862
31,1.07288,1.59334
31,1.09673,1.31994
31,1.12057,1.40113
31,1.14441,1.38519
31,1.16825,1.82237
31,1.19209,1.14115
31,1.21593,1.13124
31,1.23978,1.13832
31,1.26362,1.82347
31,1.28746,0.948861
31,1.3113,0.901804
31,1.33514,0.895963
31,1.35899,1.00121
31,1.38283,0.893998
31,1.40667,0.832776
31,1.43051,0.818649
31,1.45435,0.820036
31,1.4782,0.86861
31,1.50204,0.907419
31,1.52588,0.991599
31,1.54972,0.977022
31,1.57356,1.00504
31,1.5974,0.947817
31,1.62125,0.990897
31,1.64509,0.995747
31,1.66893,1.55232
31,1.69277,0.911491
31,1.71661,0.942319
31,1.74046,0.941961
31,1.7643,1.26732
31,1.78814,0.803345
31,1.81198,0.752304
31,1.83582,0.7532
31,1.85966,0.930185
31,1.88351,0.757051
31,1.90735,0.711533
31,1.93119,0.724654
31,1.95503,0.721971
31,1.97887,0.745074
31,2.00272,0.776701
31,2.02656,0.827406
31,2.0504,0.838718
31,2.07424,0.9901
31,2.09808,0.906219
31,2.12193,0.982807
31,2.14577,0.963179
31,2.16961,1.21921
31,2.19345,0.835679
31,2.21729,0.856477
31,2.24113,0.874826
31,2.26498,1.39753
31,2.28882,0.735504
31,2.31266,0.716984
31,2.3365,0.729338
31,2.36034,0.860453
31,2.38419,0.739237
31,2.40803,0.694267
31,2.43187,0.692637
31,2.45571,0.717555
31,2.47955,0.767404
31,2.5034,0.826055
31,2.52724,0.920236
31,2.55108,0.91832
31,2.57492,0.924295
31,2.59876,0.929581
31,2.6226,0.995162
31,2.64645,0.986411
31,2.67029,1.56208
31,2.69413,0.939911
31,2.71797,0.984362
31,2.74181,1.00098
31,2.76566,1.43057
31,2.7895,0.843214
31,2.81334,0.813221
31,2.83718,0.828374
31,2.86102,1.13005
31,2.88486,0.803298
31,2.90871,0.799929
31,2.93255,0.826482
31,2.95639,0.853472
31,2.98023,0.889893
31,3.00407,0.950433
31,3.02792,1.06843
31,3.05176,1.11145
31,3.0756,1.31392
31,3.09944,1.29805
31,3.12328,1.47822
31,3.14713,1.43858
31,3.17097,1.83033
31,3.19481,1.26452
31,3.21865,1.33114
31,3.24249,1.32134
31,3.26633,2.40048
31,3.29018,1.05708
31,3.31402,1.0608
31,3.33786,1.08922
31,3.3617,1.47105
31,3.38554,1.06641
31,3.40939,0.992443
31,3.43323,0.977242
31,3.45707,1.05082
31,3.48091,1.11279
31,3.50475,1.20648
31,3.52859,1.37534
31,3.55244,1.29987
31,3.57628,1.30709
31,3.60012,1.29144
31,3.62396,1.38068
31,3.6478,1.36705
31,3.67165,2.19523
31,3.69549,1.25686
31,3.71933,1.29054
31,3.74317,1.2462
31,3.76701,1.86946
31,3.79086,1.00649
31,3.8147,0.975164
31,3.83854,0.978869
31,3.86238,1.334
31,3.88622,0.843843
31,3.91006,0.782804
31,3.93391,0.763585
31,3.95775,0.795533
31,3.98159,0.773388
31,4.00543,0.757339
31,4.02927,0.773749
31,4.05312,0.793371
31,4.07696,0.844213
31,4.1008,0.813966
31,4.12464,0.84602
31,4.14848,0.808513
31,4.17233,0.93483
31,4.19617,0.731845
31,4.22001,0.7275
31,4.24385,0.742954
31,4.26769,1.03768
31,4.29153,0.606736
31,4.31538,0.600344
31,4.33922,0.601936
31,4.36306,0.705131
31,4.3869,0.569872
31,4.41074,0.546059
31,4.43459,0.552916
31,4.45843,0.548691
31,4.48227,0.545766
31,4.50611,0.544481
31,4.52995,0.553493
31,4.55379,0.549021
31,4.57764,0.542199
31,4.60148,0.536538
31,4.62532,0.543483
31,4.64916,0.552484
31,4.673,0.613703
31,4.69685,0.526955
31,4.72069,0.539304
31,4.74453,0.536913
31,4.76837,0.594153
31,4.79221,0.508203
31,4.81606,0.513065
31,4.8399,0.509806
31,4.86374,0.543294
31,4.88758,0.484251
31,4.91142,0.477671
31,4.93526,0.478825
31,4.95911,0.496588
31,4.98295,0.476959
31,5.00679,0.475809
31,5.03063,0.480321
31,5.05447,0.471231
31,5.07832,0.477918
31,5.10216,0.47537
31,5.126,0.481747
31,5.14984,0.47271
31,5.17368,0.483294
31,5.19753,0.481518
31,5.22137,0.467484
31,5.24521,0.481004
31,5.26905,0.510234
31,5.29289,0.465192
31,5.31673,0.461938
31,5.34058,0.459729
31,5.36442,0.485098
31,5.38826,0.456128
31,5.4121,0.453567
31,5.43594,0.449845
31,5.45979,0.456967
31,5.48363,0.447145
31,5.50747,0.44819
31,5.53131,0.457884
31,5.55515,0.456126
31,5.57899,0.449697
31,5.60284,0.457936
31,5.62668,0.452368
31,5.65052,0.452742
31,5.67436,0.460906
31,5.6982,0.453987
31,5.72205,0.452497
31,5.74589,0.455921
31,5.76973,0.460705
31,5.79357,0.456121
31,5.81741,0.451504
31,5.84126,0.45334
31,5.8651,0.452661
31,5.88894,0.444902
31,5.91278,0.441569
31,5.93662,0.435437
31,5.96046,0.457911
31,5.98431,0.43596
31,6.00815,0.439445
31,6.03199,0.436616
31,6.05583,0.43716
31,6.07967,0.441689
31,6.10352,0.437076
31,6.12736,0.440949
31,6.1512,0.445764
31,6.17504,0.442018
31,6.19888,0.440754
31,6.22272,0.443699
31,6.24657,0.44472
31,6.27041,0.447221
31,6.29425,0.450558
31,6.31809,0.441482
31,6.34193,0.442064
31,6.36578,0.453671
31,6.38962,0.441429
31,6.41346,0.443546
31,6.4373,0.440304
31,6.46114,0.442952
31,6.48499,0.44473
31,6.50883,0.433652
31,6.53267,0.444304
31,6.55651,0.442431
31,6.58035,0.44162
31,6.60419,0.433402
31,6.62804,0.430886
31,6.65188,0.437916
31,6.67572,0.435801
31,6.69956,0.428412
31,6.7234,0.43257
31,6.74725,0.433313
31,6.77109,0.433752
31,6.79493,0.433254
31,6.81877,0.439273
31,6.84261,0.437858
31,6.86646,0.445239
31,6.8903,0.441305
31,6.91414,0.44155
31,6.93798,0.445157
31,6.96182,0.444321
31,6.98566,0.433108
31,7.00951,0.422913
31,7.03335,0.440757
31,7.05719,0.442619
31,7.08103,0.431377
31,7.10487,0.425675
31,7.12872,0.427311
31,7.15256,0.424403
31,7.1764,0.431122
31,7.20024,0.42664
31,7.22408,0.427925
31,7.24792,0.432673
31,7.27177,0.435143
31,7.29561,0.43134
31,7.31945,0.428451
31,7.34329,0.420409
31,7.36713,0.434419
31,7.39098,0.436161
31,7.41482,0.425776
31,7.43866,0.436463
31,7.4625,0.435898
31,7.48634,0.428634
31,7.51019,0.429623
31,7.53403,0.427347
31,7.55787,0.426018
31,7.58171,0.430806
31,7.60555,0.427956
31,7.62939,0.426941
31,7.65324,0.429097
31,7.67708,0.428529
31,7.70092,0.420444
31,7.72476,0.425984
31,7.7486,0.430172
31,7.77245,0.420926
31,7.79629,0.431325
31,7.82013,0.425426
31,7.84397,0.41963
31,7.86781,0.426906
31,7.89165,0.429882
31,7.9155,0.42908
31,7.93934,0.423504
31,7.96318,0.427232
31,7.98702,0.423723
31,8.01086,0.424552
31,8.03471,0.424573
31,8.05855,0.425999
31,8.08239,0.428573
31,8.10623,0.416794
31,8.13007,0.421325
31,8.15392,0.421656
31,8.17776,0.419046
31,8.2016,0.416568
31,8.22544,0.418857
31,8.24928,0.420288
31,8.27312,0.417899
31,8.29697,0.416886
31,8.32081,0.414122
31,8.34465,0.421703
31,8.36849,0.418297
31,8.39233,0.420594
31,8.41618,0.416898
31,8.44002,0.417791
31,8.46386,0.427539
31,8.4877,0.418803
31,8.51154,0.423465
31,8.53539,0.418103
31,8.55923,0.410662
31,8.58307,0.415415
31,8.60691,0.421537
31,8.63075,0.408883
31,8.65459,0.417235
31,8.67844,0.417332
31,8.70228,0.423832
31,8.72612,0.419517
31,8.74996,0.40969
31,8.7738,0.418309
31,8.79765,0.411915
31,8.82149,0.415227
31,8.84533,0.42175
31,8.86917,0.452896
31,8.89301,0.465273
31,8.91685,0.462332
31,8.9407,0.422914
31,8.96454,0.414715
31,8.98838,0.414406
31,9.01222,0.414086
31,9.03606,0.422824
31,9.05991,0.417865
31,9.08375,0.408481
31,9.10759,0.415001
31,9.13143,0.414147
31,9.15527,0.416476
31,9.17912,0.422412
31,9.20296,0.410816
31,9.2268,0.409716
31,9.25064,0.405725
31,9.27448,0.411052
31,9.29832,0.410969
31,9.32217,0.41003
31,9.34601,0.40868
31,9.36985,0.411054
31,9.39369,0.403568
31,9.41753,0.412886
31,9.44138,0.40854
31,9.46522,0.413994
31,9.48906,0.412623
31,9.5129,0.408665
31,9.53674,0.40971
31,9.56059,0.410213
31,9.58443,0.420153
31,9.60827,0.417106
31,9.63211,0.419199
31,9.65595,0.422092
31,9.67979,0.419968
31,9.70364,0.410493
31,9.72748,0.415081
31,9.75132,0.413253
31,9.77516,0.411449
31,9.799,0.43014
31,9.82285,0.433673
31,9.84669,0.435373
31,9.87053,0.431155
31,9.89437,0.427448
31,9.91821,0.425183
31,9.94205,0.424701
31,9.9659,0.465388
31,9.98974,0.42142
31,10.0136,0.411365
31,10.0374,0.426037
31,10.0613,0.422916
31,10.0851,0.415023
31,10.1089,0.415874
31,10.1328,0.415787
31,10.1566,0.413216
31,10.1805,0.40794
31,10.2043,0.410543
31,10.2282,0.416771
31,10.252,0.415685
31,10.2758,0.408693
31,10.2997,0.413065
31,10.3235,0.397659
31,10.3474,0.405344
31,10.3712,0.408599
31,10.3951,0.404775
31,10.4189,0.400112
31,10.4427,0.403029
31,10.4666,0.4058
31,10.4904,0.411767
31,10.5143,0.403476
31,10.5381,0.405653
31,10.5619,0.406784
31,10.5858,0.406058
31,10.6096,0.406176
31,10.6335,0.41039
31,10.6573,0.403492
31,10.6812,0.406802
31,10.705,0.406546
31,10.7288,0.405253
31,10.7527,0.405636
31,10.7765,0.402523
31,10.8004,0.407966
31,10.8242,0.406372
31,10.848,0.409706
31,10.8719,0.40603
31,10.8957,0.416703
31,10.9196,0.404009
31,10.9434,0.4056
31,10.9673,0.411504
31,10.9911,0.402804
31,11.0149,0.40073
31,11.0388,0.40763
31,11.0626,0.400072
31,11.0865,0.406455
31,11.1103,0.40571
31,11.1341,0.40822
31,11.158,0.40832
31,11.1818,0.402924
31,11.2057,0.405284
31,11.2295,0.400465
31,11.2534,0.410028
31,11.2772,0.407429
31,11.301,0.399567
31,11.3249,0.399401
31,11.3487,0.405315
31,11.3726,0.402001
31,11.3964,0.400189
31,11.4202,0.397098
31,11.4441,0.403066
31,11.4679,0.400484
31,11.4918,0.399582
31,11.5156,0.398794
31,11.5395,0.397186
31,11.5633,0.39938
31,11.5871,0.398548
31,11.611,0.408031
31,11.6348,0.405832
31,11.6587,0.411611
31,11.6825,0.399116
31,11.7064,0.3987
31,11.7302,0.404345
31,11.754,0.40376
31,11.7779,0.402795
31,11.8017,0.400874
31,11.8256,0.397612
31,11.8494,0.392989
31,11.8732,0.401753
31,11.8971,0.396285
31,11.9209,0.397323
31,11.9448,0.39902
31,11.9686,0.404212
31,11.9925,0.402772
31,12.0163,0.391339
31,12.0401,0.403461
31,12.064,0.402239
31,12.0878,0.401235
31,12.1117,0.403001
31,12.1355,0.404894
31,12.1593,0.402787
31,12.1832,0.402039
31,12.207,0.403925
31,12.2309,0.39694
31,12.2547,0.401281
31,12.2786,0.405588
31,12.3024,0.404197
31,12.3262,0.400975
31,12.3501,0.402927
31,12.3739,0.405743
31,12.3978,0.389493
31,12.4216,0.398037
31,12.4454,0.403108
31,12.4693,0.4025
31,12.4931,0.399024
31,12.517,0.398912
31,12.5408,0.396976
31,12.5647,0.395711
31,12.5885,0.39606
31,12.6123,0.402736
31,12.6362,0.393504
31,12.66,0.400154
31,12.6839,0.397362
31,12.7077,0.398812
31,12.7316,0.397394
31,12.7554,0.390327
31,12.7792,0.404172
31,12.8031,0.394535
31,12.8269,0.398424
31,12.8508,0.402278
31,12.8746,0.400408
31,12.8984,0.393127
31,12.9223,0.402044
31,12.9461,0.40081
31,12.97,0.402383
31,12.9938,0.400715
31,13.0177,0.391029
31,13.0415,0.400847
31,13.0653,0.397513
31,13.0892,0.393367
31,13.113,0.390868
31,13.1369,0.392772
31,13.1607,0.397203
31,13.1845,0.39552
31,13.2084,0.393296
31,13.2322,0.393854
31,13.2561,0.395392
31,13.2799,0.396137
31,13.3038,0.396488
31,13.3276,0.396738
31,13.3514,0.400707
31,13.3753,0.399521
31,13.3991,0.401393
31,13.423,0.400207
31,13.4468,0.394662
31,13.4706,0.395216
31,13.4945,0.394935
31,13.5183,0.40342
31,13.5422,0.397962
31,13.566,0.396781
31,13.5899,0.399639
31,13.6137,0.395725
31,13.6375,0.39053
31,13.6614,0.398734
31,13.6852,0.398202
31,13.7091,0.394648
31,13.7329,0.405031
31,13.7568,0.40141
31,13.7806,0.39219
31,13.8044,0.397057
31,13.8283,0.397664
31,13.8521,0.400179
31,13.876,0.409496
31,13.8998,0.406424
31,13.9236,0.39536
31,13.9475,0.399968
31,13.9713,0.403331
31,13.9952,0.395925
31,14.019,0.395655
31,14.0429,0.392508
31,14.0667,0.393414
31,14.0905,0.403583
31,14.1144,0.395052
31,14.1382,0.389925
31,14.1621,0.391571
31,14.1859,0.39423
31,14.2097,0.394878
31,14.2336,0.390929
31,14.2574,0.384811
31,14.2813,0.390393
31,14.3051,0.396226
31,14.329,0.385795
31,14.3528,0.389523
31,14.3766,0.39304
31,14.4005,0.384913
31,14.4243,0.391273
31,14.4482,0.391661
31,14.472,0.390966
31,14.4958,0.3904
31,14.5197,0.393197
31,14.5435,0.392272
31,14.5674,0.391536
31,14.5912,0.391319
31,14.6151,0.402069
31,14.6389,0.382231
31,14.6627,0.379482
31,14.6866,0.395437
31,14.7104,0.388856
31,14.7343,0.38943
31,14.7581,0.391139
31,14.782,0.387708
31,14.8058,0.390167
31,14.8296,0.397341
31,14.8535,0.389159
31,14.8773,0.39904
31,14.9012,0.394049
31,14.925,0.390635
31,14.9488,0.391705
31,14.9727,0.3907
31,14.9965,0.389438
30,-14.9965,-2.06427
30,-14.9727,-2.05187
30,-14.9488,-2.02484
30,-14.925,-2.01839
30,-14.9012,-2.06726
30,-14.8773,-2.03624
30,-14.8535,-2.11211
30,-14.8296,-2.08156
30,-14.8058,-2.01021
30,-14.782,-2.00764
30,-14.7581,-2.00011
30,-14.7343,-2.05376
30,-14.7104,-2.03821
30,-14.6866,-2.01671
30,-14.6627,-2.05586
30,-14.6389,-2.09133
30,-14.6151,-2.06242
30,-14.5912,-2.03572
30,-14.5674,-2.07098
30,-14.5435,-1.91265
30,-14.5197,-2.04848
30,-14.4958,-2.0345
30,-14.472,-1.97122
30,-14.4482,-2.01141
30,-14.4243,-2.03629
30,-14.4005,-2.07088
30,-14.3766,-2.02635
30,-14.3528,-2.11761
30,-14.329,-2.05835
30,-14.3051,-2.07174
30,-14.2813,-2.02832
30,-14.2574,-1.77202
30,-14.2336,-1.93402
30,-14.2097,-1.95522
30,-14.1859,-1.9985
30,-14.1621,-2.0794
30,-14.1382,-1.98681
30,-14.1144,-2.00415
30,-14.0905,-2.01799
30,-14.0667,-1.99615
30,-14.0429,-2.06082
30,-14.019,-1.97188
30,-13.9952,-1.98697
30,-13.9713,-1.9237
30,-13.9475,-2.03903
30,-13.9236,-2.00901
30,-13.8998,-1.91877
30,-13.876,-1.97763
30,-13.8521,-2.04074
30,-13.8283,-2.01371
30,-13.8044,-1.89194
30,-13.7806,-2.04548
30,-13.7568,-1.95224
30,-13.7329,-2.00907
30,-13.7091,-2.00112
30,-13.6852,-2.01135
30,-13.6614,-2.08193
30,-13.6375,-2.0284
30,-13.6137,-1.94845
30,-13.5899,-1.95012
30,-13.566,-2.05126
30,-13.5422,-1.97031
30,-13.5183,-2.05698
30,-13.4945,-1.97639
30,-13.4706,-1.87517
30,-13.4468,-2.00552
30,-13.423,-2.04273
30,-13.3991,-2.0235
30,-13.3753,-2.0025
30,-13.3514,-1.98562
30,-13.3276,-1.98707
30,-13.3038,-1.98122
30,-13.2799,-1.93607
30,-13.2561,-1.91387
30,-13.2322,-1.91031
30,-13.2084,-2.04325
30,-13.1845,-2.02556
30,-13.1607,-1.98188
30,-13.1369,-1.90283
30,-13.113,-1.98677
30,-13.0892,-1.94614
30,-13.0653,-2.07095
30,-13.0415,-1.99336
30,-13.0177,-2.03162
30,-12.9938,-1.96064
30,-12.97,-1.95112
30,-12.9461,-2.01919
30,-12.9223,-1.95967
30,-12.8984,-1.94365
30,-12.8746,-1.93971
30,-12.8508,-1.94722
30,-12.8269,-1.92715
30,-12.8031,-1.98247
30,-12.7792,-1.91121
30,-12.7554,-1.93098
30,-12.7316,-1.95118
30,-12.7077,-1.97674
30,-12.6839,-2.02908
30,-12.66,-2.02796
30,-12.6362,-1.99358
30,-12.6123,-2.02504
30,-12.5885,-1.96129
30,-12.5647,-1.85004
30,-12.5408,-1.93239
30,-12.517,-1.88236
30,-12.4931,-1.91572
30,-12.4693,-1.9294
30,-12.4454,-1.93784
30,-12.4216,-2.00271
30,-12.3978,-1.95807
30,-12.3739,-1.9306
30,-12.3501,-1.97346
30,-12.3262,-1.9595
30,-12.3024,-1.99997
30,-12.2786,-1.89034
30,-12.2547,-1.95197
30,-12.2309,-1.91228
30,-12.207,-2.01849
30,-12.1832,-1.96638
30,-12.1593,-2.01405
30,-12.1355,-1.93248
30,-12.1117,-1.95863
30,-12.0878,-1.97228
30,-12.064,-1.91268
30,-12.0401,-1.89998
30,-12.0163,-1.91108
30,-11.9925,-1.95004
30,-11.9686,-1.98988
30,-11.9448,-1.91679
30,-11.9209,-1.94954
30,-11.8971,-1.92058
30,-11.8732,-1.98442
30,-11.8494,-1.90224
30,-11.8256,-1.95196
30,-11.8017,-1.90014
30,-11.7779,-1.93922
30,-11.754,-2.01503
30,-11.7302,-1.98239
30,-11.7064,-1.98328
30,-11.6825,-1.87372
30,-11.6587,-1.93872
30,-11.6348,-2.0083
30,-11.611,-1.81978
30,-11.5871,-1.92624
30,-11.5633,-1.92533
30,-11.5395,-1.8832
30,-11.5156,-1.96395
30,-11.4918,-1.86247
30,-11.4679,-1.96822
30,-11.4441,-1.92347
30,-11.4202,-1.97813
30,-11.3964,-1.88351
30,-11.3726,-1.8428
30,-11.3487,-1.96989
30,-11.3249,-1.95015
30,-11.301,-2.00035
30,-11.2772,-1.88321
30,-11.2534,-1.90347
30,-11.2295,-1.87668
30,-11.2057,-1.93068
30,-11.1818,-1.97184
30,-11.158,-1.87188
30,-11.1341,-1.98919
30,-11.1103,-1.91227
30,-11.0865,-1.84403
30,-11.0626,-1.87303
30,-11.0388,-1.95491
30,-11.0149,-1.91976
30,-10.9911,-1.90528
30,-10.9673,-1.96558
30,-10.9434,-1.87379
30,-10.9196,-1.89578
30,-10.8957,-1.91505
30,-10.8719,-1.88285
30,-10.848,-1.86243
30,-10.8242,-1.87761
30,-10.8004,-1.966
30,-10.7765,-1.99538
30,-10.7527,-1.96597
30,-10.7288,-1.89323
30,-10.705,-1.99081
30,-10.6812,-1.98023
30,-10.6573,-1.99227
30,-10.6335,-2.00711
30,-10.6096,-1.94433
30,-10.5858,-1.90957
30,-10.5619,-1.92072
30,-10.5381,-1.84209
30,-10.5143,-1.87708
30,-10.4904,-1.92764
30,-10.4666,-1.86505
30,-10.4427,-1.87774
30,-10.4189,-1.87608
30,-10.3951,-1.83683
30,-10.3712,-1.853
30,-10.3474,-1.91311
30,-10.3235,-1.88461
30,-10.2997,-1.91649
30,-10.2758,-1.86571
30,-10.252,-1.85089
30,-10.2282,-1.73776
30,-10.2043,-0.912941
30,-10.1805,-1.79181
30,-10.1566,-1.8675
30,-10.1328,-1.86509
30,-10.1089,-1.88816
30,-10.0851,-1.82126
30,-10.0613,-1.93366
30,-10.0374,-1.89685
30,-10.0136,-1.8113
30,-9.98974,-1.85607
30,-9.9659,-1.79365
30,-9.94205,-1.86559
30,-9.91821,-1.71365
30,-9.89437,-1.87991
30,-9.87053,-1.84551
30,-9.84669,-1.91174
30,-9.82285,-1.85131
30,-9.799,-1.94417
30,-9.77516,-1.86652
30,-9.75132,-1.88638
30,-9.72748,-1.86975
30,-9.70364,-1.89757
30,-9.67979,-1.89478
30,-9.65595,-1.88819
30,-9.63211,-1.9017
30,-9.60827,-1.84266
30,-9.58443,-1.91988
30,-9.56059,-1.92209
30,-9.53674,-1.88343
30,-9.5129,-1.77707
30,-9.48906,-1.85135
30,-9.46522,-1.90336
30,-9.44138,-1.88972
30,-9.41753,-1.7645
30,-9.39369,-1.83446
30,-9.36985,-1.82894
30,-9.34601,-1.85988
30,-9.32217,-1.83816
30,-9.29832,-1.90783
30,-9.27448,-1.88116
30,-9.25064,-1.81492
30,-9.2268,-1.89999
30,-9.20296,-1.78024
30,-9.17912,-1.80337
30,-9.15527,-1.92834
30,-9.13143,-1.90443
30,-9.10759,-1.83183
30,-9.08375,-1.91858
30,-9.05991,-1.88425
30,-9.03606,-1.88591
30,-9.01222,-1.75864
30,-8.98838,-1.863
30,-8.96454,-1.89487
30,-8.9407,-1.79548
30,-8.91685,-1.84278
30,-8.89301,-1.85954
30,-8.86917,-1.88057
30,-8.84533,-1.87364
30,-8.82149,-1.88162
30,-8.79765,-1.85738
30,-8.7738,-1.82703
30,-8.74996,-1.81496
30,-8.72612,-1.83523
30,-8.70228,-1.8138
30,-8.67844,-1.86402
30,-8.65459,-1.77801
30,-8.63075,-1.83527
30,-8.60691,-1.7095
30,-8.58307,-1.83615
30,-8.55923,-1.91492
30,-8.53539,-1.88258
30,-8.51154,-1.72674
30,-8.4877,-1.86332
30,-8.46386,-1.7887
30,-8.44002,-1.81584
30,-8.41618,-1.8523
30,-8.39233,-1.80283
30,-8.36849,-1.90726
30,-8.34465,-1.82694
30,-8.32081,-1.73326
30,-8.29697,-1.74539
30,-8.27312,-1.79285
30,-8.24928,-1.84779
30,-8.22544,-1.78132
30,-8.2016,-1.72155
30,-8.17776,-1.84173
30,-8.15392,-1.8536
30,-8.13007,-1.74112
30,-8.10623,-1.63551
30,-8.08239,-1.7078
30,-8.05855,-1.77515
30,-8.03471,-1.75802
30,-8.01086,-1.69444
30,-7.98702,-1.78678
30,-7.96318,-1.81825
30,-7.93934,-1.82531
30,-7.9155,-1.7338
30,-7.89165,-1.74142
30,-7.86781,-1.80283
30,-7.84397,-1.7603
30,-7.82013,-1.82768
30,-7.79629,-1.73827
30,-7.77245,-1.85514
30,-7.7486,-1.80066
30,-7.72476,-1.77265
30,-7.70092,-1.59301
30,-7.67708,-1.79454
30,-7.65324,-1.86662
30,-7.62939,-1.80231
30,-7.60555,-1.50265
30,-7.58171,-1.71888
30,-7.55787,-1.77332
30,-7.53403,-1.77706
30,-7.51019,-1.63005
30,-7.48634,-1.75601
30,-7.4625,-1.77051
30,-7.43866,-1.82291
30,-7.41482,-1.66405
30,-7.39098,-1.73587
30,-7.36713,-1.81424
30,-7.34329,-1.81758
30,-7.31945,-1.6414
30,-7.29561,-1.68195
30,-7.27177,-1.82447
30,-7.24792,-1.76325
30,-7.22408,-1.72754
30,-7.20024,-1.42051
30,-7.1764,-1.81084
30,-7.15256,-1.75494
30,-7.12872,-1.77865
30,-7.10487,-1.48066
30,-7.08103,-1.79899
30,-7.05719,-1.8263
30,-7.03335,-1.73907
30,-7.00951,-1.56029
30,-6.98566,-1.77266
30,-6.96182,-1.81193
30,-6.93798,-1.81717
30,-6.91414,-1.59247
30,-6.8903,-1.68009
30,-6.86646,-1.80562
30,-6.84261,-1.77274
30,-6.81877,-1.62755
30,-6.79493,-1.54909
30,-6.77109,-1.74836
30,-6.74725,-1.76578
30,-6.7234,-1.69533
30,-6.69956,-1.32274
30,-6.67572,-1.66313
30,-6.65188,-1.79081
30,-6.62804,-1.79282
30,-6.60419,-1.48
30,-6.58035,-1.71583
30,-6.55651,-1.73091
30,-6.53267,-1.8119
30,-6.50883,-1.56236
30,-6.48499,-1.75955
30,-6.46114,-1.72639
30,-6.4373,-1.73027
30,-6.41346,-1.51244
30,-6.38962,-1.61785
30,-6.36578,-1.79607
30,-6.34193,-1.73803
30,-6.31809,-1.5734
30,-6.29425,-1.51513
30,-6.27041,-1.67284
30,-6.24657,-1.7186
30,-6.22272,-1.6678
30,-6.19888,-1.40343
30,-6.17504,-1.70792
30,-6.1512,-1.66225
30,-6.12736,-1.73228
30,-6.10352,-1.61364
30,-6.07967,-1.65057
30,-6.05583,-1.753
30,-6.03199,-1.64936
30,-6.00815,-1.39563
30,-5.98431,-1.67879
30,-5.96046,-1.57711
30,-5.93662,-1.62724
30,-5.91278,-1.23333
30,-5.88894,-1.57689
30,-5.8651,-1.71809
30,-5.84126,-1.64139
30,-5.81741,-1.37186
30,-5.79357,-1.36031
30,-5.76973,-1.7247
30,-5.74589,-1.70264
30,-5.72205,-1.56477
30,-5.6982,-1.3373
30,-5.67436,-1.66812
30,-5.65052,-1.71829
30,-5.62668,-1.55236
30,-5.60284,-1.53186
30,-5.57899,-1.59955
30,-5.55515,-1.78041
30,-5.53131,-1.61588
30,-5.50747,-1.01803
30,-5.48363,-1.57954
30,-5.45979,-1.65327
30,-5.43594,-1.53711
30,-5.4121,-0.792853
30,-5.38826,-1.37921
30,-5.36442,-1.52324
30,-5.34058,-1.40373
30,-5.31673,-0.877206
30,-5.29289,-0.967375
30,-5.26905,-1.50378
30,-5.24521,-1.55923
30,-5.22137,-1.33191
30,-5.19753,-1.09465
30,-5.17368,-1.49558
30,-5.14984,-1.51551
30,-5.126,-1.40807
30,-5.10216,-0.964159
30,-5.07832,-1.42652
30,-5.05447,-1.41221
30,-5.03063,-1.3429
30,-5.00679,-0.328297
30,-4.98295,-1.29786
30,-4.95911,-1.3877
30,-4.93526,-1.13003
30,-4.91142,0.882546
30,-4.88758,-0.661009
30,-4.86374,-1.31491
30,-4.8399,-1.2321
30,-4.81606,-0.0790486
30,-4.79221,-0.258361
30,-4.76837,-1.0063
30,-4.74453,-1.11146
30,-4.72069,-0.753306
30,-4.69685,-0.298922
30,-4.673,-0.996712
30,-4.64916,-1.03718
30,-4.62532,-0.893479
30,-4.60148,-0.678852
30,-4.57764,-1.12261
30,-4.55379,-1.14799
30,-4.52995,-0.628993
30,-4.50611,2.96907
30,-4.48227,-0.197331
30,-4.45843,-0.670034
30,-4.43459,-0.113064
30,-4.41074,3.46693
30,-4.3869,0.914408
30,-4.36306,-0.242851
30,-4.33922,0.0852148
30,-4.31538,2.95632
30,-4.29153,2.01916
30,-4.26769,-0.104036
30,-4.24385,-0.399055
30,-4.22001,0.13129
30,-4.19617,0.680672
30,-4.17233,-0.354155
30,-4.14848,-0.0496216
30,-4.12464,0.82072
30,-4.1008,2.97975
30,-4.07696,0.89007
30,-4.05312,0.737695
30,-4.02927,1.56367
30,-4.00543,5.91701
30,-3.98159,1.71935
30,-3.95775,0.939378
30,-3.93391,2.24378
30,-3.91006,8.52722
30,-3.88622,3.48554
30,-3.86238,0.419154
30,-3.83854,0.968679
30,-3.8147,4.96606
30,-3.79086,3.81967
30,-3.76701,1.56309
30,-3.74317,1.29247
30,-3.71933,2.27151
30,-3.69549,2.83167
30,-3.67165,1.22208
30,-3.6478,1.08376
30,-3.62396,1.39865
30,-3.60012,1.68514
30,-3.57628,0.183905
30,-3.55244,-0.139662
30,-3.52859,1.65876
30,-3.50475,8.02103
30,-3.48091,2.12017
30,-3.45707,0.734174
30,-3.43323,1.6866
30,-3.40939,6.75099
30,-3.38554,2.66047
30,-3.3617,0.771784
30,-3.33786,1.23986
30,-3.31402,4.8501
30,-3.29018,2.82095
30,-3.26633,0.370949
30,-3.24249,-0.280371
30,-3.21865,0.0404359
30,-3.19481,0.195617
30,-3.17097,-0.388499
30,-3.14713,-0.113673
30,-3.12328,0.764286
30,-3.09944,2.56859
30,-3.0756,0.438281
30,-3.05176,0.171523
30,-3.02792,0.923806
30,-3.00407,4.49746
30,-2.98023,0.701563
30,-2.95639,0.0596048
30,-2.93255,0.999498
30,-2.90871,6.20578
30,-2.88486,1.43948
30,-2.86102,-0.477358
30,-2.83718,-0.0863601
30,-2.81334,2.70828
30,-2.7895,1.24706
30,-2.76566,0.268283
30,-2.74181,-0.0308295
30,-2.71797,0.589518
30,-2.69413,0.486916
30,-2.67029,6.82084e-05
30,-2.64645,-0.0268106
30,-2.6226,0.162304
30,-2.59876,0.298909
30,-2.57492,-0.593742
30,-2.55108,-0.650149
30,-2.52724,0.607507
30,-2.5034,5.19944
30,-2.47955,0.679167
30,-2.45571,-0.0400436
30,-2.43187,0.543343
30,-2.40803,4.36169
30,-2.38419,1.03228
30,-2.36034,0.15342
30,-2.3365,0.430282
30,-2.31266,3.0392
30,-2.28882,1.19823
30,-2.26498,-0.0634259
30,-2.24113,-0.343053
30,-2.21729,-0.294705
30,-2.19345,-0.249752
30,-2.16961,-0.267727
30,-2.14577,-0.0318539
30,-2.12193,0.753362
30,-2.09808,2.04702
30,-2.07424,0.522937
30,-2.0504,0.297769
30,-2.02656,1.12349
30,-2.00272,4.05151
30,-1.97887,0.917874
30,-1.95503,0.478215
30,-1.93119,1.276
30,-1.90735,6.16659
30,-1.88351,1.33406
30,-1.85966,0.0214043
30,-1.83582,0.38208
30,-1.81198,2.51795
30,-1.78814,1.53266
30,-1.7643,0.868435
30,-1.74046,0.88008
30,-1.71661,1.22006
30,-1.69277,1.25431
30,-1.66893,0.972762
30,-1.64509,1.12623
30,-1.62125,1.51365
30,-1.5974,1.5372
30,-1.57356,0.764418
30,-1.54972,0.736362
30,-1.52588,2.36504
30,-1.50204,7.03507
30,-1.4782,2.32452
30,-1.45435,1.64056
30,-1.43051,2.36248
30,-1.40667,6.55757
30,-1.38283,2.87224
30,-1.35899,2.14826
30,-1.33514,2.59004
30,-1.3113,5.59525
30,-1.28746,3.30759
30,-1.26362,2.10006
30,-1.23978,1.95457
30,-1.21593,2.02817
30,-1.19209,2.06764
30,-1.16825,2.29152
30,-1.14441,2.78525
30,-1.12057,4.31392
30,-1.09673,5.77779
30,-1.07288,3.93222
30,-1.04904,3.89142
30,-1.0252,5.25822
30,-1.00136,8.72311
30,-0.977516,4.86231
30,-0.953674,4.4981
30,-0.929832,5.90684
30,-0.905991,11.8237
30,-0.882149,5.91531
30,-0.858307,4.36335
30,-0.834465,5.11224
30,-0.810623,7.94841
30,-0.786781,6.96568
30,-0.762939,6.60633
30,-0.739098,6.79446
30,-0.715256,7.62007
30,-0.691414,7.71579
30,-0.667572,7.90351
30,-0.64373,8.45538
30,-0.619888,9.77182
30,-0.596046,10.3082
30,-0.572205,9.05852
30,-0.548363,9.4782
30,-0.524521,13.1933
30,-0.500679,18.5138
30,-0.476837,13.1578
30,-0.452995,13.0431
30,-0.429153,15.0361
30,-0.405312,20.7443
30,-0.38147,16.8293
30,-0.357628,17.163
30,-0.333786,19.4972
30,-0.309944,24.6664
30,-0.286102,22.9339
30,-0.26226,24.8214
30,-0.238419,29.7716
30,-0.214577,39.4995
30,-0.190735,36.9029
30,-0.166893,28.0203
30,-0.143051,24.0803
30,-0.119209,23.5417
30,-0.0953674,23.6416
30,-0.0715256,18.8992
30,-0.0476837,16.9088
30,-0.0238419,17.3257
30,0,20.3613
30,0.0238419,14.6599
30,0.0476837,12.7385
30,0.0715256,13.3314
30,0.0953674,18.9376
30,0.119209,11.8343
30,0.143051,9.03826
30,0.166893,8.96869
30,0.190735,11.4811
30,0.214577,9.2352
30,0.238419,8.11458
30,0.26226,7.56258
30,0.286102,8.28382
30,0.309944,7.31775
30,0.333786,6.50109
30,0.357628,6.36442
30,0.38147,7.04438
30,0.405312,6.95456
30,0.429153,4.94323
30,0.452995,4.57959
30,0.476837,7.21279
30,0.500679,11.1776
30,0.524521,5.57128
30,0.548363,4.28438
30,0.572205,5.0535
30,0.596046,9.51264
30,0.619888,4.701
30,0.64373,3.58412
30,0.667572,3.9971
30,0.691414,7.37093
30,0.715256,3.79247
30,0.739098,2.55011
30,0.762939,2.13334
30,0.786781,2.17129
30,0.810623,1.88561
30,0.834465,1.8817
30,0.858307,2.17547
30,0.882149,3.78039
30,0.905991,4.21843
30,0.929832,2.26475
30,0.953674,2.10356
30,0.977516,3.46187
30,1.00136,5.78307
30,1.0252,2.19051
30,1.04904,1.53679
30,1.07288,2.72368
30,1.09673,7.52676
30,1.12057,1.89268
30,1.14441,0.787038
30,1.16825,1.02676
30,1.19209,3.61781
30,1.21593,1.6508
30,1.23978,0.950762
30,1.26362,0.930174
30,1.28746,1.74095
30,1.3113,1.07419
30,1.33514,0.769622
30,1.35899,0.752524
30,1.38283,1.28709
30,1.40667,1.01726
30,1.43051,0.229722
30,1.45435,0.279302
30,1.4782,2.49264
30,1.50204,5.14436
30,1.52588,1.12234
30,1.54972,0.496964
30,1.57356,1.37348
30,1.5974,4.85441
30,1.62125,0.926589
30,1.64509,0.39702
30,1.66893,0.752642
30,1.69277,3.89554
30,1.71661,0.710252
30,1.74046,-0.0564603
30,1.7643,-0.216037
30,1.78814,0.0386552
30,1.81198,-0.309506
30,1.83582,-0.345771
30,1.85966,0.0166384
30,1.88351,1.36582
30,1.90735,1.49449
30,1.93119,0.26659
30,1.95503,0.251621
30,1.97887,1.62571
30,2.00272,3.16223
30,2.02656,0.396519
30,2.0504,0.092599
30,2.07424,1.47401
30,2.09808,5.58899
30,2.12193,0.438341
30,2.14577,-0.505917
30,2.16961,-0.0901113
30,2.19345,2.79382
30,2.21729,0.531335
30,2.24113,-0.0421371
30,2.26498,-0.00418715
30,2.28882,0.933532
30,2.31266,0.169005
30,2.3365,-0.0465473
30,2.36034,0.157013
30,2.38419,0.648924
30,2.40803,0.130372
30,2.43187,-0.359127
30,2.45571,-0.29563
30,2.47955,2.68606
30,2.5034,4.78785
30,2.52724,0.803794
30,2.55108,0.394586
30,2.57492,1.51181
30,2.59876,5.29045
30,2.6226,1.06923
30,2.64645,0.400479
30,2.67029,1.15645
30,2.69413,4.97093
30,2.71797,0.904107
30,2.74181,-0.0517558
30,2.76566,-0.267651
30,2.7895,0.865081
30,2.81334,-0.0411253
30,2.83718,-0.0934765
30,2.86102,0.450108
30,2.88486,2.5319
30,2.90871,2.11115
30,2.93255,0.959907
30,2.95639,1.08766
30,2.98023,3.48838
30,3.00407,4.80604
30,3.02792,1.60342
30,3.05176,1.20023
30,3.0756,3.81653
30,3.09944,8.52201
30,3.12328,1.82052
30,3.14713,0.339735
30,3.17097,1.44455
30,3.19481,5.92121
30,3.21865,2.3261
30,3.24249,1.47333
30,3.26633,1.55909
30,3.29018,3.30977
30,3.31402,1.81286
30,3.33786,1.52349
30,3.3617,1.64032
30,3.38554,1.89763
30,3.40939,1.10076
30,3.43323,0.526783
30,3.45707,0.81174
30,3.48091,5.05882
30,3.50475,6.56708
30,3.52859,2.0507
30,3.55244,1.55681
30,3.57628,3.22056
30,3.60012,6.74212
30,3.62396,2.18106
30,3.6478,1.20113
30,3.67165,2.08573
30,3.69549,5.73425
30,3.71933,1.35422
30,3.74317,0.117416
30,3.76701,-0.026139
30,3.79086,1.7993
30,3.8147,0.0853362
30,3.83854,-0.18762
30,3.86238,0.15386
30,3.88622,1.18911
30,3.91006,0.77984
30,3.93391,0.107544
30,3.95775,0.0997311
30,3.98159,1.36167
30,4.00543,1.6582
30,4.02927,0.00984413
30,4.05312,-0.139283
30,4.07696,1.04224
30,4.1008,3.55101
30,4.12464,-0.280239
30,4.14848,-0.833243
30,4.17233,-0.471523
30,4.19617,1.59965
30,4.22001,-0.300091
30,4.24385,-0.595118
30,4.26769,-0.661226
30,4.29153,-0.0950871
30,4.31538,-0.723409
30,4.33922,-0.771943
30,4.36306,-0.777555
30,4.3869,-0.868458
30,4.41074,-0.992025
30,4.43459,-1.1012
30,4.45843,-1.04996
30,4.48227,-0.144944
30,4.50611,0.0506878
30,4.52995,-0.918723
30,4.55379,-0.924281
30,4.57764,-0.694202
30,4.60148,0.189532
30,4.62532,-0.918053
30,4.64916,-1.10283
30,4.673,-0.853988
30,4.69685,0.0506883
30,4.72069,-1.06032
30,4.74453,-1.17174
30,4.76837,-1.25805
30,4.79221,-0.657445
30,4.81606,-1.20158
30,4.8399,-1.23493
30,4.86374,-1.20304
30,4.88758,-1.15782
30,4.91142,-1.06058
30,4.93526,-1.1525
30,4.95911,-1.16915
30,4.98295,-1.11246
30,5.00679,-1.10864
30,5.03063,-1.15605
30,5.05447,-1.26909
30,5.07832,-1.05626
30,5.10216,-0.578421
30,5.126,-1.2871
30,5.14984,-1.42211
30,5.17368,-1.22313
30,5.19753,-0.709599
30,5.22137,-1.19763
30,5.24521,-1.30966
30,5.26905,-1.3196
30,5.29289,-1.07441
30,5.31673,-1.27084
30,5.34058,-1.3404
30,5.36442,-1.31431
30,5.38826,-1.252
30,5.4121,-1.28803
30,5.43594,-1.35626
30,5.45979,-1.36862
30,5.48363,-1.25535
30,5.50747,-1.13867
30,5.53131,-1.1981
30,5.55515,-1.29913
30,5.57899,-1.25612
30,5.60284,-1.13832
30,5.62668,-1.23468
30,5.65052,-1.4253
30,5.67436,-1.23482
30,5.6982,-1.05309
30,5.72205,-1.33275
30,5.74589,-1.31995
30,5.76973,-1.35085
30,5.79357,-0.981364
30,5.81741,-1.29397
30,5.84126,-1.34641
30,5.8651,-1.31807
30,5.88894,-1.36484
30,5.91278,-1.26764
30,5.93662,-1.39829
30,5.96046,-1.38669
30,5.98431,-1.27877
30,6.00815,-1.31458
30,6.03199,-1.33278
30,6.05583,-1.33639
30,6.07967,-1.29081
30,6.10352,-1.25803
30,6.12736,-1.4122
30,6.1512,-1.27942
30,6.17504,-1.32921
30,6.19888,-1.04582
30,6.22272,-1.38136
30,6.24657,-1.36354
30,6.27041,-1.215
30,6.29425,-1.07551
30,6.31809,-1.27316
30,6.34193,-1.36261
30,6.36578,-1.27818
30,6.38962,-1.11743
30,6.41346,-1.37108
30,6.4373,-1.35286
30,6.46114,-1.41845
30,6.48499,-1.27341
30,6.50883,-1.2998
30,6.53267,-1.32967
30,6.55651,-1.32834
30,6.58035,-1.34894
30,6.60419,-1.22611
30,6.62804,-1.34181
30,6.65188,-1.31157
30,6.67572,-1.36028
30,6.69956,-1.14929
30,6.7234,-1.30917
30,6.74725,-1.31908
30,6.77109,-1.373
30,6.79493,-1.00367
30,6.81877,-1.37425
30,6.84261,-1.33747
30,6.86646,-1.35583
30,6.8903,-1.177
30,6.91414,-1.29641
30,6.93798,-1.32353
30,6.96182,-1.35486
30,6.98566,-1.27309
30,7.00951,-1.24151
30,7.03335,-1.3625
30,7.05719,-1.25295
30,7.08103,-1.38389
30,7.10487,-1.38159
30,7.12872,-1.29585
30,7.15256,-1.28722
30,7.1764,-1.29698
30,7.20024,-1.22299
30,7.22408,-1.33954
30,7.24792,-1.31429
30,7.27177,-1.29059
30,7.29561,-1.24794
30,7.31945,-1.25687
30,7.34329,-1.35529
30,7.36713,-1.23801
30,7.39098,-1.16838
30,7.41482,-1.30037
30,7.43866,-1.26719
30,7.4625,-1.33243
30,7.48634,-1.13434
30,7.51019,-1.28282
30,7.53403,-1.28838
30,7.55787,-1.2798
30,7.58171,-1.29267
30,7.60555,-1.32751
30,7.62939,-1.28448
30,7.65324,-1.31244
30,7.67708,-1.24971
30,7.70092,-1.30018
30,7.72476,-1.24741
30,7.7486,-1.36741
30,7.77245,-1.25806
30,7.79629,-1.13585
30,7.82013,-1.27521
30,7.84397,-1.3387
30,7.86781,-1.27429
30,7.89165,-1.10497
30,7.9155,-1.32584
30,7.93934,-1.27544
30,7.96318,-1.31554
30,7.98702,-1.2823
30,8.01086,-1.22727
30,8.03471,-1.27238
30,8.05855,-1.28045
30,8.08239,-1.33515
30,8.10623,-1.2796
30,8.13007,-1.31437
30,8.15392,-1.30366
30,8.17776,-1.33335
30,8.2016,-1.30301
30,8.22544,-1.24614
30,8.24928,-1.26193
30,8.27312,-1.30072
30,8.29697,-1.27743
30,8.32081,-1.25653
30,8.34465,-1.22681
30,8.36849,-1.23635
30,8.39233,-1.22503
30,8.41618,-1.33799
30,8.44002,-1.29774
30,8.46386,-1.3361
30,8.4877,-1.26902
30,8.51154,-1.23792
30,8.53539,-1.26962
30,8.55923,-1.22985
30,8.58307,-1.30012
30,8.60691,-1.25876
30,8.63075,-1.3051
30,8.65459,-1.30855
30,8.67844,-1.36043
30,8.70228,-1.31467
30,8.72612,-1.26928
30,8.74996,-1.23138
30,8.7738,-1.25651
30,8.79765,-1.19546
30,8.82149,-1.2828
30,8.84533,-1.19834
30,8.86917,-1.30638
30,8.89301,-1.32035
30,8.91685,-1.29538
30,8.9407,-1.21721
30,8.96454,-1.23558
30,8.98838,-1.21654
30,9.01222,-1.09845
30,9.03606,-1.2798
30,9.05991,-1.28856
30,9.08375,-1.22819
30,9.10759,-1.1783
30,9.13143,-1.26595
30,9.15527,-1.30131
30,9.17912,-1.26582
30,9.20296,-1.30756
30,9.2268,-1.26087
30,9.25064,-1.25788
30,9.27448,-1.27419
30,9.29832,-1.28515
30,9.32217,-1.22474
30,9.34601,-1.23845
30,9.36985,-1.23292
30,9.39369,-1.25659
30,9.41753,-1.21407
30,9.44138,-1.23645
30,9.46522,-1.16737
30,9.48906,-1.10705
30,9.5129,-1.05649
30,9.53674,-1.17318
30,9.56059,-1.1563
30,9.58443,-1.10526
30,9.60827,-1.20488
30,9.63211,-1.29457
30,9.65595,-1.24388
30,9.67979,-1.24493
30,9.70364,-1.22214
30,9.72748,-1.21887
30,9.75132,-1.18701
30,9.77516,-1.06243
30,9.799,-0.228922
30,9.82285,-1.07918
30,9.84669,-1.13385
30,9.87053,-1.12327
30,9.89437,-1.17906
30,9.91821,-1.20175
30,9.94205,-1.18391
30,9.9659,-1.2351
30,9.98974,-1.11412
30,10.0136,-1.19799
30,10.0374,-1.21798
30,10.0613,-1.20796
30,10.0851,-1.11073
30,10.1089,-1.15983
30,10.1328,-1.16645
30,10.1566,-1.16567
30,10.1805,-1.19998
30,10.2043,-1.31135
30,10.2282,-1.27463
30,10.252,-1.19168
30,10.2758,-1.33961
30,10.2997,-1.17893
30,10.3235,-1.22098
30,10.3474,-1.28036
30,10.3712,-1.27115
30,10.3951,-1.20643
30,10.4189,-1.10373
30,10.4427,-1.15789
30,10.4666,-1.16067
30,10.4904,-1.09104
30,10.5143,-1.15425
30,10.5381,-1.11406
30,10.5619,-1.15559
30,10.5858,-1.19087
30,10.6096,-1.16897
30,10.6335,-1.17245
30,10.6573,-1.12202
30,10.6812,-1.18013
30,10.705,-1.11577
30,10.7288,-1.15009
30,10.7527,-1.12077
30,10.7765,-1.16461
30,10.8004,-1.15689
30,10.8242,-1.09604
30,10.848,-1.09239
30,10.8719,-1.10089
30,10.8957,-1.19506
30,10.9196,-1.21733
30,10.9434,-1.09735
30,10.9673,-1.11731
30,10.9911,-1.1418
30,11.0149,-1.22784
30,11.0388,-1.15729
30,11.0626,-1.10619
30,11.0865,-1.03962
30,11.1103,-1.1178
30,11.1341,-1.16563
30,11.158,-1.12126
30,11.1818,-1.10401
30,11.2057,-1.08686
30,11.2295,-1.07987
30,11.2534,-1.14958
30,11.2772,-1.10596
30,11.301,-1.1203
30,11.3249,-1.17486
30,11.3487,-1.20163
30,11.3726,-1.08317
30,11.3964,-1.12292
30,11.4202,-1.08485
30,11.4441,-1.05323
30,11.4679,-1.14829
30,11.4918,-1.10756
30,11.5156,-1.15339
30,11.5395,-1.16885
30,11.5633,-1.14173
30,11.5871,-1.1095
30,11.611,-0.999399
30,11.6348,-1.08429
30,11.6587,-1.07669
30,11.6825,-1.19422
30,11.7064,-1.11175
30,11.7302,-1.02857
30,11.754,-1.15461
30,11.7779,-1.11386
30,11.8017,-1.11264
30,11.8256,-1.07612
30,11.8494,-1.06951
30,11.8732,-1.04691
30,11.8971,-1.12336
30,11.9209,-1.11741
30,11.9448,-1.09949
30,11.9686,-1.06375
30,11.9925,-1.10181
30,12.0163,-1.07195
30,12.0401,-1.09975
30,12.064,-1.03592
30,12.0878,-1.0348
30,12.1117,-0.981205
30,12.1355,-1.04255
30,12.1593,-0.996585
30,12.1832,-1.0351
30,12.207,-1.11218
30,12.2309,-1.0609
30,12.2547,-1.12135
30,12.2786,-1.06427
30,12.3024,-1.09884
30,12.3262,-1.03354
30,12.3501,-1.03946
30,12.3739,-1.03434
30,12.3978,-1.06537
30,12.4216,-0.992571
30,12.4454,-1.09416
30,12.4693,-1.01985
30,12.4931,-1.07579
30,12.517,-1.08151
30,12.5408,-1.0924
30,12.5647,-0.985023
30,12.5885,-1.02987
30,12.6123,-1.18601
30,12.6362,-1.0335
30,12.66,-1.0961
30,12.6839,-1.04902
30,12.7077,-1.00405
30,12.7316,-0.997498
30,12.7554,-1.119
30,12.7792,-1.10691
30,12.8031,-1.07512
30,12.8269,-0.965847
30,12.8508,-1.01711
30,12.8746,-1.01371
30,12.8984,-1.00625
30,12.9223,-0.971567
30,12.9461,-1.0354
30,12.97,-1.0747
30,12.9938,-1.09833
30,13.0177,-1.06635
30,13.0415,-1.06318
30,13.0653,-0.917935
30,13.0892,-0.973218
30,13.113,-1.0785
30,13.1369,-1.08824
30,13.1607,-1.02563
30,13.1845,-0.965884
30,13.2084,-0.987349
30,13.2322,-1.07205
30,13.2561,-1.05783
30,13.2799,-0.996076
30,13.3038,-1.03158
30,13.3276,-0.98444
30,13.3514,-1.04543
30,13.3753,-1.03154
30,13.3991,-0.865043
30,13.423,-0.964144
30,13.4468,-1.09816
30,13.4706,-1.04368
30,13.4945,-0.939101
30,13.5183,-1.04441
30,13.5422,-0.96435
30,13.566,-0.91995
30,13.5899,-0.9598
30,13.6137,-0.995677
30,13.6375,-1.04591
30,13.6614,-0.987583
30,13.6852,-0.94513
30,13.7091,-0.942159
30,13.7329,-1.01486
30,13.7568,-1.05463
30,13.7806,-1.02391
30,13.8044,-0.838753
30,13.8283,-0.92764
30,13.8521,-0.751833
30,13.876,-0.960839
30,13.8998,-1.04854
30,13.9236,-1.0519
30,13.9475,-1.07468
30,13.9713,-1.05527
30,13.9952,-0.973247
30,14.019,-0.930998
30,14.0429,-0.946117
30,14.0667,-0.995779
30,14.0905,-0.969041
30,14.1144,-0.962731
30,14.1382,-0.875376
30,14.1621,-0.970484
30,14.1859,-1.04034
30,14.2097,-1.0581
30,14.2336,-0.993998
30,14.2574,-0.981771
30,14.2813,-0.94784
30,14.3051,-0.979042
30,14.329,-0.987601
30,14.3528,-0.913227
30,14.3766,-0.935547
30,14.4005,-1.00394
30,14.4243,-0.945987
30,14.4482,-1.02033
30,14.472,-0.937922
30,14.4958,-1.03062
30,14.5197,-0.978821
30,14.5435,-0.929749
30,14.5674,-0.938315
30,14.5912,-0.967426
30,14.6151,-0.990325
30,14.6389,-0.930074
30,14.6627,-0.905389
30,14.6866,-0.974101
30,14.7104,-0.952157
30,14.7343,-0.861538
30,14.7581,-0.82858
30,14.782,-0.998237
30,14.8058,-0.903541
30,14.8296,-0.861672
30,14.8535,-0.898645
30,14.8773,-0.976633
30,14.9012,-1.00776
30,14.925,-0.886277
30,14.9488,-0.953968
30,14.9727,-0.95128
30,14.9965,-0.930305
29,-14.9965,-1.0525
29,-14.9727,-1.04854
29,-14.9488,-1.05101
29,-14.925,-1.04348
29,-14.9012,-1.05276
29,-14.8773,-1.05373
29,-14.8535,-1.05353
29,-14.8296,-1.05223
29,-14.8058,-1.05544
29,-14.782,-1.05467
29,-14.7581,-1.0503
29,-14.7343,-1.05877
29,-14.7104,-1.05083
29,-14.6866,-1.05214
29,-14.6627,-1.05777
29,-14.6389,-1.05552
29,-14.6151,-1.05864
29,-14.5912,-1.06487
29,-14.5674,-1.05465
29,-14.5435,-1.06067
29,-14.5197,-1.05954
29,-14.4958,-1.06908
29,-14.472,-1.06492
29,-14.4482,-1.06332
29,-14.4243,-1.06273
29,-14.4005,-1.06226
29,-14.3766,-1.06156
29,-14.3528,-1.06677
29,-14.329,-1.06954
29,-14.3051,-1.07178
29,-14.2813,-1.07202
29,-14.2574,-1.06948
29,-14.2336,-1.07515
29,-14.2097,-1.07073
29,-14.1859,-1.07404
29,-14.1621,-1.06892
29,-14.1382,-1.07184
29,-14.1144,-1.07808
29,-14.0905,-1.07366
29,-14.0667,-1.07732
29,-14.0429,-1.07658
29,-14.019,-1.07937
29,-13.9952,-1.07288
29,-13.9713,-1.06975
29,-13.9475,-1.07785
29,-13.9236,-1.07887
29,-13.8998,-1.08203
29,-13.876,-1.07598
29,-13.8521,-1.08425
29,-13.8283,-1.08394
29,-13.8044,-1.08213
29,-13.7806,-1.08541
29,-13.7568,-1.08547
29,-13.7329,-1.08299
29,-13.7091,-1.0853
29,-13.6852,-1.08858
29,-13.6614,-1.0892
29,-13.6375,-1.09162
29,-13.6137,-1.08949
29,-13.5899,-1.09082
29,-13.566,-1.09075
29,-13.5422,-1.08792
29,-13.5183,-1.09245
29,-13.4945,-1.09542
29,-13.4706,-1.09813
29,-13.4468,-1.09293
29,-13.423,-1.09414
29,-13.3991,-1.0932
29,-13.3753,-1.09375
29,-13.3514,-1.09729
29,-13.3276,-1.10277
29,-13.3038,-1.09988
29,-13.2799,-1.10138
29,-13.2561,-1.10025
29,-13.2322,-1.10399
29,-13.2084,-1.09921
29,-13.1845,-1.10663
29,-13.1607,-1.10734
29,-13.1369,-1.10479
29,-13.113,-1.10738
29,-13.0892,-1.10431
29,-13.0653,-1.1098
29,-13.0415,-1.11265
29,-13.0177,-1.11511
29,-12.9938,-1.11153
29,-12.97,-1.11343
29,-12.9461,-1.11058
29,-12.9223,-1.10997
29,-12.8984,-1.10865
29,-12.8746,-1.11075
29,-12.8508,-1.11304
29,-12.8269,-1.1119
29,-12.8031,-1.1067
29,-12.7792,-1.11486
29,-12.7554,-1.11708
29,-12.7316,-1.11252
29,-12.7077,-1.11738
29,-12.6839,-1.11784
29,-12.66,-1.1215
29,-12.6362,-1.11877
29,-12.6123,-1.11978
29,-12.5885,-1.11797
29,-12.5647,-1.11962
29,-12.5408,-1.1233
29,-12.517,-1.12848
29,-12.4931,-1.12412
29,-12.4693,-1.11997
29,-12.4454,-1.12691
29,-12.4216,-1.12636
29,-12.3978,-1.13254
29,-12.3739,-1.12766
29,-12.3501,-1.13097
29,-12.3262,-1.12724
29,-12.3024,-1.13222
29,-12.2786,-1.13033
29,-12.2547,-1.12933
29,-12.2309,-1.13903
29,-12.207,-1.13599
29,-12.1832,-1.13318
29,-12.1593,-1.13617
29,-12.1355,-1.13395
29,-12.1117,-1.13635
29,-12.0878,-1.14121
29,-12.064,-1.14054
29,-12.0401,-1.13438
29,-12.0163,-1.14093
29,-11.9925,-1.14356
29,-11.9686,-1.14336
29,-11.9448,-1.13873
29,-11.9209,-1.14155
29,-11.8971,-1.14389
29,-11.8732,-1.14245
29,-11.8494,-1.14175
29,-11.8256,-1.15531
29,-11.8017,-1.14935
29,-11.7779,-1.14553
29,-11.754,-1.14384
29,-11.7302,-1.14676
29,-11.7064,-1.15286
29,-11.6825,-1.15326
29,-11.6587,-1.15084
29,-11.6348,-1.14662
29,-11.611,-1.15406
29,-11.5871,-1.15184
29,-11.5633,-1.15463
29,-11.5395,-1.15275
29,-11.5156,-1.15507
29,-11.4918,-1.15346
29,-11.4679,-1.1557
29,-11.4441,-1.15981
29,-11.4202,-1.16036
29,-11.3964,-1.15896
29,-11.3726,-1.16026
29,-11.3487,-1.15832
29,-11.3249,-1.15901
29,-11.301,-1.16426
29,-11.2772,-1.15679
29,-11.2534,-1.16203
29,-11.2295,-1.16104
29,-11.2057,-1.16336
29,-11.1818,-1.16772
29,-11.158,-1.16325
29,-11.1341,-1.16137
29,-11.1103,-1.16725
29,-11.0865,-1.17412
29,-11.0626,-1.16367
29,-11.0388,-1.16784
29,-11.0149,-1.16487
29,-10.9911,-1.17593
29,-10.9673,-1.17967
29,-10.9434,-1.1685
29,-10.9196,-1.17209
29,-10.8957,-1.17566
29,-10.8719,-1.17667
29,-10.848,-1.16963
29,-10.8242,-1.17656
29,-10.8004,-1.17626
29,-10.7765,-1.18132
29,-10.7527,-1.17513
29,-10.7288,-1.17384
29,-10.705,-1.17699
29,-10.6812,-1.17756
29,-10.6573,-1.1797
29,-10.6335,-1.18184
29,-10.6096,-1.18097
29,-10.5858,-1.18213
29,-10.5619,-1.18046
29,-10.5381,-1.18435
29,-10.5143,-1.18238
29,-10.4904,-1.18422
29,-10.4666,-1.18402
29,-10.4427,-1.19214
29,-10.4189,-1.18708
29,-10.3951,-1.18205
29,-10.3712,-1.19005
29,-10.3474,-1.19058
29,-10.3235,-1.18887
29,-10.2997,-1.18866
29,-10.2758,-1.19295
29,-10.252,-1.19483
29,-10.2282,-1.19374
29,-10.2043,-1.18702
29,-10.1805,-1.19343
29,-10.1566,-1.19613
29,-10.1328,-1.19705
29,-10.1089,-1.19861
29,-10.0851,-1.19249
29,-10.0613,-1.19802
29,-10.0374,-1.20004
29,-10.0136,-1.20003
29,-9.98974,-1.20102
29,-9.9659,-1.20273
29,-9.94205,-1.20712
29,-9.91821,-1.20312
29,-9.89437,-1.20394
29,-9.87053,-1.20636
29,-9.84669,-1.20209
29,-9.82285,-1.2094
29,-9.799,-1.20603
29,-9.77516,-1.20673
29,-9.75132,-1.20686
29,-9.72748,-1.20531
29,-9.70364,-1.21002
29,-9.67979,-1.20377
29,-9.65595,-1.20851
29,-9.63211,-1.21519
29,-9.60827,-1.20579
29,-9.58443,-1.21162
29,-9.56059,-1.21213
29,-9.53674,-1.21722
29,-9.5129,-1.21556
29,-9.48906,-1.21675
29,-9.46522,-1.21802
29,-9.44138,-1.21606
29,-9.41753,-1.21548
29,-9.39369,-1.21988
29,-9.36985,-1.21886
29,-9.34601,-1.219
29,-9.32217,-1.21826
29,-9.29832,-1.22107
29,-9.27448,-1.22322
29,-9.25064,-1.22604
29,-9.2268,-1.22612
29,-9.20296,-1.22413
29,-9.17912,-1.22986
29,-9.15527,-1.22604
29,-9.13143,-1.22359
29,-9.10759,-1.2277
29,-9.08375,-1.22978
29,-9.05991,-1.23004
29,-9.03606,-1.22907
29,-9.01222,-1.22927
29,-8.98838,-1.23414
29,-8.96454,-1.23693
29,-8.9407,-1.23404
29,-8.91685,-1.2344
29,-8.89301,-1.23401
29,-8.86917,-1.24088
29,-8.84533,-1.23514
29,-8.82149,-1.23355
29,-8.79765,-1.24079
29,-8.7738,-1.23922
29,-8.74996,-1.23986
29,-8.72612,-1.23851
29,-8.70228,-1.2371
29,-8.67844,-1.24624
29,-8.65459,-1.2415
29,-8.63075,-1.23955
29,-8.60691,-1.24733
29,-8.58307,-1.24109
29,-8.55923,-1.24768
29,-8.53539,-1.24819
29,-8.51154,-1.24666
29,-8.4877,-1.25323
29,-8.46386,-1.25035
29,-8.44002,-1.24886
29,-8.41618,-1.24866
29,-8.39233,-1.24973
29,-8.36849,-1.25602
29,-8.34465,-1.249
29,-8.32081,-1.25207
29,-8.29697,-1.2531
29,-8.27312,-1.25308
29,-8.24928,-1.25842
29,-8.22544,-1.25424
29,-8.2016,-1.25661
29,-8.17776,-1.25441
29,-8.15392,-1.25668
29,-8.13007,-1.258
29,-8.10623,-1.26129
29,-8.08239,-1.25335
29,-8.05855,-1.26058
29,-8.03471,-1.26413
29,-8.01086,-1.26395
29,-7.98702,-1.26053
29,-7.96318,-1.26725
29,-7.93934,-1.26006
29,-7.9155,-1.25856
29,-7.89165,-1.26447
29,-7.86781,-1.26499
29,-7.84397,-1.26584
29,-7.82013,-1.26547
29,-7.79629,-1.27009
29,-7.77245,-1.2683
29,-7.7486,-1.26911
29,-7.72476,-1.27176
29,-7.70092,-1.26785
29,-7.67708,-1.26806
29,-7.65324,-1.27976
29,-7.62939,-1.27194
29,-7.60555,-1.27929
29,-7.58171,-1.27681
29,-7.55787,-1.27311
29,-7.53403,-1.28164
29,-7.51019,-1.27248
29,-7.48634,-1.27362
29,-7.4625,-1.27823
29,-7.43866,-1.2757
29,-7.41482,-1.27712
29,-7.39098,-1.28218
29,-7.36713,-1.28462
29,-7.34329,-1.28164
29,-7.31945,-1.27571
29,-7.29561,-1.28397
29,-7.27177,-1.28417
29,-7.24792,-1.28212
29,-7.22408,-1.28704
29,-7.20024,-1.28393
29,-7.1764,-1.28077
29,-7.15256,-1.28244
29,-7.12872,-1.2851
29,-7.10487,-1.28819
29,-7.08103,-1.28634
29,-7.05719,-1.28625
29,-7.03335,-1.299
29,-7.00951,-1.29459
29,-6.98566,-1.29181
29,-6.96182,-1.28662
29,-6.93798,-1.29451
29,-6.91414,-1.29363
29,-6.8903,-1.29957
29,-6.86646,-1.30068
29,-6.84261,-1.29708
29,-6.81877,-1.29604
29,-6.79493,-1.29806
29,-6.77109,-1.29851
29,-6.74725,-1.3013
29,-6.7234,-1.30291
29,-6.69956,-1.29661
29,-6.67572,-1.30565
29,-6.65188,-1.30025
29,-6.62804,-1.29804
29,-6.60419,-1.30518
29,-6.58035,-1.3038
29,-6.55651,-1.30019
29,-6.53267,-1.30806
29,-6.50883,-1.30405
29,-6.48499,-1.31235
29,-6.46114,-1.30789
29,-6.4373,-1.31187
29,-6.41346,-1.30978
29,-6.38962,-1.31457
29,-6.36578,-1.3155
29,-6.34193,-1.31012
29,-6.31809,-1.30803
29,-6.29425,-1.30765
29,-6.27041,-1.31775
29,-6.24657,-1.31545
29,-6.22272,-1.31567
29,-6.19888,-1.3175
29,-6.17504,-1.31639
29,-6.1512,-1.31435
29,-6.12736,-1.31941
29,-6.10352,-1.31717
29,-6.07967,-1.3238
29,-6.05583,-1.32385
29,-6.03199,-1.32237
29,-6.00815,-1.31722
29,-5.98431,-1.32594
29,-5.96046,-1.32206
29,-5.93662,-1.32211
29,-5.91278,-1.32689
29,-5.88894,-1.32391
29,-5.8651,-1.32598
29,-5.84126,-1.32448
29,-5.81741,-1.334
29,-5.79357,-1.32746
29,-5.76973,-1.32734
29,-5.74589,-1.33413
29,-5.72205,-1.33255
29,-5.6982,-1.32794
29,-5.67436,-1.33217
29,-5.65052,-1.333
29,-5.62668,-1.33834
29,-5.60284,-1.333
29,-5.57899,-1.33526
29,-5.55515,-1.32625
29,-5.53131,-1.33927
29,-5.50747,-1.33751
29,-5.48363,-1.32592
29,-5.45979,-1.33695
29,-5.43594,-1.33652
29,-5.4121,-1.33446
29,-5.38826,-1.3378
29,-5.36442,-1.3396
29,-5.34058,-1.33172
29,-5.31673,-1.34099
29,-5.29289,-1.33921
29,-5.26905,-1.34079
29,-5.24521,-1.34669
29,-5.22137,-1.33933
29,-5.19753,-1.33657
29,-5.17368,-1.3452
29,-5.14984,-1.3468
29,-5.126,-1.34546
29,-5.10216,-1.35334
29,-5.07832,-1.35059
29,-5.05447,-1.35048
29,-5.03063,-1.34868
29,-5.00679,-1.34925
29,-4.98295,-1.35292
29,-4.95911,-1.35235
29,-4.93526,-1.34848
29,-4.91142,-1.34436
29,-4.88758,-1.34832
29,-4.86374,-1.3492
29,-4.8399,-1.35085
29,-4.81606,-1.34512
29,-4.79221,-1.35105
29,-4.76837,-1.35158
29,-4.74453,-1.32737
29,-4.72069,-1.33128
29,-4.69685,-1.34645
29,-4.673,-1.30813
29,-4.64916,-1.35074
29,-4.62532,-1.35426
29,-4.60148,-1.33343
29,-4.57764,-1.3577
29,-4.55379,-1.35773
29,-4.52995,-1.36639
29,-4.50611,-1.3639
29,-4.48227,-1.3641
29,-4.45843,-1.36168
29,-4.43459,-1.3731
29,-4.41074,-1.36989
29,-4.3869,-1.36521
29,-4.36306,-1.36963
29,-4.33922,-1.36822
29,-4.31538,-1.37051
29,-4.29153,-1.36778
29,-4.26769,-1.36088
29,-4.24385,-1.3599
29,-4.22001,-1.36883
29,-4.19617,-1.37745
29,-4.17233,-1.37876
29,-4.14848,-1.37652
29,-4.12464,-1.36706
29,-4.1008,-1.37304
29,-4.07696,-1.37691
29,-4.05312,-1.37133
29,-4.02927,-1.37179
29,-4.00543,-1.36206
29,-3.98159,-1.38403
29,-3.95775,-1.36394
29,-3.93391,-1.36537
29,-3.91006,-1.37404
29,-3.88622,-1.37293
29,-3.86238,-1.37235
29,-3.83854,-1.37658
29,-3.8147,-1.38118
29,-3.79086,-1.38085
29,-3.76701,-1.3748
29,-3.74317,-1.38611
29,-3.71933,-1.38651
29,-3.69549,-1.39072
29,-3.67165,-1.36835
29,-3.6478,-1.37083
29,-3.62396,-1.38157
29,-3.60012,-1.38646
29,-3.57628,-1.38765
29,-3.55244,-1.38674
29,-3.52859,-1.38545
29,-3.50475,-1.38203
29,-3.48091,-1.38102
29,-3.45707,-1.38834
29,-3.43323,-1.39502
29,-3.40939,-1.39276
29,-3.38554,-1.3943
29,-3.3617,-1.38005
29,-3.33786,-1.39155
29,-3.31402,-1.3968
29,-3.29018,-1.39611
29,-3.26633,-1.3973
29,-3.24249,-1.3954
29,-3.21865,-1.40017
29,-3.19481,-1.40348
29,-3.17097,-1.4048
29,-3.14713,-1.39834
29,-3.12328,-1.40146
29,-3.09944,-1.40214
29,-3.0756,-1.40414
29,-3.05176,-1.4
29,-3.02792,-1.403
29,-3.00407,-1.39273
29,-2.98023,-1.40875
29,-2.95639,-1.40486
29,-2.93255,-1.4042
29,-2.90871,-1.41769
29,-2.88486,-1.40374
29,-2.86102,-1.39961
29,-2.83718,-1.40505
29,-2.81334,-1.40752
29,-2.7895,-1.41534
29,-2.76566,-1.41626
29,-2.74181,-1.42285
29,-2.71797,-1.4187
29,-2.69413,-1.41012
29,-2.67029,-1.41158
29,-2.64645,-1.42298
29,-2.6226,-1.4142
29,-2.59876,-1.42432
29,-2.57492,-1.42167
29,-2.55108,-1.41766
29,-2.52724,-1.416
29,-2.5034,-1.42079
29,-2.47955,-1.42654
29,-2.45571,-1.41405
29,-2.43187,-1.42971
29,-2.40803,-1.42464
29,-2.38419,-1.42181
29,-2.36034,-1.41922
29,-2.3365,-1.43359
29,-2.31266,-1.42886
29,-2.28882,-1.42389
29,-2.26498,-1.43659
29,-2.24113,-1.43479
29,-2.21729,-1.42757
29,-2.19345,-1.43513
29,-2.16961,-1.42639
29,-2.14577,-1.42413
29,-2.12193,-1.43014
29,-2.09808,-1.43873
29,-2.07424,-1.42887
29,-2.0504,-1.42842
29,-2.02656,-1.43327
29,-2.00272,-1.44002
29,-1.97887,-1.43918
29,-1.95503,-1.43827
29,-1.93119,-1.43454
29,-1.90735,-1.43717
29,-1.88351,-1.44067
29,-1.85966,-1.44222
29,-1.83582,-1.43872
29,-1.81198,-1.44606
29,-1.78814,-1.4427
29,-1.7643,-1.44753
29,-1.74046,-1.4395
29,-1.71661,-1.44631
29,-1.69277,-1.44448
29,-1.66893,-1.44059
29,-1.64509,-1.43734
29,-1.62125,-1.44629
29,-1.5974,-1.43885
29,-1.57356,-1.44002
29,-1.54972,-1.44249
29,-1.52588,-1.44992
29,-1.50204,-1.4522
29,-1.4782,-1.45358
29,-1.45435,-1.45615
29,-1.43051,-1.45377
29,-1.40667,-1.45809
29,-1.38283,-1.45305
29,-1.35899,-1.45248
29,-1.33514,-1.4592
29,-1.3113,-1.45681
29,-1.28746,-1.45949
29,-1.26362,-1.44808
29,-1.23978,-1.45955
29,-1.21593,-1.45522
29,-1.19209,-1.4524
29,-1.16825,-1.45126
29,-1.14441,-1.45786
29,-1.12057,-1.44396
29,-1.09673,-1.46386
29,-1.07288,-1.45642
29,-1.04904,-1.44982
29,-1.0252,-1.44588
29,-1.00136,-1.45025
29,-0.977516,-1.4503
29,-0.953674,-1.44516
29,-0.929832,-1.45198
29,-0.905991,-1.4535
29,-0.882149,-1.44903
29,-0.858307,-1.43854
29,-0.834465,-1.44113
29,-0.810623,-1.44286
29,-0.786781,-1.44497
29,-0.762939,-1.40799
29,-0.739098,-1.38251
29,-0.715256,-1.21656
29,-0.691414,-1.3096
29,-0.667572,-0.116465
29,-0.64373,-0.974614
29,-0.619888,-1.22226
29,-0.596046,-1.39041
29,-0.572205,-1.38456
29,-0.548363,-1.28182
29,-0.524521,-1.33006
29,-0.500679,-1.34813
29,-0.476837,-1.32176
29,-0.452995,-1.15466
29,-0.429153,-1.2022
29,-0.405312,-1.11038
29,-0.38147,-0.877833
29,-0.357628,0.699738
29,-0.333786,0.659493
29,-0.309944,0.199748
29,-0.286102,0.0381581
29,-0.26226,2.62827
29,-0.238419,2.55346
29,-0.214577,-0.0785378
29,-0.190735,-0.689815
29,-0.166893,-0.506124
29,-0.143051,-0.444901
29,-0.119209,-0.632757
29,-0.0953674,0.0570592
29,-0.0715256,-0.825975
29,-0.0476837,-0.595857
29,-0.0238419,-0.700536
29,0,0.605451
29,0.0238419,1.49473
29,0.0476837,4.56099
29,0.0715256,2.16735
29,0.0953674,2.02263
29,0.119209,1.37251
29,0.143051,-0.0905716
29,0.166893,-0.827564
29,0.190735,-1.03957
29,0.214577,-0.916482
29,0.238419,-0.996793
29,0.26226,-1.25533
29,0.286102,-1.28234
29,0.309944,-1.32569
29,0.333786,-1.34441
29,0.357628,-1.38816
29,0.38147,-1.37788
29,0.405312,-1.41502
29,0.429153,-1.44602
29,0.452995,-1.44768
29,0.476837,-1.45874
29,0.500679,-1.4672
29,0.524521,-1.46829
29,0.548363,-1.43991
29,0.572205,-1.44092
29,0.596046,-1.34369
29,0.619888,-1.4065
29,0.64373,-1.45085
29,0.667572,-1.45521
29,0.691414,-1.3769
29,0.715256,-1.48174
29,0.739098,-1.48261
29,0.762939,-1.50251
29,0.786781,-1.49194
29,0.810623,-1.46306
29,0.834465,-1.5044
29,0.858307,-1.50895
29,0.882149,-1.50252
29,0.905991,-1.49642
29,0.929832,-1.51086
29,0.953674,-1.49824
29,0.977516,-1.50624
29,1.00136,-1.51028
29,1.0252,-1.51189
29,1.04904,-1.50781
29,1.07288,-1.51088
29,1.09673,-1.39016
29,1.12057,-1.00917
29,1.14441,-1.49234
29,1.16825,-1.51685
29,1.19209,-1.51946
29,1.21593,-1.50474
29,1.23978,-1.5227
29,1.26362,-1.52621
29,1.28746,-1.51163
29,1.3113,-1.52455
29,1.33514,-1.50875
29,1.35899,-1.52989
29,1.38283,-1.52416
29,1.40667,-1.52871
29,1.43051,-1.53317
29,1.45435,-1.53958
29,1.4782,-1.52718
29,1.50204,-1.52579
29,1.52588,-1.51228
29,1.54972,-1.53581
29,1.57356,-1.51997
29,1.5974,-1.52965
29,1.62125,-1.51162
29,1.64509,-1.54115
29,1.66893,-1.53354
29,1.69277,-1.52779
29,1.71661,-1.52642
29,1.74046,-1.53499
29,1.7643,-1.53494
29,1.78814,-1.53405
29,1.81198,-1.52857
29,1.83582,-1.53355
29,1.85966,-1.51625
29,1.88351,-1.52572
29,1.90735,-1.53614
29,1.93119,-1.52267
29,1.95503,-1.52024
29,1.97887,-1.51767
29,2.00272,-1.51701
29,2.02656,-1.54645
29,2.0504,-1.53955
29,2.07424,-1.54739
29,2.09808,-1.54331
29,2.12193,-1.54845
29,2.14577,-1.5345
29,2.16961,-1.55463
29,2.19345,-1.56017
29,2.21729,-1.5552
29,2.24113,-1.55331
29,2.26498,-1.55578
29,2.28882,-1.55991
29,2.31266,-1.56456
29,2.3365,-1.5647
29,2.36034,-1.56638
29,2.38419,-1.56402
29,2.40803,-1.5667
29,2.43187,-1.54905
29,2.45571,-1.56309
29,2.47955,-1.56821
29,2.5034,-1.57077
29,2.52724,-1.57275
29,2.55108,-1.56245
29,2.57492,-1.56774
29,2.59876,-1.57585
29,2.6226,-1.57776
29,2.64645,-1.56942
29,2.67029,-1.56822
29,2.69413,-1.57427
29,2.71797,-1.57806
29,2.74181,-1.5731
29,2.76566,-1.58443
29,2.7895,-1.58006
29,2.81334,-1.57809
29,2.83718,-1.57359
29,2.86102,-1.57579
29,2.88486,-1.57639
29,2.90871,-1.57773
29,2.93255,-1.57341
29,2.95639,-1.57722
29,2.98023,-1.58526
29,3.00407,-1.58763
29,3.02792,-1.5869
29,3.05176,-1.54064
29,3.0756,-1.52739
29,3.09944,-1.59028
29,3.12328,-1.57662
29,3.14713,-1.58435
29,3.17097,-1.58273
29,3.19481,-1.58593
29,3.21865,-1.58947
29,3.24249,-1.5966
29,3.26633,-1.58991
29,3.29018,-1.59503
29,3.31402,-1.58065
29,3.33786,-1.58392
29,3.3617,-1.58544
29,3.38554,-1.59407
29,3.40939,-1.59175
29,3.43323,-1.59272
29,3.45707,-1.59388
29,3.48091,-1.5903
29,3.50475,-1.58709
29,3.52859,-1.59509
29,3.55244,-1.59288
29,3.57628,-1.59519
29,3.60012,-1.60679
29,3.62396,-1.60092
29,3.6478,-1.60216
29,3.67165,-1.60184
29,3.69549,-1.6145
29,3.71933,-1.60263
29,3.74317,-1.58308
29,3.76701,-1.59703
29,3.79086,-1.58334
29,3.8147,-1.60879
29,3.83854,-1.61488
29,3.86238,-1.61058
29,3.88622,-1.61371
29,3.91006,-1.60715
29,3.93391,-1.61281
29,3.95775,-1.61419
29,3.98159,-1.60829
29,4.00543,-1.62184
29,4.02927,-1.61289
29,4.05312,-1.6168
29,4.07696,-1.6243
29,4.1008,-1.62101
29,4.12464,-1.61857
29,4.14848,-1.62307
29,4.17233,-1.62621
29,4.19617,-1.62148
29,4.22001,-1.62353
29,4.24385,-1.62372
29,4.26769,-1.62733
29,4.29153,-1.631
29,4.31538,-1.62335
29,4.33922,-1.62182
29,4.36306,-1.62926
29,4.3869,-1.61155
29,4.41074,-1.62299
29,4.43459,-1.62867
29,4.45843,-1.62573
29,4.48227,-1.62523
29,4.50611,-1.6353
29,4.52995,-1.63083
29,4.55379,-1.63508
29,4.57764,-1.63192
29,4.60148,-1.63162
29,4.62532,-1.6382
29,4.64916,-1.63335
29,4.673,-1.63594
29,4.69685,-1.63654
29,4.72069,-1.64262
29,4.74453,-1.63778
29,4.76837,-1.63682
29,4.79221,-1.64464
29,4.81606,-1.63822
29,4.8399,-1.6364
29,4.86374,-1.6408
29,4.88758,-1.64183
29,4.91142,-1.6447
29,4.93526,-1.6472
29,4.95911,-1.6441
29,4.98295,-1.6469
29,5.00679,-1.6448
29,5.03063,-1.64633
29,5.05447,-1.63701
29,5.07832,-1.64886
29,5.10216,-1.64749
29,5.126,-1.64532
29,5.14984,-1.64445
29,5.17368,-1.65356
29,5.19753,-1.64971
29,5.22137,-1.65422
29,5.24521,-1.65286
29,5.26905,-1.64515
29,5.29289,-1.65568
29,5.31673,-1.65152
29,5.34058,-1.65813
29,5.36442,-1.64976
29,5.38826,-1.65895
29,5.4121,-1.65584
29,5.43594,-1.65382
29,5.45979,-1.65483
29,5.48363,-1.66159
29,5.50747,-1.66245
29,5.53131,-1.65883
29,5.55515,-1.66005
29,5.57899,-1.66285
29,5.60284,-1.65959
29,5.62668,-1.66101
29,5.65052,-1.66592
29,5.67436,-1.66818
29,5.6982,-1.67445
29,5.72205,-1.6657
29,5.74589,-1.66103
29,5.76973,-1.67224
29,5.79357,-1.66937
29,5.81741,-1.668
29,5.84126,-1.67671
29,5.8651,-1.67247
29,5.88894,-1.66597
29,5.91278,-1.67039
29,5.93662,-1.67566
29,5.96046,-1.67164
29,5.98431,-1.6757
29,6.00815,-1.67994
29,6.03199,-1.67549
29,6.05583,-1.67072
29,6.07967,-1.66954
29,6.10352,-1.67786
29,6.12736,-1.67496
29,6.1512,-1.6847
29,6.17504,-1.68334
29,6.19888,-1.68184
29,6.22272,-1.67841
29,6.24657,-1.68606
29,6.27041,-1.68282
29,6.29425,-1.67861
29,6.31809,-1.68576
29,6.34193,-1.67753
29,6.36578,-1.6859
29,6.38962,-1.68148
29,6.41346,-1.69219
29,6.4373,-1.68446
29,6.46114,-1.68866
29,6.48499,-1.68303
29,6.50883,-1.68495
29,6.53267,-1.6928
29,6.55651,-1.69212
29,6.58035,-1.68266
29,6.60419,-1.69407
29,6.62804,-1.68861
29,6.65188,-1.69371
29,6.67572,-1.69373
29,6.69956,-1.69235
29,6.7234,-1.69643
29,6.74725,-1.69207
29,6.77109,-1.69749
29,6.79493,-1.70035
29,6.81877,-1.69527
29,6.84261,-1.69912
29,6.86646,-1.70096
29,6.8903,-1.69368
29,6.91414,-1.70241
29,6.93798,-1.70163
29,6.96182,-1.6977
29,6.98566,-1.70475
29,7.00951,-1.70258
29,7.03335,-1.70403
29,7.05719,-1.70172
29,7.08103,-1.70349
29,7.10487,-1.71354
29,7.12872,-1.71327
29,7.15256,-1.7074
29,7.1764,-1.70321
29,7.20024,-1.70637
29,7.22408,-1.71306
29,7.24792,-1.71287
29,7.27177,-1.71179
29,7.29561,-1.70843
29,7.31945,-1.71417
29,7.34329,-1.7086
29,7.36713,-1.71197
29,7.39098,-1.7126
29,7.41482,-1.71504
29,7.43866,-1.72071
29,7.4625,-1.71609
29,7.48634,-1.71933
29,7.51019,-1.72177
29,7.53403,-1.72366
29,7.55787,-1.72423
29,7.58171,-1.72218
29,7.60555,-1.71697
29,7.62939,-1.71945
29,7.65324,-1.72104
29,7.67708,-1.72282
29,7.70092,-1.71791
29,7.72476,-1.73131
29,7.7486,-1.7276
29,7.77245,-1.72052
29,7.79629,-1.7209
29,7.82013,-1.72795
29,7.84397,-1.72212
29,7.86781,-1.72837
29,7.89165,-1.72647
29,7.9155,-1.72924
29,7.93934,-1.7293
29,7.96318,-1.72912
29,7.98702,-1.72917
29,8.01086,-1.73142
29,8.03471,-1.73419
29,8.05855,-1.72839
29,8.08239,-1.72542
29,8.10623,-1.73709
29,8.13007,-1.73527
29,8.15392,-1.73255
29,8.17776,-1.73737
29,8.2016,-1.73138
29,8.22544,-1.737
29,8.24928,-1.7386
29,8.27312,-1.74002
29,8.29697,-1.74162
29,8.32081,-1.74274
29,8.34465,-1.73444
29,8.36849,-1.73972
29,8.39233,-1.73227
29,8.41618,-1.73662
29,8.44002,-1.74045
29,8.46386,-1.74729
29,8.4877,-1.74962
29,8.51154,-1.75248
29,8.53539,-1.74637
29,8.55923,-1.74533
29,8.58307,-1.7424
29,8.60691,-1.75113
29,8.63075,-1.74459
29,8.65459,-1.74301
29,8.67844,-1.74878
29,8.70228,-1.74778
29,8.72612,-1.74765
29,8.74996,-1.7489
29,8.7738,-1.74859
29,8.79765,-1.75472
29,8.82149,-1.75658
29,8.84533,-1.75617
29,8.86917,-1.75507
29,8.89301,-1.74755
29,8.91685,-1.7537
29,8.9407,-1.75693
29,8.96454,-1.75638
29,8.98838,-1.75895
29,9.01222,-1.7559
29,9.03606,-1.75939
29,9.05991,-1.7601
29,9.08375,-1.76269
29,9.10759,-1.76073
29,9.13143,-1.76305
29,9.15527,-1.76736
29,9.17912,-1.76226
29,9.20296,-1.76386
29,9.2268,-1.76643
29,9.25064,-1.77037
29,9.27448,-1.76123
29,9.29832,-1.76925
29,9.32217,-1.76797
29,9.34601,-1.7727
29,9.36985,-1.76409
29,9.39369,-1.76551
29,9.41753,-1.76759
29,9.44138,-1.76566
29,9.46522,-1.77047
29,9.48906,-1.77089
29,9.5129,-1.77105
29,9.53674,-1.77211
29,9.56059,-1.7696
29,9.58443,-1.76891
29,9.60827,-1.78359
29,9.63211,-1.77598
29,9.65595,-1.77757
29,9.67979,-1.77016
29,9.70364,-1.77808
29,9.72748,-1.76674
29,9.75132,-1.77424
29,9.77516,-1.77579
29,9.799,-1.76944
29,9.82285,-1.76995
29,9.84669,-1.76469
29,9.87053,-1.77597
29,9.89437,-1.77659
29,9.91821,-1.77394
29,9.94205,-1.77445
29,9.9659,-1.78186
29,9.98974,-1.7827
29,10.0136,-1.78849
29,10.0374,-1.77714
29,10.0613,-1.76626
29,10.0851,-1.78639
29,10.1089,-1.78103
29,10.1328,-1.78887
29,10.1566,-1.78264
29,10.1805,-1.78933
29,10.2043,-1.7891
29,10.2282,-1.79484
29,10.252,-1.79586
29,10.2758,-1.79148
29,10.2997,-1.79226
29,10.3235,-1.79859
29,10.3474,-1.79577
29,10.3712,-1.79892
29,10.3951,-1.79323
29,10.4189,-1.79456
29,10.4427,-1.78707
29,10.4666,-1.79728
29,10.4904,-1.79373
29,10.5143,-1.79726
29,10.5381,-1.79567
29,10.5619,-1.79609
29,10.5858,-1.79804
29,10.6096,-1.79903
29,10.6335,-1.80333
29,10.6573,-1.79721
29,10.6812,-1.80072
29,10.705,-1.80019
29,10.7288,-1.81418
29,10.7527,-1.8067
29,10.7765,-1.80242
29,10.8004,-1.79907
29,10.8242,-1.81055
29,10.848,-1.80342
29,10.8719,-1.80361
29,10.8957,-1.79908
29,10.9196,-1.80537
29,10.9434,-1.80353
29,10.9673,-1.80811
29,10.9911,-1.79622
29,11.0149,-1.79298
29,11.0388,-1.78863
29,11.0626,-1.80627
29,11.0865,-1.81115
29,11.1103,-1.81599
29,11.1341,-1.8022
29,11.158,-1.81278
29,11.1818,-1.81443
29,11.2057,-1.81784
29,11.2295,-1.8217
29,11.2534,-1.81947
29,11.2772,-1.81728
29,11.301,-1.81841
29,11.3249,-1.81762
29,11.3487,-1.81679
29,11.3726,-1.81001
29,11.3964,-1.82228
29,11.4202,-1.82495
29,11.4441,-1.8221
29,11.4679,-1.82048
29,11.4918,-1.82409
29,11.5156,-1.82393
29,11.5395,-1.82272
29,11.5633,-1.82993
29,11.5871,-1.82206
29,11.611,-1.82531
29,11.6348,-1.83111
29,11.6587,-1.83004
29,11.6825,-1.82767
29,11.7064,-1.82881
29,11.7302,-1.82618
29,11.754,-1.8348
29,11.7779,-1.82919
29,11.8017,-1.83227
29,11.8256,-1.83487
29,11.8494,-1.83525
29,11.8732,-1.82947
29,11.8971,-1.83428
29,11.9209,-1.83599
29,11.9448,-1.83252
29,11.9686,-1.83194
29,11.9925,-1.83578
29,12.0163,-1.8371
29,12.0401,-1.84205
29,12.064,-1.83315
29,12.0878,-1.84143
29,12.1117,-1.84097
29,12.1355,-1.83685
29,12.1593,-1.83889
29,12.1832,-1.84105
29,12.207,-1.84042
29,12.2309,-1.84226
29,12.2547,-1.83753
29,12.2786,-1.84724
29,12.3024,-1.84085
29,12.3262,-1.84631
29,12.3501,-1.84051
29,12.3739,-1.84149
29,12.3978,-1.84755
29,12.4216,-1.84626
29,12.4454,-1.85337
29,12.4693,-1.84849
29,12.4931,-1.8462
29,12.517,-1.8466
29,12.5408,-1.85451
29,12.5647,-1.84856
29,12.5885,-1.84929
29,12.6123,-1.85208
29,12.6362,-1.84781
29,12.66,-1.85641
29,12.6839,-1.85371
29,12.7077,-1.85019
29,12.7316,-1.85749
29,12.7554,-1.85629
29,12.7792,-1.85432
29,12.8031,-1.8544
29,12.8269,-1.85583
29,12.8508,-1.85596
29,12.8746,-1.8641
29,12.8984,-1.86093
29,12.9223,-1.85916
29,12.9461,-1.8592
29,12.97,-1.86108
29,12.9938,-1.85888
29,13.0177,-1.86231
29,13.0415,-1.86288
29,13.0653,-1.86288
29,13.0892,-1.86104
29,13.113,-1.8546
29,13.1369,-1.86506
29,13.1607,-1.85879
29,13.1845,-1.86986
29,13.2084,-1.86405
29,13.2322,-1.865
29,13.2561,-1.86573
29,13.2799,-1.86531
29,13.3038,-1.86979
29,13.3276,-1.87333
29,13.3514,-1.8713
29,13.3753,-1.86513
29,13.3991,-1.86942
29,13.423,-1.86716
29,13.4468,-1.87875
29,13.4706,-1.86908
29,13.4945,-1.87141
29,13.5183,-1.86551
29,13.5422,-1.87256
29,13.566,-1.87108
29,13.5899,-1.87683
29,13.6137,-1.86772
29,13.6375,-1.87608
29,13.6614,-1.87931
29,13.6852,-1.87733
29,13.7091,-1.87194
29,13.7329,-1.88578
29,13.7568,-1.87573
29,13.7806,-1.8807
29,13.8044,-1.88499
29,13.8283,-1.88365
29,13.8521,-1.88439
29,13.876,-1.88782
29,13.8998,-1.88111
29,13.9236,-1.87631
29,13.9475,-1.88622
29,13.9713,-1.88281
29,13.9952,-1.88155
29,14.019,-1.88255
29,14.0429,-1.87783
29,14.0667,-1.88128
29,14.0905,-1.88501
29,14.1144,-1.8834
29,14.1382,-1.89084
29,14.1621,-1.89508
29,14.1859,-1.88955
29,14.2097,-1.8861
29,14.2336,-1.89649
29,14.2574,-1.893
29,14.2813,-1.89269
29,14.3051,-1.89215
29,14.329,-1.89226
29,14.3528,-1.89357
29,14.3766,-1.89411
29,14.4005,-1.88925
29,14.4243,-1.89591
29,14.4482,-1.89079
29,14.472,-1.89758
29,14.4958,-1.89532
29,14.5197,-1.89676
29,14.5435,-1.89182
29,14.5674,-1.90258
29,14.5912,-1.89652
29,14.6151,-1.89808
29,14.6389,-1.90318
29,14.6627,-1.90529
29,14.6866,-1.90591
29,14.7104,-1.90301
29,14.7343,-1.89118
29,14.7581,-1.90066
29,14.782,-1.90559
29,14.8058,-1.89548
29,14.8296,-1.90305
29,14.8535,-1.90333
29,14.8773,-1.90641
29,14.9012,-1.90538
29,14.925,-1.91239
29,14.9488,-1.90808
29,14.9727,-1.90257
29,14.9965,-1.90623
28,-14.9965,0.670656
28,-14.9727,0.676566
28,-14.9488,0.66125
28,-14.925,0.669879
28,-14.9012,0.672939
28,-14.8773,0.680725
28,-14.8535,0.669299
28,-14.8296,0.666697
28,-14.8058,0.668101
28,-14.782,0.663159
28,-14.7581,0.675646
28,-14.7343,0.668714
28,-14.7104,0.666039
28,-14.6866,0.662344
28,-14.6627,0.671684
28,-14.6389,0.674503
28,-14.6151,0.679238
28,-14.5912,0.673666
28,-14.5674,0.672992
28,-14.5435,0.669261
28,-14.5197,0.680429
28,-14.4958,0.67258
28,-14.472,0.665678
28,-14.4482,0.668635
28,-14.4243,0.671679
28,-14.4005,0.682789
28,-14.3766,0.676075
28,-14.3528,0.676761
28,-14.329,0.670886
28,-14.3051,0.668441
28,-14.2813,0.672324
28,-14.2574,0.672004
28,-14.2336,0.671596
28,-14.2097,0.670078
28,-14.1859,0.672581
28,-14.1621,0.671493
28,-14.1382,0.673315
28,-14.1144,0.66724
28,-14.0905,0.677515
28,-14.0667,0.677098
28,-14.0429,0.676247
28,-14.019,0.672251
28,-13.9952,0.672405
28,-13.9713,0.674247
28,-13.9475,0.684545
28,-13.9236,0.667274
28,-13.8998,0.670403
28,-13.876,0.669486
28,-13.8521,0.682506
28,-13.8283,0.680966
28,-13.8044,0.677437
28,-13.7806,0.683218
28,-13.7568,0.67727
28,-13.7329,0.68007
28,-13.7091,0.670139
28,-13.6852,0.679027
28,-13.6614,0.682368
28,-13.6375,0.675762
28,-13.6137,0.683699
28,-13.5899,0.681529
28,-13.566,0.688104
28,-13.5422,0.684781
28,-13.5183,0.679211
28,-13.4945,0.670483
28,-13.4706,0.677795
28,-13.4468,0.69145
28,-13.423,0.679207
28,-13.3991,0.678351
28,-13.3753,0.670436
28,-13.3514,0.676651
28,-13.3276,0.672228
28,-13.3038,0.664791
28,-13.2799,0.671849
28,-13.2561,0.678565
28,-13.2322,0.68401
28,-13.2084,0.695173
28,-13.1845,0.69043
28,-13.1607,0.699405
28,-13.1369,0.698749
28,-13.113,0.712753
28,-13.0892,0.730441
28,-13.0653,0.73266
28,-13.0415,0.7366
28,-13.0177,0.738389
28,-12.9938,0.730027
28,-12.97,0.720015
28,-12.9461,0.747113
28,-12.9223,0.73651
28,-12.8984,0.780886
28,-12.8746,0.801443
28,-12.8508,0.862874
28,-12.8269,0.878998
28,-12.8031,0.919709
28,-12.7792,0.928499
28,-12.7554,0.954471
28,-12.7316,0.987138
28,-12.7077,1.02293
28,-12.6839,1.18818
28,-12.66,1.18366
28,-12.6362,1.65323
28,-12.6123,1.39879
28,-12.5885,4.19691
28,-12.5647,7.62973
28,-12.5408,4.19601
28,-12.517,1.3933
28,-12.4931,1.65067
28,-12.4693,1.18415
28,-12.4454,1.18027
28,-12.4216,1.01377
28,-12.3978,0.993587
28,-12.3739,0.947828
28,-12.3501,0.925227
28,-12.3262,0.928543
28,-12.3024,0.882617
28,-12.2786,0.863907
28,-12.2547,0.79522
28,-12.2309,0.781949
28,-12.207,0.729662
28,-12.1832,0.745097
28,-12.1593,0.723959
28,-12.1355,0.739585
28,-12.1117,0.729558
28,-12.0878,0.744157
28,-12.064,0.726696
28,-12.0401,0.725696
28,-12.0163,0.710064
28,-11.9925,0.706816
28,-11.9686,0.69377
28,-11.9448,0.690522
28,-11.9209,0.700612
28,-11.8971,0.681354
28,-11.8732,0.676616
28,-11.8494,0.67113
28,-11.8256,0.673661
28,-11.8017,0.665204
28,-11.7779,0.67341
28,-11.754,0.678167
28,-11.7302,0.675291
28,-11.7064,0.675162
28,-11.6825,0.685388
28,-11.6587,0.675429
28,-11.6348,0.68391
28,-11.611,0.68954
28,-11.5871,0.683364
28,-11.5633,0.680962
28,-11.5395,0.677876
28,-11.5156,0.684443
28,-11.4918,0.677635
28,-11.4679,0.687593
28,-11.4441,0.671377
28,-11.4202,0.682362
28,-11.3964,0.675739
28,-11.3726,0.687133
28,-11.3487,0.680192
28,-11.3249,0.676903
28,-11.301,0.678747
28,-11.2772,0.677902
28,-11.2534,0.678846
28,-11.2295,0.674174
28,-11.2057,0.668585
28,-11.1818,0.675224
28,-11.158,0.670724
28,-11.1341,0.673206
28,-11.1103,0.67515
28,-11.0865,0.673322
28,-11.0626,0.669039
28,-11.0388,0.671202
28,-11.0149,0.671157
28,-10.9911,0.673792
28,-10.9673,0.666263
28,-10.9434,0.668116
28,-10.9196,0.668313
28,-10.8957,0.668214
28,-10.8719,0.674012
28,-10.848,0.66885
28,-10.8242,0.679699
28,-10.8004,0.676798
28,-10.7765,0.677758
28,-10.7527,0.660069
28,-10.7288,0.672557
28,-10.705,0.6767
28,-10.6812,0.673744
28,-10.6573,0.680309
28,-10.6335,0.674472
28,-10.6096,0.67676
28,-10.5858,0.674726
28,-10.5619,0.673587
28,-10.5381,0.669555
28,-10.5143,0.674253
28,-10.4904,0.67092
28,-10.4666,0.669959
28,-10.4427,0.669061
28,-10.4189,0.67399
28,-10.3951,0.679603
28,-10.3712,0.665883
28,-10.3474,0.671852
28,-10.3235,0.66162
28,-10.2997,0.676179
28,-10.2758,0.670075
28,-10.252,0.671559
28,-10.2282,0.669773
28,-10.2043,0.668197
28,-10.1805,0.675665
28,-10.1566,0.674877
28,-10.1328,0.671633
28,-10.1089,0.672434
28,-10.0851,0.672417
28,-10.0613,0.731582
28,-10.0374,0.67805
28,-10.0136,0.674987
28,-9.98974,0.668971
28,-9.9659,0.688003
28,-9.94205,0.678217
28,-9.91821,0.675879
28,-9.89437,0.66866
28,-9.87053,0.676055
28,-9.84669,0.678562
28,-9.82285,0.676101
28,-9.799,0.673123
28,-9.77516,0.674046
28,-9.75132,0.671594
28,-9.72748,0.68193
28,-9.70364,0.681201
28,-9.67979,0.677574
28,-9.65595,0.680125
28,-9.63211,0.681389
28,-9.60827,0.686608
28,-9.58443,0.673743
28,-9.56059,0.675846
28,-9.53674,0.679452
28,-9.5129,0.68941
28,-9.48906,0.686623
28,-9.46522,0.684018
28,-9.44138,0.704288
28,-9.41753,1.91831
28,-9.39369,0.768605
28,-9.36985,0.690902
28,-9.34601,0.684728
28,-9.32217,0.694206
28,-9.29832,0.679069
28,-9.27448,0.675644
28,-9.25064,0.674054
28,-9.2268,0.690692
28,-9.20296,0.680437
28,-9.17912,0.674015
28,-9.15527,0.678416
28,-9.13143,0.674817
28,-9.10759,0.670878
28,-9.08375,0.674126
28,-9.05991,0.672525
28,-9.03606,0.677944
28,-9.01222,0.675757
28,-8.98838,0.677676
28,-8.96454,0.678757
28,-8.9407,0.675701
28,-8.91685,0.683415
28,-8.89301,0.682315
28,-8.86917,0.686994
28,-8.84533,0.674587
28,-8.82149,0.689033
28,-8.79765,0.667709
28,-8.7738,0.670971
28,-8.74996,0.677091
28,-8.72612,0.676894
28,-8.70228,0.674273
28,-8.67844,0.662605
28,-8.65459,0.67493
28,-8.63075,0.670121
28,-8.60691,0.667764
28,-8.58307,0.675596
28,-8.55923,0.669052
28,-8.53539,0.672033
28,-8.51154,0.675853
28,-8.4877,0.672542
28,-8.46386,0.670256
28,-8.44002,0.670892
28,-8.41618,0.676168
28,-8.39233,0.662729
28,-8.36849,0.678827
28,-8.34465,0.676027
28,-8.32081,0.664309
28,-8.29697,0.673518
28,-8.27312,0.672756
28,-8.24928,0.67108
28,-8.22544,0.672442
28,-8.2016,0.667602
28,-8.17776,0.667646
28,-8.15392,0.670305
28,-8.13007,0.669904
28,-8.10623,0.673255
28,-8.08239,0.67125
28,-8.05855,0.666806
28,-8.03471,0.67066
28,-8.01086,0.666396
28,-7.98702,0.663421
28,-7.96318,0.663445
28,-7.93934,0.664434
28,-7.9155,0.670945
28,-7.89165,0.671167
28,-7.86781,0.669582
28,-7.84397,0.671559
28,-7.82013,0.67076
28,-7.79629,0.673342
28,-7.77245,0.668942
28,-7.7486,0.66948
28,-7.72476,0.671191
28,-7.70092,0.667359
28,-7.67708,0.673558
28,-7.65324,0.670969
28,-7.62939,0.674844
28,-7.60555,0.667135
28,-7.58171,0.666116
28,-7.55787,0.667411
28,-7.53403,0.683951
28,-7.51019,0.667268
28,-7.48634,0.668814
28,-7.4625,0.665464
28,-7.43866,0.671537
28,-7.41482,0.672235
28,-7.39098,0.660915
28,-7.36713,0.667594
28,-7.34329,0.672727
28,-7.31945,0.663924
28,-7.29561,0.666102
28,-7.27177,0.665793
28,-7.24792,0.668682
28,-7.22408,0.671772
28,-7.20024,0.677181
28,-7.1764,0.674365
28,-7.15256,0.666705
28,-7.12872,0.674106
28,-7.10487,0.666056
28,-7.08103,0.673137
28,-7.05719,0.67256
28,-7.03335,0.669534
28,-7.00951,0.67017
28,-6.98566,0.675294
28,-6.96182,0.668595
28,-6.93798,0.679592
28,-6.91414,0.66187
28,-6.8903,0.667567
28,-6.86646,0.667981
28,-6.84261,0.6789
28,-6.81877,0.670056
28,-6.79493,0.673766
28,-6.77109,0.672046
28,-6.74725,0.668647
28,-6.7234,0.671263
28,-6.69956,0.663923
28,-6.67572,0.672447
28,-6.65188,0.663515
28,-6.62804,0.673787
28,-6.60419,0.666726
28,-6.58035,0.67936
28,-6.55651,0.669993
28,-6.53267,0.669677
28,-6.50883,0.66982
28,-6.48499,0.674038
28,-6.46114,0.669731
28,-6.4373,0.673143
28,-6.41346,0.670373
28,-6.38962,0.681495
28,-6.36578,0.664348
28,-6.34193,0.66623
28,-6.31809,0.665557
28,-6.29425,0.668901
28,-6.27041,0.671604
28,-6.24657,0.668521
28,-6.22272,0.674007
28,-6.19888,0.668289
28,-6.17504,0.675967
28,-6.1512,0.66873
28,-6.12736,0.675884
28,-6.10352,0.671233
28,-6.07967,0.660634
28,-6.05583,0.666751
28,-6.03199,0.670743
28,-6.00815,0.663435
28,-5.98431,0.665318
28,-5.96046,0.667374
28,-5.93662,0.672085
28,-5.91278,0.669606
28,-5.88894,0.677284
28,-5.8651,0.675164
28,-5.84126,0.670317
28,-5.81741,0.665992
28,-5.79357,0.667061
28,-5.76973,0.669236
28,-5.74589,0.66561
28,-5.72205,0.664516
28,-5.6982,0.660847
28,-5.67436,0.671808
28,-5.65052,0.669226
28,-5.62668,0.675775
28,-5.60284,0.670852
28,-5.57899,0.663797
28,-5.55515,0.666425
28,-5.53131,0.667075
28,-5.50747,0.670162
28,-5.48363,0.669766
28,-5.45979,0.671174
28,-5.43594,0.663432
28,-5.4121,0.664399
28,-5.38826,0.672343
28,-5.36442,0.671197
28,-5.34058,0.671382
28,-5.31673,0.670001
28,-5.29289,0.670918
28,-5.26905,0.675187
28,-5.24521,0.663677
28,-5.22137,0.668965
28,-5.19753,0.670838
28,-5.17368,0.66931
28,-5.14984,0.670832
28,-5.126,0.666479
28,-5.10216,0.670869
28,-5.07832,0.667899
28,-5.05447,0.676626
28,-5.03063,0.675614
28,-5.00679,0.662861
28,-4.98295,0.662813
28,-4.95911,0.670895
28,-4.93526,0.671368
28,-4.91142,0.664557
28,-4.88758,0.678805
28,-4.86374,0.659817
28,-4.8399,0.671975
28,-4.81606,0.672247
28,-4.79221,0.66553
28,-4.76837,0.67958
28,-4.74453,0.672296
28,-4.72069,0.67079
28,-4.69685,0.678112
28,-4.673,0.671858
28,-4.64916,0.672492
28,-4.62532,0.67131
28,-4.60148,0.667518
28,-4.57764,0.664703
28,-4.55379,0.674211
28,-4.52995,0.677643
28,-4.50611,0.665744
28,-4.48227,0.673353
28,-4.45843,0.676826
28,-4.43459,0.680046
28,-4.41074,0.67937
28,-4.3869,0.665295
28,-4.36306,0.666837
28,-4.33922,0.675681
28,-4.31538,0.674922
28,-4.29153,0.668397
28,-4.26769,0.674077
28,-4.24385,0.681138
28,-4.22001,0.677129
28,-4.19617,0.683018
28,-4.17233,0.67618
28,-4.14848,0.68404
28,-4.12464,0.6816
28,-4.1008,0.676487
28,-4.07696,0.676016
28,-4.05312,0.675189
28,-4.02927,0.68311
28,-4.00543,0.667122
28,-3.98159,0.681336
28,-3.95775,0.683487
28,-3.93391,0.69067
28,-3.91006,0.671123
28,-3.88622,0.670389
28,-3.86238,0.68177
28,-3.83854,0.692039
28,-3.8147,0.68883
28,-3.79086,0.687681
28,-3.76701,0.680638
28,-3.74317,0.71164
28,-3.71933,0.683633
28,-3.69549,0.707516
28,-3.67165,0.686597
28,-3.6478,0.705497
28,-3.62396,0.699826
28,-3.60012,0.693585
28,-3.57628,0.682076
28,-3.55244,0.686562
28,-3.52859,0.705071
28,-3.50475,0.691204
28,-3.48091,0.686674
28,-3.45707,0.686333
28,-3.43323,0.691765
28,-3.40939,0.684669
28,-3.38554,0.678322
28,-3.3617,0.685422
28,-3.33786,0.709619
28,-3.31402,0.682765
28,-3.29018,0.692386
28,-3.26633,0.681957
28,-3.24249,0.711538
28,-3.21865,0.691182
28,-3.19481,0.692968
28,-3.17097,0.688099
28,-3.14713,0.691864
28,-3.12328,0.702944
28,-3.09944,0.690259
28,-3.0756,0.674714
28,-3.05176,0.682799
28,-3.02792,0.68631
28,-3.00407,0.684898
28,-2.98023,0.680385
28,-2.95639,0.667923
28,-2.93255,0.684984
28,-2.90871,0.678773
28,-2.88486,0.679814
28,-2.86102,0.675955
28,-2.83718,0.692802
28,-2.81334,0.676576
28,-2.7895,0.678885
28,-2.76566,0.687666
28,-2.74181,0.690955
28,-2.71797,0.689528
28,-2.69413,0.681018
28,-2.67029,0.6675
28,-2.64645,0.678997
28,-2.6226,0.687823
28,-2.59876,0.67189
28,-2.57492,0.677851
28,-2.55108,0.686161
28,-2.52724,0.676815
28,-2.5034,0.673741
28,-2.47955,0.676312
28,-2.45571,0.672515
28,-2.43187,0.673956
28,-2.40803,0.673974
28,-2.38419,0.672081
28,-2.36034,0.668597
28,-2.3365,0.677142
28,-2.31266,0.676295
28,-2.28882,0.6732
28,-2.26498,0.685569
28,-2.24113,0.686874
28,-2.21729,0.68551
28,-2.19345,0.684545
28,-2.16961,0.675109
28,-2.14577,0.67664
28,-2.12193,0.677164
28,-2.09808,0.672292
28,-2.07424,0.706023
28,-2.0504,0.677737
28,-2.02656,0.678305
28,-2.00272,0.67896
28,-1.97887,0.67711
28,-1.95503,0.676328
28,-1.93119,0.684033
28,-1.90735,0.673951
28,-1.88351,0.672901
28,-1.85966,0.676018
28,-1.83582,0.686046
28,-1.81198,0.680601
28,-1.78814,0.683771
28,-1.7643,0.689568
28,-1.74046,0.695386
28,-1.71661,0.690576
28,-1.69277,0.692626
28,-1.66893,0.682448
28,-1.64509,0.690592
28,-1.62125,0.682843
28,-1.5974,0.684159
28,-1.57356,0.677278
28,-1.54972,0.688052
28,-1.52588,0.681896
28,-1.50204,0.686651
28,-1.4782,0.681545
28,-1.45435,0.687367
28,-1.43051,0.683288
28,-1.40667,0.677407
28,-1.38283,0.673316
28,-1.35899,0.684316
28,-1.33514,0.705152
28,-1.3113,0.684827
28,-1.28746,0.688109
28,-1.26362,0.686493
28,-1.23978,0.709217
28,-1.21593,0.690159
28,-1.19209,0.688028
28,-1.16825,0.694519
28,-1.14441,0.711578
28,-1.12057,0.699418
28,-1.09673,0.698668
28,-1.07288,0.695136
28,-1.04904,0.695118
28,-1.0252,0.695534
28,-1.00136,0.689469
28,-0.977516,0.698095
28,-0.953674,0.714613
28,-0.929832,0.71552
28,-0.905991,0.709801
28,-0.882149,0.711366
28,-0.858307,0.719201
28,-0.834465,0.742005
28,-0.810623,0.713048
28,-0.786781,0.730915
28,-0.762939,0.751809
28,-0.739098,0.792573
28,-0.715256,0.79146
28,-0.691414,0.78988
28,-0.667572,0.811156
28,-0.64373,0.795091
28,-0.619888,0.826813
28,-0.596046,0.93245
28,-0.572205,0.81361
28,-0.548363,0.817644
28,-0.524521,0.840205
28,-0.500679,0.823366
28,-0.476837,0.847594
28,-0.452995,0.861187
28,-0.429153,0.891986
28,-0.405312,1.05314
28,-0.38147,1.01841
28,-0.357628,1.05601
28,-0.333786,1.322
28,-0.309944,1.33273
28,-0.286102,1.43784
28,-0.26226,1.8338
28,-0.238419,1.90324
28,-0.214577,1.80821
28,-0.190735,2.39775
28,-0.166893,5.00206
28,-0.143051,4.2494
28,-0.119209,3.31086
28,-0.0953674,5.23646
28,-0.0715256,6.94394
28,-0.0476837,10.0926
28,-0.0238419,11.3679
28,0,11.1115
28,0.0238419,6.21336
28,0.0476837,7.5657
28,0.0715256,11.1803
28,0.0953674,5.78933
28,0.119209,5.96881
28,0.143051,4.43635
28,0.166893,8.93359
28,0.190735,3.9313
28,0.214577,2.76744
28,0.238419,2.62641
28,0.26226,2.73605
28,0.286102,1.91693
28,0.309944,1.7858
28,0.333786,3.80667
28,0.357628,1.69606
28,0.38147,1.33295
28,0.405312,1.30354
28,0.429153,1.43522
28,0.452995,1.13688
28,0.476837,1.07095
28,0.500679,1.44947
28,0.524521,1.02879
28,0.548363,0.92756
28,0.572205,0.916324
28,0.596046,0.937736
28,0.619888,0.888753
28,0.64373,0.916687
28,0.667572,0.940918
28,0.691414,0.792624
28,0.715256,0.816787
28,0.739098,0.780467
28,0.762939,0.860124
28,0.786781,0.756046
28,0.810623,0.794055
28,0.834465,0.735502
28,0.858307,0.787831
28,0.882149,0.754307
28,0.905991,0.731983
28,0.929832,0.719285
28,0.953674,0.714988
28,0.977516,0.708873
28,1.00136,0.707765
28,1.0252,0.702251
28,1.04904,0.702821
28,1.07288,0.717969
28,1.09673,0.692254
28,1.12057,0.702601
28,1.14441,0.706621
28,1.16825,0.706727
28,1.19209,0.699059
28,1.21593,0.69075
28,1.23978,0.687263
28,1.26362,0.726777
28,1.28746,0.691551
28,1.3113,0.696757
28,1.33514,0.68648
28,1.35899,0.705179
28,1.38283,0.682531
28,1.40667,0.683125
28,1.43051,0.679288
28,1.45435,0.691641
28,1.4782,0.689489
28,1.50204,0.67907
28,1.52588,0.682671
28,1.54972,0.685441
28,1.57356,0.679101
28,1.5974,0.686442
28,1.62125,0.682139
28,1.64509,0.677675
28,1.66893,0.692877
28,1.69277,0.693026
28,1.71661,0.68471
28,1.74046,0.680371
28,1.7643,0.698679
28,1.78814,0.695583
28,1.81198,0.680177
28,1.83582,0.681733
28,1.85966,0.697217
28,1.88351,0.682567
28,1.90735,0.684023
28,1.93119,0.679726
28,1.95503,0.692148
28,1.97887,0.687974
28,2.00272,0.679663
28,2.02656,0.673975
28,2.0504,0.665317
28,2.07424,0.687124
28,2.09808,0.679646
28,2.12193,0.664549
28,2.14577,0.675948
28,2.16961,0.683511
28,2.19345,0.676748
28,2.21729,0.670572
28,2.24113,0.671841
28,2.26498,0.681553
28,2.28882,0.670361
28,2.31266,0.679622
28,2.3365,0.674406
28,2.36034,0.685548
28,2.38419,0.678331
28,2.40803,0.675214
28,2.43187,0.670531
28,2.45571,0.671669
28,2.47955,0.67355
28,2.5034,0.676309
28,2.52724,0.67229
28,2.55108,0.675893
28,2.57492,0.671376
28,2.59876,0.666077
28,2.6226,0.678596
28,2.64645,0.674409
28,2.67029,0.684825
28,2.69413,0.672958
28,2.71797,0.675243
28,2.74181,0.678892
28,2.76566,0.696174
28,2.7895,0.673322
28,2.81334,0.669172
28,2.83718,0.66968
28,2.86102,0.684021
28,2.88486,0.680781
28,2.90871,0.678027
28,2.93255,0.676677
28,2.95639,0.68294
28,2.98023,0.68259
28,3.00407,0.679179
28,3.02792,0.673865
28,3.05176,0.679568
28,3.0756,0.682391
28,3.09944,0.673727
28,3.12328,0.675728
28,3.14713,0.676801
28,3.17097,0.690704
28,3.19481,0.678005
28,3.21865,0.684838
28,3.24249,0.679716
28,3.26633,0.71158
28,3.29018,0.684683
28,3.31402,0.690896
28,3.33786,0.680448
28,3.3617,0.706874
28,3.38554,0.685583
28,3.40939,0.684396
28,3.43323,0.683878
28,3.45707,0.697809
28,3.48091,0.678409
28,3.50475,0.681573
28,3.52859,0.687156
28,3.55244,0.68211
28,3.57628,0.677074
28,3.60012,0.678642
28,3.62396,0.692442
28,3.6478,0.689607
28,3.67165,0.700257
28,3.69549,0.68508
28,3.71933,0.678394
28,3.74317,0.689828
28,3.76701,0.718867
28,3.79086,0.68612
28,3.8147,0.6839
28,3.83854,0.683016
28,3.86238,0.703911
28,3.88622,0.690605
28,3.91006,0.68547
28,3.93391,0.674977
28,3.95775,0.688048
28,3.98159,0.676324
28,4.00543,0.675551
28,4.02927,0.666736
28,4.05312,0.676782
28,4.07696,0.677321
28,4.1008,0.675124
28,4.12464,0.664911
28,4.14848,0.675893
28,4.17233,0.671921
28,4.19617,0.671644
28,4.22001,0.664933
28,4.24385,0.669027
28,4.26769,0.679736
28,4.29153,0.68148
28,4.31538,0.661007
28,4.33922,0.667355
28,4.36306,0.675222
28,4.3869,0.664531
28,4.41074,0.658056
28,4.43459,0.669149
28,4.45843,0.671856
28,4.48227,0.662469
28,4.50611,0.664041
28,4.52995,0.660354
28,4.55379,0.666448
28,4.57764,0.662969
28,4.60148,0.66234
28,4.62532,0.660122
28,4.64916,0.662697
28,4.673,0.670006
28,4.69685,0.660634
28,4.72069,0.667136
28,4.74453,0.660744
28,4.76837,0.666728
28,4.79221,0.670509
28,4.81606,0.664727
28,4.8399,0.661365
28,4.86374,0.663574
28,4.88758,0.660959
28,4.91142,0.666819
28,4.93526,0.661213
28,4.95911,0.664576
28,4.98295,0.656817
28,5.00679,0.656681
28,5.03063,0.666536
28,5.05447,0.674231
28,5.07832,0.667875
28,5.10216,0.665438
28,5.126,0.657639
28,5.14984,0.652678
28,5.17368,0.664114
28,5.19753,0.666993
28,5.22137,0.657172
28,5.24521,0.664406
28,5.26905,0.658156
28,5.29289,0.663128
28,5.31673,0.662374
28,5.34058,0.662483
28,5.36442,0.663616
28,5.38826,0.654329
28,5.4121,0.656013
28,5.43594,0.659299
28,5.45979,0.660322
28,5.48363,0.661693
28,5.50747,0.663316
28,5.53131,0.660838
28,5.55515,0.659651
28,5.57899,0.661531
28,5.60284,0.660478
28,5.62668,0.663577
28,5.65052,0.658761
28,5.67436,0.668742
28,5.6982,0.669984
28,5.72205,0.670504
28,5.74589,0.667666
28,5.76973,0.666979
28,5.79357,0.666428
28,5.81741,0.666403
28,5.84126,0.661398
28,5.8651,0.664434
28,5.88894,0.664649
28,5.91278,0.665296
28,5.93662,0.664741
28,5.96046,0.65889
28,5.98431,0.659379
28,6.00815,0.662698
28,6.03199,0.660045
28,6.05583,0.661225
28,6.07967,0.660489
28,6.10352,0.659989
28,6.12736,0.6516
28,6.1512,0.663719
28,6.17504,0.668074
28,6.19888,0.660022
28,6.22272,0.656102
28,6.24657,0.660751
28,6.27041,0.661088
28,6.29425,0.656601
28,6.31809,0.660718
28,6.34193,0.652118
28,6.36578,0.656462
28,6.38962,0.659956
28,6.41346,0.653522
28,6.4373,0.660889
28,6.46114,0.659148
28,6.48499,0.665184
28,6.50883,0.661217
28,6.53267,0.657417
28,6.55651,0.658283
28,6.58035,0.661401
28,6.60419,0.658597
28,6.62804,0.660833
28,6.65188,0.659075
28,6.67572,0.655791
28,6.69956,0.660101
28,6.7234,0.658139
28,6.74725,0.661111
28,6.77109,0.658543
28,6.79493,0.661248
28,6.81877,0.657651
28,6.84261,0.661283
28,6.86646,0.658392
28,6.8903,0.652776
28,6.91414,0.665045
28,6.93798,0.659568
28,6.96182,0.662838
28,6.98566,0.6594
28,7.00951,0.661025
28,7.03335,0.656476
28,7.05719,0.654656
28,7.08103,0.651435
28,7.10487,0.659109
28,7.12872,0.658394
28,7.15256,0.664708
28,7.1764,0.651235
28,7.20024,0.65979
28,7.22408,0.656999
28,7.24792,0.656677
28,7.27177,0.659407
28,7.29561,0.660802
28,7.31945,0.661574
28,7.34329,0.661171
28,7.36713,0.655347
28,7.39098,0.648859
28,7.41482,0.651711
28,7.43866,0.652769
28,7.4625,0.663396
28,7.48634,0.660805
28,7.51019,0.650528
28,7.53403,0.661304
28,7.55787,0.658341
28,7.58171,0.662256
28,7.60555,0.654927
28,7.62939,0.653428
28,7.65324,0.659001
28,7.67708,0.662079
28,7.70092,0.665319
28,7.72476,0.656355
28,7.7486,0.655034
28,7.77245,0.662196
28,7.79629,0.655697
28,7.82013,0.655851
28,7.84397,0.663644
28,7.86781,0.657077
28,7.89165,0.653761
28,7.9155,0.653406
28,7.93934,0.651885
28,7.96318,0.66205
28,7.98702,0.654368
28,8.01086,0.657487
28,8.03471,0.657179
28,8.05855,0.657042
28,8.08239,0.654995
28,8.10623,0.655555
28,8.13007,0.654073
28,8.15392,0.656577
28,8.17776,0.659289
28,8.2016,0.657372
28,8.22544,0.650594
28,8.24928,0.656423
28,8.27312,0.660554
28,8.29697,0.668972
28,8.32081,0.657529
28,8.34465,0.65016
28,8.36849,0.660223
28,8.39233,0.663729
28,8.41618,0.6549
28,8.44002,0.660487
28,8.46386,0.662937
28,8.4877,0.664099
28,8.51154,0.665013
28,8.53539,0.659196
28,8.55923,0.668054
28,8.58307,0.659518
28,8.60691,0.658336
28,8.63075,0.654589
28,8.65459,0.653648
28,8.67844,0.655708
28,8.70228,0.659431
28,8.72612,0.650509
28,8.74996,0.651829
28,8.7738,0.660984
28,8.79765,0.653425
28,8.82149,0.65186
28,8.84533,0.658832
28,8.86917,0.658228
28,8.89301,0.654732
28,8.91685,0.653212
28,8.9407,0.64708
28,8.96454,0.65771
28,8.98838,0.665717
28,9.01222,0.659749
28,9.03606,0.655879
28,9.05991,0.655491
28,9.08375,0.654626
28,9.10759,0.660193
28,9.13143,0.655795
28,9.15527,0.656121
28,9.17912,0.653718
28,9.20296,0.647802
28,9.2268,0.657039
28,9.25064,0.655767
28,9.27448,0.658322
28,9.29832,0.661776
28,9.32217,0.667512
28,9.34601,0.658096
28,9.36985,0.651062
28,9.39369,0.652685
28,9.41753,0.653195
28,9.44138,0.650569
28,9.46522,0.656874
28,9.48906,0.652782
28,9.5129,0.661607
28,9.53674,0.652057
28,9.56059,0.659272
28,9.58443,0.65559
28,9.60827,0.654664
28,9.63211,0.65601
28,9.65595,0.663548
28,9.67979,0.703864
28,9.70364,0.674233
28,9.72748,0.652701
28,9.75132,0.649919
28,9.77516,0.657821
28,9.799,0.660868
28,9.82285,0.65452
28,9.84669,0.650228
28,9.87053,0.651504
28,9.89437,0.645671
28,9.91821,0.653005
28,9.94205,0.665943
28,9.9659,0.652925
28,9.98974,0.652668
28,10.0136,0.645266
28,10.0374,0.653715
28,10.0613,0.65143
28,10.0851,0.644966
28,10.1089,0.66361
28,10.1328,0.655012
28,10.1566,0.651935
28,10.1805,0.656599
28,10.2043,0.643561
28,10.2282,0.660979
28,10.252,0.647239
28,10.2758,0.655852
28,10.2997,0.653245
28,10.3235,0.653052
28,10.3474,0.64575
28,10.3712,0.648166
28,10.3951,0.646588
28,10.4189,0.648603
28,10.4427,0.646769
28,10.4666,0.647848
28,10.4904,0.651679
28,10.5143,0.653752
28,10.5381,0.65534
28,10.5619,0.655992
28,10.5858,0.657178
28,10.6096,0.649308
28,10.6335,0.649222
28,10.6573,0.657122
28,10.6812,0.65281
28,10.705,0.650209
28,10.7288,0.652368
28,10.7527,0.650595
28,10.7765,0.649275
28,10.8004,0.650063
28,10.8242,0.652921
28,10.848,0.654996
28,10.8719,0.660585
28,10.8957,0.664498
28,10.9196,0.650169
28,10.9434,0.655658
28,10.9673,0.652238
28,10.9911,0.652144
28,11.0149,0.649436
28,11.0388,0.650668
28,11.0626,0.657264
28,11.0865,0.654367
28,11.1103,0.652303
28,11.1341,0.649421
28,11.158,0.651554
28,11.1818,0.671104
28,11.2057,0.670331
28,11.2295,0.65048
28,11.2534,0.65259
28,11.2772,0.655435
28,11.301,0.655118
28,11.3249,0.649766
28,11.3487,0.646536
28,11.3726,0.651534
28,11.3964,0.651969
28,11.4202,0.641082
28,11.4441,0.648483
28,11.4679,0.656997
28,11.4918,0.646281
28,11.5156,0.646691
28,11.5395,0.643396
28,11.5633,0.649041
28,11.5871,0.650078
28,11.611,0.65478
28,11.6348,0.647026
28,11.6587,0.648498
28,11.6825,0.653506
28,11.7064,0.647334
28,11.7302,0.653489
28,11.754,0.648001
28,11.7779,0.653384
28,11.8017,0.647057
28,11.8256,0.652505
28,11.8494,0.659458
28,11.8732,0.644309
28,11.8971,0.649804
28,11.9209,0.647518
28,11.9448,0.649426
28,11.9686,0.644885
28,11.9925,0.644743
28,12.0163,0.643716
28,12.0401,0.649215
28,12.064,0.650849
28,12.0878,0.643052
28,12.1117,0.658201
28,12.1355,0.641032
28,12.1593,0.649892
28,12.1832,0.640589
28,12.207,0.651533
28,12.2309,0.647088
28,12.2547,0.642396
28,12.2786,0.653008
28,12.3024,0.650484
28,12.3262,0.644809
28,12.3501,0.654177
28,12.3739,0.642975
28,12.3978,0.650054
28,12.4216,0.643311
28,12.4454,0.651308
28,12.4693,0.649789
28,12.4931,0.654061
28,12.517,0.644682
28,12.5408,0.64677
28,12.5647,0.644757
28,12.5885,0.639501
28,12.6123,0.647044
28,12.6362,0.645979
28,12.66,0.651236
28,12.6839,0.643721
28,12.7077,0.650364
28,12.7316,0.651551
28,12.7554,0.646044
28,12.7792,0.646159
28,12.8031,0.653417
28,12.8269,0.648269
28,12.8508,0.65011
28,12.8746,0.644121
28,12.8984,0.646742
28,12.9223,0.6451
28,12.9461,0.647192
28,12.97,0.645791
28,12.9938,0.648754
28,13.0177,0.645432
28,13.0415,0.649625
28,13.0653,0.654322
28,13.0892,0.648964
28,13.113,0.652428
28,13.1369,0.650335
28,13.1607,0.645381
28,13.1845,0.647201
28,13.2084,0.648421
28,13.2322,0.650276
28,13.2561,0.64651
28,13.2799,0.64213
28,13.3038,0.655
28,13.3276,0.646183
28,13.3514,0.64343
28,13.3753,0.652095
28,13.3991,0.642521
28,13.423,0.646705
28,13.4468,0.640017
28,13.4706,0.643083
28,13.4945,0.63818
28,13.5183,0.645151
28,13.5422,0.648146
28,13.566,0.646253
28,13.5899,0.641943
28,13.6137,0.641664
28,13.6375,0.635848
28,13.6614,0.649953
28,13.6852,0.647885
28,13.7091,0.651977
28,13.7329,0.64918
28,13.7568,0.64915
28,13.7806,0.643809
28,13.8044,0.648779
28,13.8283,0.650683
28,13.8521,0.637087
28,13.876,0.642557
28,13.8998,0.645634
28,13.9236,0.638734
28,13.9475,0.648766
28,13.9713,0.648219
28,13.9952,0.646541
28,14.019,0.641999
28,14.0429,0.644388
28,14.0667,0.647543
28,14.0905,0.64709
28,14.1144,0.646707
28,14.1382,0.64268
28,14.1621,0.643183
28,14.1859,0.641363
28,14.2097,0.648029
28,14.2336,0.645829
28,14.2574,0.655261
28,14.2813,0.650277
28,14.3051,0.647391
28,14.329,0.645913
28,14.3528,0.64427
28,14.3766,0.642387
28,14.4005,0.639673
28,14.4243,0.635474
28,14.4482,0.635455
28,14.472,0.639105
28,14.4958,0.644266
28,14.5197,0.638512
28,14.5435,0.639896
28,14.5674,0.642099
28,14.5912,0.647273
28,14.6151,0.643349
28,14.6389,0.650565
28,14.6627,0.639644
28,14.6866,0.640442
28,14.7104,0.647158
28,14.7343,0.647477
28,14.7581,0.636977
28,14.782,0.636681
28,14.8058,0.643473
28,14.8296,0.63889
28,14.8535,0.643846
28,14.8773,0.64223
28,14.9012,0.635168
28,14.925,0.639167
28,14.9488,0.636816
28,14.9727,0.641477
28,14.9965,0.639073
27,-14.9965,-1.40109
27,-14.9727,-1.41279
27,-14.9488,-1.41954
27,-14.925,-1.41409
27,-14.9012,-1.41276
27,-14.8773,-1.39935
27,-14.8535,-1.41782
27,-14.8296,-1.40564
27,-14.8058,-1.40304
27,-14.782,-1.40592
27,-14.7581,-1.40914
27,-14.7343,-1.40706
27,-14.7104,-1.41043
27,-14.6866,-1.41387
27,-14.6627,-1.41081
27,-14.6389,-1.40318
27,-14.6151,-1.39824
27,-14.5912,-1.39732
27,-14.5674,-1.40768
27,-14.5435,-1.40051
27,-14.5197,-1.39267
27,-14.4958,-1.39193
27,-14.472,-1.40257
27,-14.4482,-1.39606
27,-14.4243,-1.38882
27,-14.4005,-1.40626
27,-14.3766,-1.39523
27,-14.3528,-1.39144
27,-14.329,-1.39681
27,-14.3051,-1.39507
27,-14.2813,-1.40154
27,-14.2574,-1.38714
27,-14.2336,-1.39567
27,-14.2097,-1.37072
27,-14.1859,-1.38337
27,-14.1621,-1.38662
27,-14.1382,-1.38294
27,-14.1144,-1.39681
27,-14.0905,-1.365
27,-14.0667,-1.38257
27,-14.0429,-1.3812
27,-14.019,-1.3877
27,-13.9952,-1.38687
27,-13.9713,-1.38307
27,-13.9475,-1.38158
27,-13.9236,-1.374
27,-13.8998,-1.3799
27,-13.876,-1.39121
27,-13.8521,-1.37543
27,-13.8283,-1.39031
27,-13.8044,-1.37677
27,-13.7806,-1.38451
27,-13.7568,-1.35798
27,-13.7329,-1.36783
27,-13.7091,-1.37614
27,-13.6852,-1.37274
27,-13.6614,-1.37918
27,-13.6375,-1.37673
27,-13.6137,-1.37994
27,-13.5899,-1.38522
27,-13.566,-1.3805
27,-13.5422,-1.36352
27,-13.5183,-1.37109
27,-13.4945,-1.36723
27,-13.4706,-1.36687
27,-13.4468,-1.36506
27,-13.423,-1.36704
27,-13.3991,-1.36685
27,-13.3753,-1.36921
27,-13.3514,-1.36429
27,-13.3276,-1.3689
27,-13.3038,-1.3733
27,-13.2799,-1.36766
27,-13.2561,-1.36273
27,-13.2322,-1.35222
27,-13.2084,-1.36622
27,-13.1845,-1.35335
27,-13.1607,-1.36539
27,-13.1369,-1.34952
27,-13.113,-1.36679
27,-13.0892,-1.36021
27,-13.0653,-1.35515
27,-13.0415,-1.37402
27,-13.0177,-1.35233
27,-12.9938,-1.36479
27,-12.97,-1.35763
27,-12.9461,-1.36362
27,-12.9223,-1.35158
27,-12.8984,-1.35762
27,-12.8746,-1.37236
27,-12.8508,-1.33921
27,-12.8269,-1.35652
27,-12.8031,-1.35212
27,-12.7792,-1.34529
27,-12.7554,-1.35196
27,-12.7316,-1.35099
27,-12.7077,-1.34838
27,-12.6839,-1.34964
27,-12.66,-1.34365
27,-12.6362,-1.3507
27,-12.6123,-1.34256
27,-12.5885,-1.34319
27,-12.5647,-1.34288
27,-12.5408,-1.34741
27,-12.517,-1.33928
27,-12.4931,-1.33242
27,-12.4693,-1.33627
27,-12.4454,-1.34583
27,-12.4216,-1.33902
27,-12.3978,-1.33413
27,-12.3739,-1.33861
27,-12.3501,-1.32899
27,-12.3262,-1.33221
27,-12.3024,-1.34065
27,-12.2786,-1.33409
27,-12.2547,-1.33244
27,-12.2309,-1.32679
27,-12.207,-1.33225
27,-12.1832,-1.3218
27,-12.1593,-1.32983
27,-12.1355,-1.33782
27,-12.1117,-1.31713
27,-12.0878,-1.3148
27,-12.064,-1.32418
27,-12.0401,-1.32351
27,-12.0163,-1.32502
27,-11.9925,-1.3239
27,-11.9686,-1.33082
27,-11.9448,-1.31236
27,-11.9209,-1.32621
27,-11.8971,-1.31581
27,-11.8732,-1.33387
27,-11.8494,-1.31543
27,-11.8256,-1.32763
27,-11.8017,-1.31734
27,-11.7779,-1.32088
27,-11.754,-1.31589
27,-11.7302,-1.33412
27,-11.7064,-1.32015
27,-11.6825,-1.31064
27,-11.6587,-1.30604
27,-11.6348,-1.31942
27,-11.611,-1.32591
27,-11.5871,-1.31389
27,-11.5633,-1.31188
27,-11.5395,-1.3131
27,-11.5156,-1.31927
27,-11.4918,-1.31129
27,-11.4679,-1.31426
27,-11.4441,-1.30576
27,-11.4202,-1.31353
27,-11.3964,-1.3127
27,-11.3726,-1.31841
27,-11.3487,-1.32061
27,-11.3249,-1.28884
27,-11.301,-1.3057
27,-11.2772,-1.30409
27,-11.2534,-1.29611
27,-11.2295,-1.31248
27,-11.2057,-1.2972
27,-11.1818,-1.30023
27,-11.158,-1.30083
27,-11.1341,-1.3106
27,-11.1103,-1.29666
27,-11.0865,-1.29901
27,-11.0626,-1.29969
27,-11.0388,-1.28545
27,-11.0149,-1.29912
27,-10.9911,-1.28532
27,-10.9673,-1.30244
27,-10.9434,-1.30282
27,-10.9196,-1.29699
27,-10.8957,-1.29668
27,-10.8719,-1.29309
27,-10.848,-1.29943
27,-10.8242,-1.28706
27,-10.8004,-1.30052
27,-10.7765,-1.29427
27,-10.7527,-1.29553
27,-10.7288,-1.30349
27,-10.705,-1.28539
27,-10.6812,-1.28523
27,-10.6573,-1.2914
27,-10.6335,-1.29117
27,-10.6096,-1.29443
27,-10.5858,-1.28392
27,-10.5619,-1.27911
27,-10.5381,-1.27099
27,-10.5143,-1.28995
27,-10.4904,-1.28636
27,-10.4666,-1.27648
27,-10.4427,-1.2878
27,-10.4189,-1.28163
27,-10.3951,-1.29233
27,-10.3712,-1.27427
27,-10.3474,-1.28029
27,-10.3235,-1.27187
27,-10.2997,-1.27797
27,-10.2758,-1.28408
27,-10.252,-1.26812
27,-10.2282,-1.27696
27,-10.2043,-1.26632
27,-10.1805,-1.24374
27,-10.1566,-1.21817
27,-10.1328,-1.26026
27,-10.1089,-1.26849
27,-10.0851,-1.25773
27,-10.0613,-1.26829
27,-10.0374,-1.26136
27,-10.0136,-1.26522
27,-9.98974,-1.2716
27,-9.9659,-1.26156
27,-9.94205,-1.26941
27,-9.91821,-1.26004
27,-9.89437,-1.26071
27,-9.87053,-1.24893
27,-9.84669,-1.26763
27,-9.82285,-1.25958
27,-9.799,-1.2508
27,-9.77516,-1.2698
27,-9.75132,-1.26025
27,-9.72748,-1.26221
27,-9.70364,-1.26731
27,-9.67979,-1.25822
27,-9.65595,-1.26536
27,-9.63211,-1.25519
27,-9.60827,-1.26506
27,-9.58443,-1.24531
27,-9.56059,-1.2524
27,-9.53674,-1.25653
27,-9.5129,-1.26211
27,-9.48906,-1.25805
27,-9.46522,-1.23816
27,-9.44138,-1.24316
27,-9.41753,-1.25123
27,-9.39369,-1.2512
27,-9.36985,-1.23853
27,-9.34601,-1.23864
27,-9.32217,-1.24643
27,-9.29832,-1.25383
27,-9.27448,-1.24812
27,-9.25064,-1.23529
27,-9.2268,-1.25245
27,-9.20296,-1.23861
27,-9.17912,-1.23818
27,-9.15527,-1.24704
27,-9.13143,-1.22984
27,-9.10759,-1.24567
27,-9.08375,-1.24537
27,-9.05991,-1.23425
27,-9.03606,-1.24209
27,-9.01222,-1.23406
27,-8.98838,-1.24877
27,-8.96454,-1.23404
27,-8.9407,-1.23424
27,-8.91685,-1.23129
27,-8.89301,-1.23521
27,-8.86917,-1.23388
27,-8.84533,-1.22615
27,-8.82149,-1.23383
27,-8.79765,-1.23636
27,-8.7738,-1.23182
27,-8.74996,-1.22826
27,-8.72612,-1.21172
27,-8.70228,-1.23012
27,-8.67844,-1.22211
27,-8.65459,-1.22403
27,-8.63075,-1.22984
27,-8.60691,-1.22423
27,-8.58307,-1.23166
27,-8.55923,-1.21585
27,-8.53539,-1.22827
27,-8.51154,-1.2334
27,-8.4877,-1.22124
27,-8.46386,-1.21883
27,-8.44002,-1.22831
27,-8.41618,-1.23136
27,-8.39233,-1.2024
27,-8.36849,-1.21479
27,-8.34465,-1.21317
27,-8.32081,-1.21775
27,-8.29697,-1.20163
27,-8.27312,-1.20389
27,-8.24928,-1.22921
27,-8.22544,-1.21564
27,-8.2016,-1.21701
27,-8.17776,-1.21241
27,-8.15392,-1.20657
27,-8.13007,-1.21735
27,-8.10623,-1.21182
27,-8.08239,-1.2011
27,-8.05855,-1.19058
27,-8.03471,-1.20763
27,-8.01086,-1.19308
27,-7.98702,-1.20621
27,-7.96318,-1.18688
27,-7.93934,-1.18894
27,-7.9155,-1.1974
27,-7.89165,-1.20723
27,-7.86781,-1.19241
27,-7.84397,-1.19954
27,-7.82013,-1.19513
27,-7.79629,-1.19375
27,-7.77245,-1.18169
27,-7.7486,-1.1952
27,-7.72476,-1.18818
27,-7.70092,-1.18834
27,-7.67708,-1.18657
27,-7.65324,-1.178
27,-7.62939,-1.20179
27,-7.60555,-1.18551
27,-7.58171,-1.18582
27,-7.55787,-1.17438
27,-7.53403,-1.19735
27,-7.51019,-1.19086
27,-7.48634,-1.18929
27,-7.4625,-1.17587
27,-7.43866,-1.19135
27,-7.41482,-1.19347
27,-7.39098,-1.1823
27,-7.36713,-1.1652
27,-7.34329,-1.19593
27,-7.31945,-1.18846
27,-7.29561,-1.18337
27,-7.27177,-1.14809
27,-7.24792,-1.18565
27,-7.22408,-1.19561
27,-7.20024,-1.18231
27,-7.1764,-1.16515
27,-7.15256,-1.16696
27,-7.12872,-1.17823
27,-7.10487,-1.16837
27,-7.08103,-1.16742
27,-7.05719,-1.16782
27,-7.03335,-1.18533
27,-7.00951,-1.17707
27,-6.98566,-1.17132
27,-6.96182,-1.1712
27,-6.93798,-1.18337
27,-6.91414,-1.1726
27,-6.8903,-1.1754
27,-6.86646,-1.15255
27,-6.84261,-1.16861
27,-6.81877,-1.17276
27,-6.79493,-1.16977
27,-6.77109,-1.14455
27,-6.74725,-1.16858
27,-6.7234,-1.17892
27,-6.69956,-1.1604
27,-6.67572,-1.13709
27,-6.65188,-1.13987
27,-6.62804,-1.16188
27,-6.60419,-1.1553
27,-6.58035,-1.15612
27,-6.55651,-1.15282
27,-6.53267,-1.16631
27,-6.50883,-1.15569
27,-6.48499,-1.15751
27,-6.46114,-1.14094
27,-6.4373,-1.1619
27,-6.41346,-1.15646
27,-6.38962,-1.151
27,-6.36578,-1.12426
27,-6.34193,-1.16964
27,-6.31809,-1.15252
27,-6.29425,-1.16404
27,-6.27041,-1.1217
27,-6.24657,-1.15022
27,-6.22272,-1.14321
27,-6.19888,-1.1489
27,-6.17504,-1.13031
27,-6.1512,-1.13932
27,-6.12736,-1.15771
27,-6.10352,-1.14759
27,-6.07967,-1.13264
27,-6.05583,-1.12431
27,-6.03199,-1.13942
27,-6.00815,-1.15389
27,-5.98431,-1.13218
27,-5.96046,-1.11554
27,-5.93662,-1.13571
27,-5.91278,-1.1227
27,-5.88894,-1.13678
27,-5.8651,-1.09081
27,-5.84126,-1.14088
27,-5.81741,-1.12889
27,-5.79357,-1.12445
27,-5.76973,-1.08851
27,-5.74589,-1.12534
27,-5.72205,-1.14276
27,-5.6982,-1.12039
27,-5.67436,-1.11442
27,-5.65052,-1.12602
27,-5.62668,-1.12763
27,-5.60284,-1.12446
27,-5.57899,-1.11867
27,-5.55515,-1.11683
27,-5.53131,-1.12233
27,-5.50747,-1.13346
27,-5.48363,-1.12528
27,-5.45979,-1.0694
27,-5.43594,-1.12633
27,-5.4121,-1.11748
27,-5.38826,-1.12184
27,-5.36442,-1.02295
27,-5.34058,-1.11446
27,-5.31673,-1.12009
27,-5.29289,-1.08747
27,-5.26905,-1.01049
27,-5.24521,-1.10617
27,-5.22137,-1.10766
27,-5.19753,-1.09693
27,-5.17368,-1.06954
27,-5.14984,-1.10185
27,-5.126,-1.09336
27,-5.10216,-1.10415
27,-5.07832,-1.08545
27,-5.05447,-1.0819
27,-5.03063,-1.08871
27,-5.00679,-1.09821
27,-4.98295,-1.07076
27,-4.95911,-1.00773
27,-4.93526,-1.09843
27,-4.91142,-1.09488
27,-4.88758,-1.06537
27,-4.86374,-0.762738
27,-4.8399,-1.09049
27,-4.81606,-1.08984
27,-4.79221,-1.04067
27,-4.76837,-0.863095
27,-4.74453,-1.05661
27,-4.72069,-1.05409
27,-4.69685,-1.04485
27,-4.673,-0.972021
27,-4.64916,-1.04115
27,-4.62532,-1.04277
27,-4.60148,-1.03467
27,-4.57764,-1.0047
27,-4.55379,-1.0329
27,-4.52995,-1.03584
27,-4.50611,-1.03686
27,-4.48227,-0.943472
27,-4.45843,-0.543577
27,-4.43459,-1.00978
27,-4.41074,-0.996272
27,-4.3869,-0.912922
27,-4.36306,-0.236124
27,-4.33922,-0.973329
27,-4.31538,-0.979184
27,-4.29153,-0.848455
27,-4.26769,-0.14316
27,-4.24385,-0.942462
27,-4.22001,-0.964171
27,-4.19617,-0.895219
27,-4.17233,-0.804274
27,-4.14848,-0.946801
27,-4.12464,-0.943827
27,-4.1008,-0.882933
27,-4.07696,-0.662463
27,-4.05312,-0.634608
27,-4.02927,-0.825953
27,-4.00543,-0.790441
27,-3.98159,-0.532403
27,-3.95775,0.085262
27,-3.93391,-0.773401
27,-3.91006,-0.793778
27,-3.88622,-0.564443
27,-3.86238,1.66521
27,-3.83854,-0.862596
27,-3.8147,-0.89015
27,-3.79086,-0.458035
27,-3.76701,0.501665
27,-3.74317,-0.686047
27,-3.71933,-0.747763
27,-3.69549,-0.590507
27,-3.67165,-0.319621
27,-3.6478,-0.697091
27,-3.62396,-0.746907
27,-3.60012,-0.699203
27,-3.57628,-0.637914
27,-3.55244,-0.756403
27,-3.52859,-0.8535
27,-3.50475,-0.834535
27,-3.48091,-0.347086
27,-3.45707,0.736052
27,-3.43323,-0.741055
27,-3.40939,-0.782996
27,-3.38554,-0.442027
27,-3.3617,0.772289
27,-3.33786,-0.751272
27,-3.31402,-0.814449
27,-3.29018,-0.55221
27,-3.26633,0.371208
27,-3.24249,-0.848693
27,-3.21865,-0.892538
27,-3.19481,-0.794394
27,-3.17097,-0.803615
27,-3.14713,-0.930983
27,-3.12328,-0.9375
27,-3.09944,-0.899205
27,-3.0756,-0.651865
27,-3.05176,-0.716311
27,-3.02792,-0.869705
27,-3.00407,-0.864814
27,-2.98023,-0.602241
27,-2.95639,-0.32524
27,-2.93255,-0.867804
27,-2.90871,-0.895555
27,-2.88486,-0.717877
27,-2.86102,0.514971
27,-2.83718,-0.9245
27,-2.81334,-0.970673
27,-2.7895,-0.751347
27,-2.76566,-0.409945
27,-2.74181,-0.887838
27,-2.71797,-0.911514
27,-2.69413,-0.858424
27,-2.67029,-0.781647
27,-2.64645,-0.914181
27,-2.6226,-0.929455
27,-2.59876,-0.899894
27,-2.57492,-0.853181
27,-2.55108,-0.927585
27,-2.52724,-0.968423
27,-2.5034,-0.94477
27,-2.47955,-0.615686
27,-2.45571,-0.232895
27,-2.43187,-0.861338
27,-2.40803,-0.881692
27,-2.38419,-0.72624
27,-2.36034,-0.128836
27,-2.3365,-0.883814
27,-2.31266,-0.905372
27,-2.28882,-0.760911
27,-2.26498,-0.249458
27,-2.24113,-0.916296
27,-2.21729,-0.94866
27,-2.19345,-0.880673
27,-2.16961,-0.917245
27,-2.14577,-0.954693
27,-2.12193,-0.94799
27,-2.09808,-0.911657
27,-2.07424,-0.678103
27,-2.0504,-0.80296
27,-2.02656,-0.865196
27,-2.00272,-0.845102
27,-1.97887,-0.596407
27,-1.95503,-0.454189
27,-1.93119,-0.845255
27,-1.90735,-0.84611
27,-1.88351,-0.667841
27,-1.85966,0.347956
27,-1.83582,-0.884797
27,-1.81198,-0.921724
27,-1.78814,-0.714908
27,-1.7643,-0.433776
27,-1.74046,-0.83765
27,-1.71661,-0.846988
27,-1.69277,-0.797076
27,-1.66893,-0.720561
27,-1.64509,-0.840633
27,-1.62125,-0.827953
27,-1.5974,-0.794449
27,-1.57356,-0.713347
27,-1.54972,-0.829428
27,-1.52588,-0.862747
27,-1.50204,-0.81159
27,-1.4782,-0.178839
27,-1.45435,0.0671163
27,-1.43051,-0.722058
27,-1.40667,-0.70797
27,-1.38283,-0.412415
27,-1.35899,0.369014
27,-1.33514,-0.660111
27,-1.3113,-0.695551
27,-1.28746,-0.475469
27,-1.26362,0.331727
27,-1.23978,-0.708901
27,-1.21593,-0.762203
27,-1.19209,-0.662503
27,-1.16825,-0.74999
27,-1.14441,-0.80879
27,-1.12057,-0.757778
27,-1.09673,-0.627257
27,-1.07288,0.117728
27,-1.04904,-0.344952
27,-1.0252,-0.478183
27,-1.00136,-0.379596
27,-0.977516,0.509147
27,-0.953674,0.511816
27,-0.929832,-0.323349
27,-0.905991,-0.251876
27,-0.882149,0.558206
27,-0.858307,2.69024
27,-0.834465,-0.32977
27,-0.810623,-0.431186
27,-0.786781,0.315254
27,-0.762939,1.00299
27,-0.739098,0.0925036
27,-0.715256,0.0167143
27,-0.691414,0.226967
27,-0.667572,0.675973
27,-0.64373,0.388282
27,-0.619888,0.668005
27,-0.596046,0.999998
27,-0.572205,2.21837
27,-0.548363,1.05625
27,-0.524521,1.12727
27,-0.500679,1.92635
27,-0.476837,6.25089
27,-0.452995,6.05039
27,-0.429153,2.89446
27,-0.405312,3.75091
27,-0.38147,6.12941
27,-0.357628,9.7073
27,-0.333786,6.03199
27,-0.309944,6.25434
27,-0.286102,8.46891
27,-0.26226,14.284
27,-0.238419,9.03319
27,-0.214577,10.85
27,-0.190735,14.7934
27,-0.166893,31.605
27,-0.143051,14.9153
27,-0.119209,12.5568
27,-0.0953674,21.6816
27,-0.0715256,16.6991
27,-0.0476837,14.0955
27,-0.0238419,12.1751
27,0,12.272
27,0.0238419,13.1343
27,0.0476837,9.91757
27,0.0715256,6.191
27,0.0953674,5.678
27,0.119209,8.51283
27,0.143051,8.11504
27,0.166893,2.65153
27,0.190735,2.00022
27,0.214577,3.64162
27,0.238419,3.43998
27,0.26226,1.49763
27,0.286102,1.02177
27,0.309944,1.53094
27,0.333786,1.88339
27,0.357628,0.428123
27,0.38147,0.726827
27,0.405312,0.383364
27,0.429153,1.07686
27,0.452995,0.160338
27,0.476837,0.441818
27,0.500679,0.24079
27,0.524521,2.84804
27,0.548363,1.94899
27,0.572205,1.16015
27,0.596046,0.122735
27,0.619888,0.806227
27,0.64373,1.37866
27,0.667572,-0.122636
27,0.691414,-0.307804
27,0.715256,0.071494
27,0.739098,0.891384
27,0.762939,-0.457373
27,0.786781,-0.581011
27,0.810623,-0.441652
27,0.834465,-0.620064
27,0.858307,-0.679637
27,0.882149,-0.682066
27,0.905991,-0.640359
27,0.929832,0.109328
27,0.953674,-0.569592
27,0.977516,-0.655659
27,1.00136,-0.556576
27,1.0252,0.15388
27,1.04904,-0.296931
27,1.07288,-0.646609
27,1.09673,-0.596829
27,1.12057,-0.0297156
27,1.14441,0.433813
27,1.16825,-0.691002
27,1.19209,-0.739686
27,1.21593,-0.510259
27,1.23978,-0.261348
27,1.26362,-0.706221
27,1.28746,-0.753388
27,1.3113,-0.695528
27,1.33514,-0.565271
27,1.35899,-0.77646
27,1.38283,-0.777251
27,1.40667,-0.727687
27,1.43051,-0.619139
27,1.45435,-0.797864
27,1.4782,-0.811369
27,1.50204,-0.773071
27,1.52588,0.0574723
27,1.54972,-0.466803
27,1.57356,-0.741792
27,1.5974,-0.687785
27,1.62125,-0.374254
27,1.64509,-0.228294
27,1.66893,-0.718679
27,1.69277,-0.72712
27,1.71661,-0.573454
27,1.74046,-0.206143
27,1.7643,-0.765001
27,1.78814,-0.820776
27,1.81198,-0.75021
27,1.83582,-0.794166
27,1.85966,-0.83848
27,1.88351,-0.831057
27,1.90735,-0.796476
27,1.93119,-0.447015
27,1.95503,-0.752732
27,1.97887,-0.781264
27,2.00272,-0.733632
27,2.02656,-0.246186
27,2.0504,-0.633598
27,2.07424,-0.742904
27,2.09808,-0.70491
27,2.12193,-0.234798
27,2.14577,-0.131678
27,2.16961,-0.773582
27,2.19345,-0.776124
27,2.21729,-0.617618
27,2.24113,-0.384921
27,2.26498,-0.749832
27,2.28882,-0.767022
27,2.31266,-0.721082
27,2.3365,-0.612456
27,2.36034,-0.780541
27,2.38419,-0.76163
27,2.40803,-0.73874
27,2.43187,-0.664412
27,2.45571,-0.81419
27,2.47955,-0.808178
27,2.5034,-0.759283
27,2.52724,0.204692
27,2.55108,-0.534881
27,2.57492,-0.713542
27,2.59876,-0.625156
27,2.6226,-0.153403
27,2.64645,-0.166429
27,2.67029,-0.664369
27,2.69413,-0.663623
27,2.71797,-0.408753
27,2.74181,0.0523278
27,2.76566,-0.691188
27,2.7895,-0.748518
27,2.81334,-0.647781
27,2.83718,-0.60762
27,2.86102,-0.778248
27,2.88486,-0.750021
27,2.90871,-0.671804
27,2.93255,-0.158385
27,2.95639,-0.609366
27,2.98023,-0.63434
27,3.00407,-0.537936
27,3.02792,0.372439
27,3.05176,-0.414066
27,3.0756,-0.561472
27,3.09944,-0.402265
27,3.12328,0.744331
27,3.14713,0.508563
27,3.17097,-0.547211
27,3.19481,-0.540067
27,3.21865,-0.136577
27,3.24249,0.300736
27,3.26633,-0.434628
27,3.29018,-0.519021
27,3.31402,-0.368851
27,3.33786,-0.128825
27,3.3617,-0.51153
27,3.38554,-0.511865
27,3.40939,-0.430524
27,3.43323,-0.435404
27,3.45707,-0.616746
27,3.48091,-0.639891
27,3.50475,-0.591148
27,3.52859,1.18797
27,3.55244,-0.31567
27,3.57628,-0.50681
27,3.60012,-0.306031
27,3.62396,0.403025
27,3.6478,0.106753
27,3.67165,-0.438578
27,3.69549,-0.450382
27,3.71933,-0.119411
27,3.74317,0.21807
27,3.76701,-0.556031
27,3.79086,-0.649966
27,3.8147,-0.556446
27,3.83854,-0.439625
27,3.86238,-0.692872
27,3.88622,-0.715187
27,3.91006,-0.662722
27,3.93391,-0.482713
27,3.95775,-0.666207
27,3.98159,-0.700603
27,4.00543,-0.677916
27,4.02927,-0.322663
27,4.05312,-0.654514
27,4.07696,-0.722589
27,4.1008,-0.675884
27,4.12464,-0.267373
27,4.14848,-0.511841
27,4.17233,-0.754528
27,4.19617,-0.728162
27,4.22001,-0.633857
27,4.24385,-0.569102
27,4.26769,-0.751741
27,4.29153,-0.76869
27,4.31538,-0.735894
27,4.33922,-0.695882
27,4.36306,-0.795954
27,4.3869,-0.78748
27,4.41074,-0.774969
27,4.43459,-0.790828
27,4.45843,-0.798071
27,4.48227,-0.819951
27,4.50611,-0.802966
27,4.52995,-0.601785
27,4.55379,-0.792756
27,4.57764,-0.803833
27,4.60148,-0.780173
27,4.62532,-0.69732
27,4.64916,-0.755281
27,4.673,-0.801631
27,4.69685,-0.787438
27,4.72069,-0.761479
27,4.74453,-0.742612
27,4.76837,-0.800076
27,4.79221,-0.802678
27,4.81606,-0.792187
27,4.8399,-0.756674
27,4.86374,-0.812188
27,4.88758,-0.805262
27,4.91142,-0.796622
27,4.93526,-0.797158
27,4.95911,-0.799725
27,4.98295,-0.819666
27,5.00679,-0.802179
27,5.03063,-0.781496
27,5.05447,-0.805732
27,5.07832,-0.799745
27,5.10216,-0.794474
27,5.126,-0.74951
27,5.14984,-0.796423
27,5.17368,-0.811713
27,5.19753,-0.801881
27,5.22137,-0.773074
27,5.24521,-0.787079
27,5.26905,-0.794519
27,5.29289,-0.797372
27,5.31673,-0.801853
27,5.34058,-0.791625
27,5.36442,-0.797881
27,5.38826,-0.801383
27,5.4121,-0.798073
27,5.43594,-0.80149
27,5.45979,-0.803371
27,5.48363,-0.816768
27,5.50747,-0.801854
27,5.53131,-0.775431
27,5.55515,-0.801608
27,5.57899,-0.78227
27,5.60284,-0.795186
27,5.62668,-0.772569
27,5.65052,-0.791603
27,5.67436,-0.802892
27,5.6982,-0.79871
27,5.72205,-0.778319
27,5.74589,-0.774855
27,5.76973,-0.796279
27,5.79357,-0.78918
27,5.81741,-0.78244
27,5.84126,-0.771174
27,5.8651,-0.794066
27,5.88894,-0.80543
27,5.91278,-0.7944
27,5.93662,-0.800178
27,5.96046,-0.802977
27,5.98431,-0.792432
27,6.00815,-0.800047
27,6.03199,-0.78252
27,6.05583,-0.78729
27,6.07967,-0.784641
27,6.10352,-0.801035
27,6.12736,-0.766433
27,6.1512,-0.776463
27,6.17504,-0.785867
27,6.19888,-0.7715
27,6.22272,-0.758882
27,6.24657,-0.778393
27,6.27041,-0.779364
27,6.29425,-0.789813
27,6.31809,-0.776147
27,6.34193,-0.771929
27,6.36578,-0.782229
27,6.38962,-0.7868
27,6.41346,-0.778007
27,6.4373,-0.765668
27,6.46114,-0.778594
27,6.48499,-0.792694
27,6.50883,-0.785828
27,6.53267,-0.764269
27,6.55651,-0.78106
27,6.58035,-0.775558
27,6.60419,-0.780985
27,6.62804,-0.781235
27,6.65188,-0.766256
27,6.67572,-0.770125
27,6.69956,-0.767538
27,6.7234,-0.769421
27,6.74725,-0.767342
27,6.77109,-0.762655
27,6.79493,-0.774739
27,6.81877,-0.770855
27,6.84261,-0.742053
27,6.86646,-0.78337
27,6.8903,-0.774234
27,6.91414,-0.763751
27,6.93798,-0.740182
27,6.96182,-0.756965
27,6.98566,-0.775185
27,7.00951,-0.764508
27,7.03335,-0.762622
27,7.05719,-0.759212
27,7.08103,-0.761557
27,7.10487,-0.755177
27,7.12872,-0.752116
27,7.15256,-0.75313
27,7.1764,-0.764119
27,7.20024,-0.757164
27,7.22408,-0.764552
27,7.24792,-0.754057
27,7.27177,-0.760747
27,7.29561,-0.750948
27,7.31945,-0.752195
27,7.34329,-0.754608
27,7.36713,-0.745343
27,7.39098,-0.740987
27,7.41482,-0.75417
27,7.43866,-0.736661
27,7.4625,-0.747663
27,7.48634,-0.752231
27,7.51019,-0.748679
27,7.53403,-0.733641
27,7.55787,-0.752042
27,7.58171,-0.747482
27,7.60555,-0.749673
27,7.62939,-0.738171
27,7.65324,-0.747941
27,7.67708,-0.75241
27,7.70092,-0.733072
27,7.72476,-0.730541
27,7.7486,-0.757359
27,7.77245,-0.752168
27,7.79629,-0.746766
27,7.82013,-0.743498
27,7.84397,-0.734087
27,7.86781,-0.751452
27,7.89165,-0.730217
27,7.9155,-0.747394
27,7.93934,-0.722631
27,7.96318,-0.734847
27,7.98702,-0.746529
27,8.01086,-0.736049
27,8.03471,-0.732336
27,8.05855,-0.725913
27,8.08239,-0.74637
27,8.10623,-0.748103
27,8.13007,-0.734142
27,8.15392,-0.727459
27,8.17776,-0.741162
27,8.2016,-0.726644
27,8.22544,-0.718949
27,8.24928,-0.727493
27,8.27312,-0.741562
27,8.29697,-0.74035
27,8.32081,-0.737091
27,8.34465,-0.716666
27,8.36849,-0.730364
27,8.39233,-0.721544
27,8.41618,-0.719804
27,8.44002,-0.720813
27,8.46386,-0.720877
27,8.4877,-0.721315
27,8.51154,-0.731675
27,8.53539,-0.721391
27,8.55923,-0.724666
27,8.58307,-0.721776
27,8.60691,-0.717244
27,8.63075,-0.726792
27,8.65459,-0.73184
27,8.67844,-0.733985
27,8.70228,-0.725945
27,8.72612,-0.720015
27,8.74996,-0.721004
27,8.7738,-0.723292
27,8.79765,-0.721966
27,8.82149,-0.717004
27,8.84533,-0.70956
27,8.86917,-0.722739
27,8.89301,-0.731878
27,8.91685,-0.700242
27,8.9407,-0.713636
27,8.96454,-0.717709
27,8.98838,-0.719143
27,9.01222,-0.708473
27,9.03606,-0.714784
27,9.05991,-0.709373
27,9.08375,-0.722563
27,9.10759,-0.707552
27,9.13143,-0.707775
27,9.15527,-0.711344
27,9.17912,-0.698699
27,9.20296,-0.709769
27,9.2268,-0.703661
27,9.25064,-0.704688
27,9.27448,-0.709095
27,9.29832,-0.705836
27,9.32217,-0.707482
27,9.34601,-0.697531
27,9.36985,-0.695735
27,9.39369,-0.705439
27,9.41753,-0.695036
27,9.44138,-0.70322
27,9.46522,-0.689477
27,9.48906,-0.698457
27,9.5129,-0.692171
27,9.53674,-0.677823
27,9.56059,-0.651709
27,9.58443,-0.679555
27,9.60827,-0.698949
27,9.63211,-0.699524
27,9.65595,-0.696746
27,9.67979,-0.692339
27,9.70364,-0.686351
27,9.72748,-0.68144
27,9.75132,-0.687441
27,9.77516,-0.697612
27,9.799,-0.695188
27,9.82285,-0.650204
27,9.84669,-0.64611
27,9.87053,-0.687608
27,9.89437,-0.683252
27,9.91821,-0.679307
27,9.94205,-0.684471
27,9.9659,-0.674294
27,9.98974,-0.679346
27,10.0136,-0.678427
27,10.0374,-0.680557
27,10.0613,-0.688404
27,10.0851,-0.673239
27,10.1089,-0.679615
27,10.1328,-0.681413
27,10.1566,-0.680907
27,10.1805,-0.690857
27,10.2043,-0.664829
27,10.2282,-0.686138
27,10.252,-0.680656
27,10.2758,-0.679911
27,10.2997,-0.694327
27,10.3235,-0.678855
27,10.3474,-0.677832
27,10.3712,-0.670163
27,10.3951,-0.660295
27,10.4189,-0.673314
27,10.4427,-0.676372
27,10.4666,-0.671069
27,10.4904,-0.648601
27,10.5143,-0.676367
27,10.5381,-0.661426
27,10.5619,-0.666156
27,10.5858,-0.657826
27,10.6096,-0.684605
27,10.6335,-0.654504
27,10.6573,-0.663117
27,10.6812,-0.668378
27,10.705,-0.667009
27,10.7288,-0.661446
27,10.7527,-0.654181
27,10.7765,-0.665215
27,10.8004,-0.664679
27,10.8242,-0.662779
27,10.848,-0.665485
27,10.8719,-0.65342
27,10.8957,-0.665066
27,10.9196,-0.647553
27,10.9434,-0.653764
27,10.9673,-0.655141
27,10.9911,-0.646781
27,11.0149,-0.661909
27,11.0388,-0.656652
27,11.0626,-0.658446
27,11.0865,-0.641729
27,11.1103,-0.645087
27,11.1341,-0.661377
27,11.158,-0.652955
27,11.1818,-0.659249
27,11.2057,-0.659384
27,11.2295,-0.655968
27,11.2534,-0.657807
27,11.2772,-0.653725
27,11.301,-0.657649
27,11.3249,-0.649498
27,11.3487,-0.644718
27,11.3726,-0.654906
27,11.3964,-0.654258
27,11.4202,-0.642887
27,11.4441,-0.642493
27,11.4679,-0.643868
27,11.4918,-0.645365
27,11.5156,-0.645698
27,11.5395,-0.639685
27,11.5633,-0.641
27,11.5871,-0.635478
27,11.611,-0.636403
27,11.6348,-0.639878
27,11.6587,-0.625775
27,11.6825,-0.635187
27,11.7064,-0.620318
27,11.7302,-0.627939
27,11.754,-0.628309
27,11.7779,-0.626825
27,11.8017,-0.641575
27,11.8256,-0.639822
27,11.8494,-0.621524
27,11.8732,-0.635251
27,11.8971,-0.616969
27,11.9209,-0.64061
27,11.9448,-0.624328
27,11.9686,-0.619614
27,11.9925,-0.627968
27,12.0163,-0.631071
27,12.0401,-0.628888
27,12.064,-0.627622
27,12.0878,-0.628696
27,12.1117,-0.61331
27,12.1355,-0.630954
27,12.1593,-0.613666
27,12.1832,-0.61721
27,12.207,-0.622679
27,12.2309,-0.614247
27,12.2547,-0.619298
27,12.2786,-0.604222
27,12.3024,-0.623921
27,12.3262,-0.620185
27,12.3501,-0.630528
27,12.3739,-0.620901
27,12.3978,-0.625025
27,12.4216,-0.633664
27,12.4454,-0.62507
27,12.4693,-0.615647
27,12.4931,-0.616048
27,12.517,-0.604076
27,12.5408,-0.629833
27,12.5647,-0.61502
27,12.5885,-0.60884
27,12.6123,-0.613857
27,12.6362,-0.617597
27,12.66,-0.621816
27,12.6839,-0.605905
27,12.7077,-0.60872
27,12.7316,-0.604432
27,12.7554,-0.607633
27,12.7792,-0.605768
27,12.8031,-0.607279
27,12.8269,-0.618256
27,12.8508,-0.59279
27,12.8746,-0.610402
27,12.8984,-0.614221
27,12.9223,-0.605487
27,12.9461,-0.612833
27,12.97,-0.606124
27,12.9938,-0.605095
27,13.0177,-0.593863
27,13.0415,-0.598897
27,13.0653,-0.606904
27,13.0892,-0.595119
27,13.113,-0.59736
27,13.1369,-0.587644
27,13.1607,-0.60577
27,13.1845,-0.591276
27,13.2084,-0.588842
27,13.2322,-0.586084
27,13.2561,-0.595559
27,13.2799,-0.603605
27,13.3038,-0.599182
27,13.3276,-0.598593
27,13.3514,-0.590217
27,13.3753,-0.585987
27,13.3991,-0.582202
27,13.423,-0.576458
27,13.4468,-0.584096
27,13.4706,-0.572221
27,13.4945,-0.593769
27,13.5183,-0.589471
27,13.5422,-0.581629
27,13.566,-0.591107
27,13.5899,-0.581543
27,13.6137,-0.577381
27,13.6375,-0.578558
27,13.6614,-0.581003
27,13.6852,-0.583952
27,13.7091,-0.58894
27,13.7329,-0.580796
27,13.7568,-0.569489
27,13.7806,-0.590082
27,13.8044,-0.582706
27,13.8283,-0.571449
27,13.8521,-0.552258
27,13.876,-0.569579
27,13.8998,-0.566637
27,13.9236,-0.583867
27,13.9475,-0.574288
27,13.9713,-0.572079
27,13.9952,-0.578117
27,14.019,-0.575083
27,14.0429,-0.579512
27,14.0667,-0.584404
27,14.0905,-0.561093
27,14.1144,-0.575523
27,14.1382,-0.570038
27,14.1621,-0.549541
27,14.1859,-0.567776
27,14.2097,-0.565652
27,14.2336,-0.56775
27,14.2574,-0.571241
27,14.2813,-0.576132
27,14.3051,-0.56341
27,14.329,-0.564261
27,14.3528,-0.561157
27,14.3766,-0.570372
27,14.4005,-0.56207
27,14.4243,-0.559816
27,14.4482,-0.564499
27,14.472,-0.553151
27,14.4958,-0.558269
27,14.5197,-0.566129
27,14.5435,-0.564658
27,14.5674,-0.554657
27,14.5912,-0.556597
27,14.6151,-0.544756
27,14.6389,-0.562306
27,14.6627,-0.562078
27,14.6866,-0.560173
27,14.7104,-0.562703
27,14.7343,-0.554383
27,14.7581,-0.540055
27,14.782,-0.545426
27,14.8058,-0.557371
27,14.8296,-0.553198
27,14.8535,-0.558532
27,14.8773,-0.54286
27,14.9012,-0.55525
27,14.925,-0.550784
27,14.9488,-0.542312
27,14.9727,-0.548201
27,14.9965,-0.551974
26,-14.9965,-0.169499
26,-14.9727,-0.143614
26,-14.9488,-0.165224
26,-14.925,-0.168992
26,-14.9012,-0.164409
26,-14.8773,-0.180944
26,-14.8535,-0.168354
26,-14.8296,-0.154998
26,-14.8058,-0.183946
26,-14.782,-0.160017
26,-14.7581,-0.156373
26,-14.7343,-0.169374
26,-14.7104,-0.182791
26,-14.6866,-0.147674
26,-14.6627,-0.176355
26,-14.6389,-0.174306
26,-14.6151,-0.170987
26,-14.5912,-0.17857
26,-14.5674,-0.17845
26,-14.5435,-0.185804
26,-14.5197,-0.179609
26,-14.4958,-0.180688
26,-14.472,-0.185666
26,-14.4482,-0.188458
26,-14.4243,-0.180587
26,-14.4005,-0.167851
26,-14.3766,-0.18362
26,-14.3528,-0.166193
26,-14.329,-0.187776
26,-14.3051,-0.188194
26,-14.2813,-0.1747
26,-14.2574,-0.1757
26,-14.2336,-0.182547
26,-14.2097,-0.18658
26,-14.1859,-0.176621
26,-14.1621,-0.183991
26,-14.1382,-0.182917
26,-14.1144,-0.18672
26,-14.0905,-0.196624
26,-14.0667,-0.104445
26,-14.0429,-0.178377
26,-14.019,-0.160092
26,-13.9952,-0.195221
26,-13.9713,-0.201091
26,-13.9475,-0.164066
26,-13.9236,-0.198701
26,-13.8998,-0.184917
26,-13.876,-0.186715
26,-13.8521,-0.196832
26,-13.8283,-0.190589
26,-13.8044,-0.188128
26,-13.7806,-0.18116
26,-13.7568,-0.188878
26,-13.7329,-0.194785
26,-13.7091,-0.188953
26,-13.6852,-0.173102
26,-13.6614,-0.190034
26,-13.6375,-0.197658
26,-13.6137,-0.145989
26,-13.5899,-0.201746
26,-13.566,-0.15553
26,-13.5422,-0.214382
26,-13.5183,-0.19022
26,-13.4945,-0.19238
26,-13.4706,-0.196783
26,-13.4468,-0.17901
26,-13.423,-0.204333
26,-13.3991,-0.155181
26,-13.3753,-0.207156
26,-13.3514,-0.192082
26,-13.3276,-0.203513
26,-13.3038,-0.200456
26,-13.2799,-0.18793
26,-13.2561,-0.213207
26,-13.2322,-0.196188
26,-13.2084,-0.191943
26,-13.1845,-0.208458
26,-13.1607,-0.197842
26,-13.1369,-0.216948
26,-13.113,-0.20592
26,-13.0892,-0.211968
26,-13.0653,-0.214333
26,-13.0415,-0.19427
26,-13.0177,-0.21194
26,-12.9938,-0.203107
26,-12.97,-0.220811
26,-12.9461,-0.211199
26,-12.9223,-0.203037
26,-12.8984,-0.215974
26,-12.8746,-0.193694
26,-12.8508,-0.207469
26,-12.8269,-0.214449
26,-12.8031,-0.214342
26,-12.7792,-0.213651
26,-12.7554,-0.219316
26,-12.7316,-0.23236
26,-12.7077,-0.192144
26,-12.6839,-0.218784
26,-12.66,-0.221995
26,-12.6362,-0.213357
26,-12.6123,-0.216762
26,-12.5885,-0.217
26,-12.5647,-0.215832
26,-12.5408,-0.215181
26,-12.517,-0.220835
26,-12.4931,-0.201879
26,-12.4693,-0.22565
26,-12.4454,-0.229078
26,-12.4216,-0.226319
26,-12.3978,-0.217139
26,-12.3739,-0.169587
26,-12.3501,-0.227288
26,-12.3262,-0.200587
26,-12.3024,-0.236349
26,-12.2786,-0.230978
26,-12.2547,-0.222963
26,-12.2309,-0.242355
26,-12.207,-0.227878
26,-12.1832,-0.239568
26,-12.1593,-0.22136
26,-12.1355,-0.22647
26,-12.1117,-0.240543
26,-12.0878,-0.214659
26,-12.064,-0.237749
26,-12.0401,-0.224827
26,-12.0163,-0.228446
26,-11.9925,-0.232496
26,-11.9686,-0.224604
26,-11.9448,-0.229403
26,-11.9209,-0.237377
26,-11.8971,-0.241735
26,-11.8732,-0.223227
26,-11.8494,-0.22312
26,-11.8256,-0.203552
26,-11.8017,-0.244665
26,-11.7779,-0.241699
26,-11.754,-0.241453
26,-11.7302,-0.24244
26,-11.7064,-0.196637
26,-11.6825,-0.24591
26,-11.6587,-0.224327
26,-11.6348,-0.233852
26,-11.611,-0.246859
26,-11.5871,-0.243032
26,-11.5633,-0.253365
26,-11.5395,-0.248839
26,-11.5156,-0.239292
26,-11.4918,-0.238121
26,-11.4679,-0.227976
26,-11.4441,-0.251312
26,-11.4202,-0.243716
26,-11.3964,-0.241175
26,-11.3726,-0.224688
26,-11.3487,-0.237104
26,-11.3249,-0.250483
26,-11.301,-0.226185
26,-11.2772,-0.2601
26,-11.2534,-0.241029
26,-11.2295,-0.255126
26,-11.2057,-0.250329
26,-11.1818,-0.224455
26,-11.158,-0.254633
26,-11.1341,-0.256327
26,-11.1103,-0.263394
26,-11.0865,-0.255147
26,-11.0626,-0.258611
26,-11.0388,-0.253789
26,-11.0149,-0.257489
26,-10.9911,-0.261921
26,-10.9673,-0.235978
26,-10.9434,-0.273727
26,-10.9196,-0.245171
26,-10.8957,-0.263548
26,-10.8719,-0.259674
26,-10.848,-0.24771
26,-10.8242,-0.267309
26,-10.8004,-0.24911
26,-10.7765,-0.264358
26,-10.7527,-0.218775
26,-10.7288,-0.248671
26,-10.705,-0.260061
26,-10.6812,-0.257974
26,-10.6573,-0.272464
26,-10.6335,-0.257784
26,-10.6096,-0.262627
26,-10.5858,-0.258696
26,-10.5619,-0.279732
26,-10.5381,-0.275017
26,-10.5143,-0.270259
26,-10.4904,-0.275111
26,-10.4666,-0.26318
26,-10.4427,-0.283022
26,-10.4189,-0.271557
26,-10.3951,-0.267479
26,-10.3712,-0.27302
26,-10.3474,-0.27598
26,-10.3235,-0.273398
26,-10.2997,-0.271666
26,-10.2758,-0.268987
26,-10.252,-0.2618
26,-10.2282,-0.267921
26,-10.2043,-0.280895
26,-10.1805,-0.249129
26,-10.1566,-0.283958
26,-10.1328,-0.233679
26,-10.1089,-0.280861
26,-10.0851,-0.269861
26,-10.0613,-0.269419
26,-10.0374,-0.278842
26,-10.0136,-0.221955
26,-9.98974,-0.284147
26,-9.9659,-0.287616
26,-9.94205,-0.283857
26,-9.91821,-0.280751
26,-9.89437,-0.267531
26,-9.87053,-0.280728
26,-9.84669,-0.267662
26,-9.82285,-0.272915
26,-9.799,-0.273932
26,-9.77516,-0.283986
26,-9.75132,-0.27599
26,-9.72748,-0.235267
26,-9.70364,-0.298253
26,-9.67979,-0.281748
26,-9.65595,-0.265595
26,-9.63211,-0.276685
26,-9.60827,-0.282947
26,-9.58443,-0.300689
26,-9.56059,-0.28965
26,-9.53674,-0.291543
26,-9.5129,-0.28051
26,-9.48906,-0.277226
26,-9.46522,-0.292657
26,-9.44138,-0.298571
26,-9.41753,-0.307893
26,-9.39369,-0.295702
26,-9.36985,-0.294318
26,-9.34601,-0.276437
26,-9.32217,-0.287008
26,-9.29832,-0.292142
26,-9.27448,-0.299301
26,-9.25064,-0.290871
26,-9.2268,-0.259182
26,-9.20296,-0.300757
26,-9.17912,-0.291603
26,-9.15527,-0.306236
26,-9.13143,-0.319947
26,-9.10759,-0.289692
26,-9.08375,-0.299568
26,-9.05991,-0.315601
26,-9.03606,-0.29806
26,-9.01222,-0.30729
26,-8.98838,-0.276775
26,-8.96454,-0.304044
26,-8.9407,-0.292917
26,-8.91685,-0.311212
26,-8.89301,-0.320414
26,-8.86917,-0.29889
26,-8.84533,-0.312227
26,-8.82149,-0.286731
26,-8.79765,-0.299617
26,-8.7738,-0.288481
26,-8.74996,-0.304525
26,-8.72612,-0.289267
26,-8.70228,-0.297747
26,-8.67844,-0.316694
26,-8.65459,-0.302162
26,-8.63075,-0.302211
26,-8.60691,-0.321942
26,-8.58307,-0.29487
26,-8.55923,-0.288451
26,-8.53539,-0.297472
26,-8.51154,-0.329527
26,-8.4877,-0.315028
26,-8.46386,-0.32196
26,-8.44002,-0.299469
26,-8.41618,-0.311919
26,-8.39233,-0.308799
26,-8.36849,-0.312621
26,-8.34465,-0.315389
26,-8.32081,-0.309299
26,-8.29697,-0.325622
26,-8.27312,-0.318148
26,-8.24928,-0.32004
26,-8.22544,-0.327234
26,-8.2016,-0.301316
26,-8.17776,-0.31829
26,-8.15392,-0.315059
26,-8.13007,-0.309927
26,-8.10623,-0.302419
26,-8.08239,-0.300112
26,-8.05855,-0.321533
26,-8.03471,-0.325505
26,-8.01086,-0.33124
26,-7.98702,-0.31295
26,-7.96318,-0.328301
26,-7.93934,-0.327833
26,-7.9155,-0.320739
26,-7.89165,-0.321993
26,-7.86781,-0.298835
26,-7.84397,-0.338221
26,-7.82013,-0.332941
26,-7.79629,-0.313736
26,-7.77245,-0.318467
26,-7.7486,-0.339838
26,-7.72476,-0.351685
26,-7.70092,-0.293534
26,-7.67708,-0.331357
26,-7.65324,-0.318281
26,-7.62939,-0.337353
26,-7.60555,-0.334568
26,-7.58171,-0.283087
26,-7.55787,-0.3416
26,-7.53403,-0.315364
26,-7.51019,-0.320592
26,-7.48634,-0.314224
26,-7.4625,-0.322134
26,-7.43866,-0.345867
26,-7.41482,-0.302293
26,-7.39098,-0.330758
26,-7.36713,-0.334267
26,-7.34329,-0.338155
26,-7.31945,-0.321984
26,-7.29561,-0.312927
26,-7.27177,-0.353566
26,-7.24792,-0.326797
26,-7.22408,-0.349254
26,-7.20024,-0.334582
26,-7.1764,-0.359401
26,-7.15256,-0.357525
26,-7.12872,-0.306179
26,-7.10487,-0.337504
26,-7.08103,-0.355224
26,-7.05719,-0.358758
26,-7.03335,-0.341003
26,-7.00951,-0.333269
26,-6.98566,-0.360458
26,-6.96182,-0.318419
26,-6.93798,-0.360199
26,-6.91414,-0.299867
26,-6.8903,-0.368108
26,-6.86646,-0.365864
26,-6.84261,-0.352575
26,-6.81877,-0.348003
26,-6.79493,-0.350027
26,-6.77109,-0.356562
26,-6.74725,-0.363836
26,-6.7234,-0.349851
26,-6.69956,-0.347796
26,-6.67572,-0.324155
26,-6.65188,-0.360608
26,-6.62804,-0.326598
26,-6.60419,-0.363181
26,-6.58035,-0.348649
26,-6.55651,-0.36805
26,-6.53267,-0.358
26,-6.50883,-0.31059
26,-6.48499,-0.360114
26,-6.46114,-0.358306
26,-6.4373,-0.372132
26,-6.41346,-0.358113
26,-6.38962,-0.348005
26,-6.36578,-0.357346
26,-6.34193,-0.369805
26,-6.31809,-0.365657
26,-6.29425,-0.362477
26,-6.27041,-0.374514
26,-6.24657,-0.371647
26,-6.22272,-0.346209
26,-6.19888,-0.382302
26,-6.17504,-0.369102
26,-6.1512,-0.379085
26,-6.12736,-0.367812
26,-6.10352,-0.362447
26,-6.07967,-0.371769
26,-6.05583,-0.345846
26,-6.03199,-0.359658
26,-6.00815,-0.356747
26,-5.98431,-0.372252
26,-5.96046,-0.357479
26,-5.93662,-0.350759
26,-5.91278,-0.365946
26,-5.88894,-0.348307
26,-5.8651,-0.387007
26,-5.84126,-0.36287
26,-5.81741,-0.383006
26,-5.79357,-0.353323
26,-5.76973,-0.369008
26,-5.74589,-0.372549
26,-5.72205,-0.359104
26,-5.6982,-0.377954
26,-5.67436,-0.367914
26,-5.65052,-0.370119
26,-5.62668,-0.354463
26,-5.60284,-0.368037
26,-5.57899,-0.390154
26,-5.55515,-0.3708
26,-5.53131,-0.374792
26,-5.50747,-0.360379
26,-5.48363,-0.371492
26,-5.45979,-0.374779
26,-5.43594,-0.367195
26,-5.4121,-0.374505
26,-5.38826,-0.39547
26,-5.36442,-0.387949
26,-5.34058,-0.380447
26,-5.31673,-0.34516
26,-5.29289,-0.392729
26,-5.26905,-0.384708
26,-5.24521,-0.393072
26,-5.22137,-0.358124
26,-5.19753,-0.393581
26,-5.17368,-0.368375
26,-5.14984,-0.379843
26,-5.126,-0.366765
26,-5.10216,-0.33539
26,-5.07832,-0.390391
26,-5.05447,-0.389026
26,-5.03063,-0.38626
26,-5.00679,-0.366568
26,-4.98295,-0.356525
26,-4.95911,-0.383872
26,-4.93526,-0.399907
26,-4.91142,-0.379388
26,-4.88758,-0.391647
26,-4.86374,-0.408987
26,-4.8399,-0.393416
26,-4.81606,-0.331018
26,-4.79221,-0.384041
26,-4.76837,-0.393965
26,-4.74453,-0.382002
26,-4.72069,-0.252741
26,-4.69685,-0.365228
26,-4.673,-0.37652
26,-4.64916,-0.359959
26,-4.62532,-0.342828
26,-4.60148,-0.331729
26,-4.57764,-0.371597
26,-4.55379,-0.353235
26,-4.52995,-0.361005
26,-4.50611,-0.346433
26,-4.48227,-0.380916
26,-4.45843,-0.383725
26,-4.43459,-0.362815
26,-4.41074,-0.366432
26,-4.3869,-0.373628
26,-4.36306,-0.36872
26,-4.33922,-0.38246
26,-4.31538,-0.0777296
26,-4.29153,-0.368356
26,-4.26769,-0.357933
26,-4.24385,-0.346564
26,-4.22001,-0.0106542
26,-4.19617,-0.318758
26,-4.17233,-0.352653
26,-4.14848,-0.32701
26,-4.12464,-0.110482
26,-4.1008,-0.230329
26,-4.07696,-0.35492
26,-4.05312,-0.362804
26,-4.02927,-0.355587
26,-4.00543,-0.31629
26,-3.98159,-0.357397
26,-3.95775,-0.359831
26,-3.93391,-0.324885
26,-3.91006,-0.0940294
26,-3.88622,-0.298339
26,-3.86238,-0.306802
26,-3.83854,-0.308852
26,-3.8147,0.336755
26,-3.79086,-0.283283
26,-3.76701,-0.258613
26,-3.74317,-0.26738
26,-3.71933,0.998186
26,-3.69549,-0.249235
26,-3.67165,-0.322031
26,-3.6478,-0.294712
26,-3.62396,0.111215
26,-3.60012,-0.114547
26,-3.57628,-0.257647
26,-3.55244,-0.269439
26,-3.52859,-0.194481
26,-3.50475,-0.172952
26,-3.48091,-0.297744
26,-3.45707,-0.308075
26,-3.43323,-0.301652
26,-3.40939,-0.228479
26,-3.38554,-0.352511
26,-3.3617,-0.324343
26,-3.33786,-0.354377
26,-3.31402,0.841291
26,-3.29018,-0.326349
26,-3.26633,-0.317533
26,-3.24249,-0.282275
26,-3.21865,0.495243
26,-3.19481,-0.278451
26,-3.17097,-0.319298
26,-3.14713,-0.289961
26,-3.12328,0.0949662
26,-3.09944,-0.227706
26,-3.0756,-0.340785
26,-3.05176,-0.377026
26,-3.02792,-0.376544
26,-3.00407,-0.368799
26,-2.98023,-0.395425
26,-2.95639,-0.378752
26,-2.93255,-0.348274
26,-2.90871,-0.157879
26,-2.88486,-0.360373
26,-2.86102,-0.370308
26,-2.83718,-0.353301
26,-2.81334,0.0652111
26,-2.7895,-0.372975
26,-2.76566,-0.386033
26,-2.74181,-0.36415
26,-2.71797,0.37622
26,-2.69413,-0.378457
26,-2.67029,-0.393841
26,-2.64645,-0.383323
26,-2.6226,-0.102867
26,-2.59876,-0.331131
26,-2.57492,-0.315314
26,-2.55108,-0.390187
26,-2.52724,-0.370534
26,-2.5034,-0.359112
26,-2.47955,-0.37464
26,-2.45571,-0.392421
26,-2.43187,-0.384258
26,-2.40803,-0.332607
26,-2.38419,-0.420843
26,-2.36034,-0.426266
26,-2.3365,-0.409071
26,-2.31266,0.150103
26,-2.28882,-0.357902
26,-2.26498,-0.387398
26,-2.24113,-0.386974
26,-2.21729,0.0356969
26,-2.19345,-0.384916
26,-2.16961,-0.366269
26,-2.14577,-0.369066
26,-2.12193,-0.114763
26,-2.09808,-0.35116
26,-2.07424,-0.387289
26,-2.0504,-0.392789
26,-2.02656,-0.408827
26,-2.00272,-0.398494
26,-1.97887,-0.404545
26,-1.95503,-0.394216
26,-1.93119,-0.356764
26,-1.90735,-0.236392
26,-1.88351,-0.346214
26,-1.85966,-0.374081
26,-1.83582,-0.352035
26,-1.81198,-0.0165505
26,-1.78814,-0.335655
26,-1.7643,-0.362803
26,-1.74046,-0.368063
26,-1.71661,0.35482
26,-1.69277,-0.387814
26,-1.66893,-0.325791
26,-1.64509,-0.38129
26,-1.62125,-0.184308
26,-1.5974,-0.333078
26,-1.57356,-0.330123
26,-1.54972,-0.306122
26,-1.52588,-0.218987
26,-1.50204,-0.299617
26,-1.4782,-0.299495
26,-1.45435,-0.311832
26,-1.43051,-0.305256
26,-1.40667,-0.286358
26,-1.38283,-0.345787
26,-1.35899,-0.355054
26,-1.33514,-0.323568
26,-1.3113,0.504645
26,-1.28746,-0.297522
26,-1.26362,-0.313898
26,-1.23978,-0.293361
26,-1.21593,0.399508
26,-1.19209,-0.265016
26,-1.16825,-0.213508
26,-1.14441,-0.226748
26,-1.12057,0.234339
26,-1.09673,-0.21138
26,-1.07288,-0.264203
26,-1.04904,-0.243215
26,-1.0252,-0.284419
26,-1.00136,-0.267364
26,-0.977516,-0.270651
26,-0.953674,-0.195169
26,-0.929832,-0.0609826
26,-0.905991,0.17258
26,-0.882149,-0.0773678
26,-0.858307,-0.0912381
26,-0.834465,0.028164
26,-0.810623,0.904736
26,-0.786781,0.00418027
26,-0.762939,-0.0137152
26,-0.739098,-0.0142367
26,-0.715256,2.19985
26,-0.691414,-0.0145155
26,-0.667572,0.0226688
26,-0.64373,0.107268
26,-0.619888,0.718793
26,-0.596046,0.407912
26,-0.572205,0.360828
26,-0.548363,0.530097
26,-0.524521,0.665821
26,-0.500679,0.75231
26,-0.476837,0.837685
26,-0.452995,0.952013
26,-0.429153,1.38989
26,-0.405312,1.63645
26,-0.38147,1.18565
26,-0.357628,1.32042
26,-0.333786,2.15374
26,-0.309944,6.52406
26,-0.286102,2.70792
26,-0.26226,3.30057
26,-0.238419,3.38233
26,-0.214577,8.46733
26,-0.190735,4.56186
26,-0.166893,5.37338
26,-0.143051,6.86559
26,-0.119209,12.0807
26,-0.0953674,10.1858
26,-0.0715256,12.7558
26,-0.0476837,16.3696
26,-0.0238419,26.8089
26,0,22.5288
26,0.0238419,15.7241
26,0.0476837,12.4271
26,0.0715256,10.7851
26,0.0953674,10.8882
26,0.119209,6.81911
26,0.143051,5.3316
26,0.166893,5.04713
26,0.190735,7.95892
26,0.214577,3.5814
26,0.238419,2.71549
26,0.26226,2.29168
26,0.286102,6.9537
26,0.309944,1.42098
26,0.333786,1.13255
26,0.357628,1.22994
26,0.38147,2.01971
26,0.405312,0.943599
26,0.429153,0.790093
26,0.452995,1.12293
26,0.476837,0.908322
26,0.500679,0.52101
26,0.524521,0.424514
26,0.548363,0.319094
26,0.572205,0.46028
26,0.596046,0.413826
26,0.619888,0.0927946
26,0.64373,0.0262725
26,0.667572,0.217807
26,0.691414,1.74038
26,0.715256,0.0660154
26,0.739098,-0.0294228
26,0.762939,-0.0691889
26,0.786781,1.15868
26,0.810623,-0.127561
26,0.834465,-0.178877
26,0.858307,-0.151178
26,0.882149,0.544623
26,0.905991,-0.217215
26,0.929832,-0.270832
26,0.953674,-0.311966
26,0.977516,-0.316528
26,1.00136,-0.343087
26,1.0252,-0.305513
26,1.04904,-0.310063
26,1.07288,-0.165483
26,1.09673,-0.121932
26,1.12057,-0.32786
26,1.14441,-0.287104
26,1.16825,-0.257397
26,1.19209,0.123184
26,1.21593,-0.346578
26,1.23978,-0.375163
26,1.26362,-0.388427
26,1.28746,0.528846
26,1.3113,-0.423021
26,1.33514,-0.431456
26,1.35899,-0.429296
26,1.38283,-0.16427
26,1.40667,-0.418322
26,1.43051,-0.416727
26,1.45435,-0.443909
26,1.4782,-0.365744
26,1.50204,-0.422777
26,1.52588,-0.426612
26,1.54972,-0.431281
26,1.57356,-0.406231
26,1.5974,-0.431689
26,1.62125,-0.467025
26,1.64509,-0.480354
26,1.66893,-0.385571
26,1.69277,-0.0127696
26,1.71661,-0.429952
26,1.74046,-0.465136
26,1.7643,-0.441189
26,1.78814,-0.0273151
26,1.81198,-0.473085
26,1.83582,-0.47053
26,1.85966,-0.46042
26,1.88351,-0.140524
26,1.90735,-0.498497
26,1.93119,-0.495154
26,1.95503,-0.50413
26,1.97887,-0.490111
26,2.00272,-0.527289
26,2.02656,-0.523306
26,2.0504,-0.494759
26,2.07424,-0.413017
26,2.09808,-0.403677
26,2.12193,-0.485804
26,2.14577,-0.495926
26,2.16961,-0.431977
26,2.19345,-0.281169
26,2.21729,-0.479913
26,2.24113,-0.506775
26,2.26498,-0.469448
26,2.28882,0.086739
26,2.31266,-0.524393
26,2.3365,-0.542332
26,2.36034,-0.539337
26,2.38419,-0.263892
26,2.40803,-0.522225
26,2.43187,-0.524608
26,2.45571,-0.52072
26,2.47955,-0.469479
26,2.5034,-0.526052
26,2.52724,-0.533802
26,2.55108,-0.463417
26,2.57492,-0.4564
26,2.59876,-0.454831
26,2.6226,-0.527934
26,2.64645,-0.533302
26,2.67029,-0.377271
26,2.69413,-0.109174
26,2.71797,-0.492381
26,2.74181,-0.515129
26,2.76566,-0.494462
26,2.7895,-0.00282596
26,2.81334,-0.508937
26,2.83718,-0.500302
26,2.86102,-0.509463
26,2.88486,-0.0255986
26,2.90871,-0.523367
26,2.93255,-0.544536
26,2.95639,-0.567659
26,2.98023,-0.495816
26,3.00407,-0.546671
26,3.02792,-0.543794
26,3.05176,-0.506818
26,3.0756,-0.357008
26,3.09944,-0.420131
26,3.12328,-0.466583
26,3.14713,-0.487554
26,3.17097,-0.307233
26,3.19481,-0.14046
26,3.21865,-0.436454
26,3.24249,-0.453204
26,3.26633,-0.405527
26,3.29018,0.688947
26,3.31402,-0.479058
26,3.33786,-0.473458
26,3.3617,-0.50156
26,3.38554,0.0964946
26,3.40939,-0.464771
26,3.43323,-0.481381
26,3.45707,-0.482529
26,3.48091,-0.313203
26,3.50475,-0.439966
26,3.52859,-0.475261
26,3.55244,-0.467678
26,3.57628,-0.43695
26,3.60012,-0.506458
26,3.62396,-0.523806
26,3.6478,-0.505757
26,3.67165,-0.139434
26,3.69549,0.123938
26,3.71933,-0.439971
26,3.74317,-0.416393
26,3.76701,-0.414534
26,3.79086,0.219883
26,3.8147,-0.478122
26,3.83854,-0.494369
26,3.86238,-0.478341
26,3.88622,0.0505203
26,3.91006,-0.5521
26,3.93391,-0.566552
26,3.95775,-0.575555
26,3.98159,-0.455676
26,4.00543,-0.588006
26,4.02927,-0.585427
26,4.05312,-0.566499
26,4.07696,-0.488161
26,4.1008,-0.539194
26,4.12464,-0.552685
26,4.14848,-0.550544
26,4.17233,-0.498182
26,4.19617,-0.463872
26,4.22001,-0.580928
26,4.24385,-0.568259
26,4.26769,-0.553004
26,4.29153,-0.291905
26,4.31538,-0.579549
26,4.33922,-0.613349
26,4.36306,-0.587501
26,4.3869,-0.483767
26,4.41074,-0.587517
26,4.43459,-0.613182
26,4.45843,-0.616802
26,4.48227,-0.568919
26,4.50611,-0.629624
26,4.52995,-0.593392
26,4.55379,-0.630339
26,4.57764,-0.619951
26,4.60148,-0.637121
26,4.62532,-0.634149
26,4.64916,-0.613027
26,4.673,-0.595334
26,4.69685,-0.59265
26,4.72069,-0.633392
26,4.74453,-0.649848
26,4.76837,-0.629707
26,4.79221,-0.584097
26,4.81606,-0.64184
26,4.8399,-0.654087
26,4.86374,-0.647633
26,4.88758,-0.596439
26,4.91142,-0.648803
26,4.93526,-0.615122
26,4.95911,-0.644992
26,4.98295,-0.643292
26,5.00679,-0.663042
26,5.03063,-0.648882
26,5.05447,-0.653963
26,5.07832,-0.630859
26,5.10216,-0.659508
26,5.126,-0.65607
26,5.14984,-0.646225
26,5.17368,-0.658349
26,5.19753,-0.659315
26,5.22137,-0.66938
26,5.24521,-0.660472
26,5.26905,-0.665133
26,5.29289,-0.646801
26,5.31673,-0.660605
26,5.34058,-0.682444
26,5.36442,-0.66902
26,5.38826,-0.648305
26,5.4121,-0.672555
26,5.43594,-0.659985
26,5.45979,-0.678001
26,5.48363,-0.651992
26,5.50747,-0.681716
26,5.53131,-0.680157
26,5.55515,-0.682965
26,5.57899,-0.658892
26,5.60284,-0.673959
26,5.62668,-0.674853
26,5.65052,-0.678455
26,5.67436,-0.687739
26,5.6982,-0.67466
26,5.72205,-0.663706
26,5.74589,-0.677454
26,5.76973,-0.653795
26,5.79357,-0.680079
26,5.81741,-0.668793
26,5.84126,-0.673167
26,5.8651,-0.683599
26,5.88894,-0.659648
26,5.91278,-0.685679
26,5.93662,-0.682777
26,5.96046,-0.697941
26,5.98431,-0.675249
26,6.00815,-0.678956
26,6.03199,-0.671287
26,6.05583,-0.687979
26,6.07967,-0.693479
26,6.10352,-0.699007
26,6.12736,-0.707784
26,6.1512,-0.699946
26,6.17504,-0.695353
26,6.19888,-0.701742
26,6.22272,-0.703259
26,6.24657,-0.70278
26,6.27041,-0.700942
26,6.29425,-0.695896
26,6.31809,-0.703749
26,6.34193,-0.676222
26,6.36578,-0.716773
26,6.38962,-0.689816
26,6.41346,-0.706109
26,6.4373,-0.703783
26,6.46114,-0.689899
26,6.48499,-0.683163
26,6.50883,-0.702076
26,6.53267,-0.711299
26,6.55651,-0.697095
26,6.58035,-0.707007
26,6.60419,-0.690862
26,6.62804,-0.688943
26,6.65188,-0.70107
26,6.67572,-0.716166
26,6.69956,-0.718229
26,6.7234,-0.714821
26,6.74725,-0.712562
26,6.77109,-0.709662
26,6.79493,-0.717022
26,6.81877,-0.719258
26,6.84261,-0.725674
26,6.86646,-0.721222
26,6.8903,-0.678693
26,6.91414,-0.721903
26,6.93798,-0.70764
26,6.96182,-0.716006
26,6.98566,-0.716436
26,7.00951,-0.7251
26,7.03335,-0.736913
26,7.05719,-0.7247
26,7.08103,-0.711706
26,7.10487,-0.720648
26,7.12872,-0.732442
26,7.15256,-0.74804
26,7.1764,-0.733203
26,7.20024,-0.743747
26,7.22408,-0.72321
26,7.24792,-0.719749
26,7.27177,-0.725774
26,7.29561,-0.7114
26,7.31945,-0.736521
26,7.34329,-0.733857
26,7.36713,-0.728241
26,7.39098,-0.718276
26,7.41482,-0.714897
26,7.43866,-0.729021
26,7.4625,-0.704463
26,7.48634,-0.74597
26,7.51019,-0.720789
26,7.53403,-0.724533
26,7.55787,-0.719458
26,7.58171,-0.72833
26,7.60555,-0.743633
26,7.62939,-0.720461
26,7.65324,-0.743184
26,7.67708,-0.698519
26,7.70092,-0.752206
26,7.72476,-0.756479
26,7.7486,-0.702687
26,7.77245,-0.741933
26,7.79629,-0.763675
26,7.82013,-0.767583
26,7.84397,-0.727104
26,7.86781,-0.750836
26,7.89165,-0.754402
26,7.9155,-0.741403
26,7.93934,-0.759112
26,7.96318,-0.730225
26,7.98702,-0.744362
26,8.01086,-0.752175
26,8.03471,-0.727817
26,8.05855,-0.739953
26,8.08239,-0.712097
26,8.10623,-0.743842
26,8.13007,-0.738805
26,8.15392,-0.740328
26,8.17776,-0.753905
26,8.2016,-0.756269
26,8.22544,-0.77267
26,8.24928,-0.740344
26,8.27312,-0.757768
26,8.29697,-0.763378
26,8.32081,-0.758931
26,8.34465,-0.759259
26,8.36849,-0.744181
26,8.39233,-0.764527
26,8.41618,-0.739421
26,8.44002,-0.766425
26,8.46386,-0.753739
26,8.4877,-0.758912
26,8.51154,-0.76631
26,8.53539,-0.715554
26,8.55923,-0.762992
26,8.58307,-0.780988
26,8.60691,-0.773639
26,8.63075,-0.767275
26,8.65459,-0.771695
26,8.67844,-0.773163
26,8.70228,-0.76073
26,8.72612,-0.780109
26,8.74996,-0.759414
26,8.7738,-0.783284
26,8.79765,-0.778622
26,8.82149,-0.772665
26,8.84533,-0.780768
26,8.86917,-0.801244
26,8.89301,-0.778749
26,8.91685,-0.767859
26,8.9407,-0.767715
26,8.96454,-0.774299
26,8.98838,-0.769131
26,9.01222,-0.782372
26,9.03606,-0.785026
26,9.05991,-0.785704
26,9.08375,-0.774819
26,9.10759,-0.796742
26,9.13143,-0.795262
26,9.15527,-0.779681
26,9.17912,-0.785669
26,9.20296,-0.738525
26,9.2268,-0.774383
26,9.25064,-0.78352
26,9.27448,-0.776753
26,9.29832,-0.799593
26,9.32217,-0.76623
26,9.34601,-0.786436
26,9.36985,-0.781705
26,9.39369,-0.80521
26,9.41753,-0.806467
26,9.44138,-0.79154
26,9.46522,-0.795525
26,9.48906,-0.798879
26,9.5129,-0.815421
26,9.53674,-0.797284
26,9.56059,-0.801689
26,9.58443,-0.793759
26,9.60827,-0.76148
26,9.63211,-0.787262
26,9.65595,-0.778747
26,9.67979,-0.813321
26,9.70364,-0.759241
26,9.72748,-0.796461
26,9.75132,-0.79774
26,9.77516,-0.814931
26,9.799,-0.796386
26,9.82285,-0.790851
26,9.84669,-0.817002
26,9.87053,-0.800567
26,9.89437,-0.801491
26,9.91821,-0.816791
26,9.94205,-0.801615
26,9.9659,-0.805122
26,9.98974,-0.758657
26,10.0136,-0.811929
26,10.0374,-0.802827
26,10.0613,-0.810295
26,10.0851,-0.818088
26,10.1089,-0.767794
26,10.1328,-0.829044
26,10.1566,-0.800604
26,10.1805,-0.821474
26,10.2043,-0.816612
26,10.2282,-0.798635
26,10.252,-0.826297
26,10.2758,-0.815029
26,10.2997,-0.816844
26,10.3235,-0.827275
26,10.3474,-0.819305
26,10.3712,-0.829516
26,10.3951,-0.831089
26,10.4189,-0.82732
26,10.4427,-0.828272
26,10.4666,-0.835304
26,10.4904,-0.827682
26,10.5143,-0.842583
26,10.5381,-0.830433
26,10.5619,-0.829276
26,10.5858,-0.83401
26,10.6096,-0.82503
26,10.6335,-0.84055
26,10.6573,-0.826809
26,10.6812,-0.811905
26,10.705,-0.83565
26,10.7288,-0.794492
26,10.7527,-0.836058
26,10.7765,-0.832382
26,10.8004,-0.846943
26,10.8242,-0.840994
26,10.848,-0.825599
26,10.8719,-0.84804
26,10.8957,-0.83189
26,10.9196,-0.841238
26,10.9434,-0.817366
26,10.9673,-0.849217
26,10.9911,-0.857486
26,11.0149,-0.83084
26,11.0388,-0.839925
26,11.0626,-0.847016
26,11.0865,-0.851647
26,11.1103,-0.857527
26,11.1341,-0.824546
26,11.158,-0.841499
26,11.1818,-0.850012
26,11.2057,-0.843787
26,11.2295,-0.847678
26,11.2534,-0.846229
26,11.2772,-0.842873
26,11.301,-0.837804
26,11.3249,-0.850405
26,11.3487,-0.844137
26,11.3726,-0.843708
26,11.3964,-0.85262
26,11.4202,-0.842387
26,11.4441,-0.850378
26,11.4679,-0.862175
26,11.4918,-0.856017
26,11.5156,-0.854387
26,11.5395,-0.857435
26,11.5633,-0.860539
26,11.5871,-0.865549
26,11.611,-0.85576
26,11.6348,-0.842014
26,11.6587,-0.8734
26,11.6825,-0.810199
26,11.7064,-0.873686
26,11.7302,-0.867319
26,11.754,-0.860015
26,11.7779,-0.868818
26,11.8017,-0.821431
26,11.8256,-0.872755
26,11.8494,-0.858863
26,11.8732,-0.868679
26,11.8971,-0.876273
26,11.9209,-0.859643
26,11.9448,-0.869849
26,11.9686,-0.85377
26,11.9925,-0.882069
26,12.0163,-0.863711
26,12.0401,-0.872928
26,12.064,-0.878762
26,12.0878,-0.874361
26,12.1117,-0.892819
26,12.1355,-0.860306
26,12.1593,-0.897894
26,12.1832,-0.873407
26,12.207,-0.86693
26,12.2309,-0.880854
26,12.2547,-0.888236
26,12.2786,-0.890276
26,12.3024,-0.846164
26,12.3262,-0.884008
26,12.3501,-0.860954
26,12.3739,-0.892391
26,12.3978,-0.893086
26,12.4216,-0.885818
26,12.4454,-0.898722
26,12.4693,-0.8527
26,12.4931,-0.888832
26,12.517,-0.884755
26,12.5408,-0.885963
26,12.5647,-0.887855
26,12.5885,-0.878418
26,12.6123,-0.885389
26,12.6362,-0.888294
26,12.66,-0.887638
26,12.6839,-0.878653
26,12.7077,-0.90267
26,12.7316,-0.905794
26,12.7554,-0.903184
26,12.7792,-0.899435
26,12.8031,-0.89212
26,12.8269,-0.87708
26,12.8508,-0.895051
26,12.8746,-0.883665
26,12.8984,-0.908045
26,12.9223,-0.904726
26,12.9461,-0.905432
26,12.97,-0.893332
26,12.9938,-0.862137
26,13.0177,-0.897684
26,13.0415,-0.90104
26,13.0653,-0.91622
26,13.0892,-0.898819
26,13.113,-0.918043
26,13.1369,-0.88868
26,13.1607,-0.902424
26,13.1845,-0.897701
26,13.2084,-0.918056
26,13.2322,-0.918872
26,13.2561,-0.90837
26,13.2799,-0.918564
26,13.3038,-0.914657
26,13.3276,-0.907568
26,13.3514,-0.91593
26,13.3753,-0.841898
26,13.3991,-0.909982
26,13.423,-0.900874
26,13.4468,-0.910547
26,13.4706,-0.904737
26,13.4945,-0.891891
26,13.5183,-0.922422
26,13.5422,-0.869161
26,13.566,-0.913419
26,13.5899,-0.89686
26,13.6137,-0.913552
26,13.6375,-0.927457
26,13.6614,-0.88881
26,13.6852,-0.917659
26,13.7091,-0.912246
26,13.7329,-0.926184
26,13.7568,-0.922239
26,13.7806,-0.916443
26,13.8044,-0.931905
26,13.8283,-0.928465
26,13.8521,-0.92927
26,13.876,-0.914064
26,13.8998,-0.920699
26,13.9236,-0.932073
26,13.9475,-0.946224
26,13.9713,-0.923746
26,13.9952,-0.89786
26,14.019,-0.926682
26,14.0429,-0.85538
26,14.0667,-0.933297
26,14.0905,-0.944761
26,14.1144,-0.933335
26,14.1382,-0.94239
26,14.1621,-0.940218
26,14.1859,-0.934292
26,14.2097,-0.944822
26,14.2336,-0.930892
26,14.2574,-0.945099
26,14.2813,-0.950886
26,14.3051,-0.945948
26,14.329,-0.923363
26,14.3528,-0.948433
26,14.3766,-0.95033
26,14.4005,-0.923931
26,14.4243,-0.963002
26,14.4482,-0.959548
26,14.472,-0.955068
26,14.4958,-0.956202
26,14.5197,-0.963968
26,14.5435,-0.966611
26,14.5674,-0.947337
26,14.5912,-0.953832
26,14.6151,-0.944542
26,14.6389,-0.962689
26,14.6627,-0.941204
26,14.6866,-0.956111
26,14.7104,-0.970875
26,14.7343,-0.925456
26,14.7581,-0.952304
26,14.782,-0.965144
26,14.8058,-0.951779
26,14.8296,-0.965239
26,14.8535,-0.975161
26,14.8773,-0.970255
26,14.9012,-0.954427
26,14.925,-0.954057
26,14.9488,-0.92421
26,14.9727,-0.958274
26,14.9965,-0.960622
25,-14.9965,0.613881
25,-14.9727,0.617764
25,-14.9488,0.614021
25,-14.925,0.626614
25,-14.9012,0.618548
25,-14.8773,0.61723
25,-14.8535,0.617641
25,-14.8296,0.616686
25,-14.8058,0.620374
25,-14.782,0.617136
25,-14.7581,0.617155
25,-14.7343,0.612693
25,-14.7104,0.618486
25,-14.6866,0.611497
25,-14.6627,0.61273
25,-14.6389,0.617623
25,-14.6151,0.613464
25,-14.5912,0.608687
25,-14.5674,0.615433
25,-14.5435,0.61507
25,-14.5197,0.615926
25,-14.4958,0.616015
25,-14.472,0.618779
25,-14.4482,0.62144
25,-14.4243,0.621064
25,-14.4005,0.627132
25,-14.3766,0.627938
25,-14.3528,0.623299
25,-14.329,0.620362
25,-14.3051,0.621061
25,-14.2813,0.615752
25,-14.2574,0.614704
25,-14.2336,0.622128
25,-14.2097,0.621629
25,-14.1859,0.625674
25,-14.1621,0.615014
25,-14.1382,0.625909
25,-14.1144,0.622839
25,-14.0905,0.612109
25,-14.0667,0.620803
25,-14.0429,0.620509
25,-14.019,0.618043
25,-13.9952,0.61761
25,-13.9713,0.617008
25,-13.9475,0.624343
25,-13.9236,0.629863
25,-13.8998,0.622748
25,-13.876,0.619765
25,-13.8521,0.621159
25,-13.8283,0.616139
25,-13.8044,0.61916
25,-13.7806,0.614847
25,-13.7568,0.615469
25,-13.7329,0.618563
25,-13.7091,0.616692
25,-13.6852,0.624237
25,-13.6614,0.617725
25,-13.6375,0.626127
25,-13.6137,0.617821
25,-13.5899,0.620301
25,-13.566,0.618368
25,-13.5422,0.60745
25,-13.5183,0.620433
25,-13.4945,0.623621
25,-13.4706,0.623297
25,-13.4468,0.621478
25,-13.423,0.618602
25,-13.3991,0.618492
25,-13.3753,0.619937
25,-13.3514,0.620219
25,-13.3276,0.617069
25,-13.3038,0.622021
25,-13.2799,0.612929
25,-13.2561,0.625605
25,-13.2322,0.615285
25,-13.2084,0.620379
25,-13.1845,0.618404
25,-13.1607,0.623001
25,-13.1369,0.615534
25,-13.113,0.622712
25,-13.0892,0.62034
25,-13.0653,0.620284
25,-13.0415,0.621079
25,-13.0177,0.621202
25,-12.9938,0.620111
25,-12.97,0.627059
25,-12.9461,0.613285
25,-12.9223,0.622953
25,-12.8984,0.623885
25,-12.8746,0.615661
25,-12.8508,0.625613
25,-12.8269,0.618248
25,-12.8031,0.621125
25,-12.7792,0.622617
25,-12.7554,0.625554
25,-12.7316,0.622475
25,-12.7077,0.621711
25,-12.6839,0.624564
25,-12.66,0.628411
25,-12.6362,0.618951
25,-12.6123,0.620294
25,-12.5885,0.618849
25,-12.5647,0.624121
25,-12.5408,0.633847
25,-12.517,0.622443
25,-12.4931,0.621524
25,-12.4693,0.629797
25,-12.4454,0.622484
25,-12.4216,0.631143
25,-12.3978,0.624862
25,-12.3739,0.619472
25,-12.3501,0.629881
25,-12.3262,0.630929
25,-12.3024,0.622997
25,-12.2786,0.624795
25,-12.2547,0.620945
25,-12.2309,0.628543
25,-12.207,0.624565
25,-12.1832,0.624104
25,-12.1593,0.624781
25,-12.1355,0.617592
25,-12.1117,0.618597
25,-12.0878,0.626135
25,-12.064,0.620995
25,-12.0401,0.62536
25,-12.0163,0.626048
25,-11.9925,0.618578
25,-11.9686,0.626989
25,-11.9448,0.629253
25,-11.9209,0.624291
25,-11.8971,0.62449
25,-11.8732,0.628679
25,-11.8494,0.626924
25,-11.8256,0.623291
25,-11.8017,0.62016
25,-11.7779,0.626032
25,-11.754,0.62926
25,-11.7302,0.626578
25,-11.7064,0.62658
25,-11.6825,0.624691
25,-11.6587,0.626978
25,-11.6348,0.630228
25,-11.611,0.619428
25,-11.5871,0.62137
25,-11.5633,0.626064
25,-11.5395,0.628098
25,-11.5156,0.62211
25,-11.4918,0.623616
25,-11.4679,0.627974
25,-11.4441,0.626988
25,-11.4202,0.618537
25,-11.3964,0.624682
25,-11.3726,0.618882
25,-11.3487,0.62541
25,-11.3249,0.626244
25,-11.301,0.635105
25,-11.2772,0.62561
25,-11.2534,0.622135
25,-11.2295,0.626593
25,-11.2057,0.62818
25,-11.1818,0.624654
25,-11.158,0.626341
25,-11.1341,0.623934
25,-11.1103,0.629404
25,-11.0865,0.631792
25,-11.0626,0.625726
25,-11.0388,0.624424
25,-11.0149,0.62596
25,-10.9911,0.624651
25,-10.9673,0.629311
25,-10.9434,0.635294
25,-10.9196,0.632832
25,-10.8957,0.632738
25,-10.8719,0.628236
25,-10.848,0.627396
25,-10.8242,0.622128
25,-10.8004,0.637548
25,-10.7765,0.630197
25,-10.7527,0.624952
25,-10.7288,0.62904
25,-10.705,0.633609
25,-10.6812,0.62908
25,-10.6573,0.629175
25,-10.6335,0.625474
25,-10.6096,0.619964
25,-10.5858,0.628444
25,-10.5619,0.631181
25,-10.5381,0.623922
25,-10.5143,0.6327
25,-10.4904,0.632429
25,-10.4666,0.623621
25,-10.4427,0.627765
25,-10.4189,0.627341
25,-10.3951,0.63326
25,-10.3712,0.622571
25,-10.3474,0.629745
25,-10.3235,0.6334
25,-10.2997,0.631985
25,-10.2758,0.629859
25,-10.252,0.629389
25,-10.2282,0.629219
25,-10.2043,0.630412
25,-10.1805,0.627927
25,-10.1566,0.625529
25,-10.1328,0.629794
25,-10.1089,0.630343
25,-10.0851,0.630057
25,-10.0613,0.627911
25,-10.0374,0.626894
25,-10.0136,0.628684
25,-9.98974,0.633092
25,-9.9659,0.630184
25,-9.94205,0.630873
25,-9.91821,0.629254
25,-9.89437,0.628199
25,-9.87053,0.633401
25,-9.84669,0.626423
25,-9.82285,0.630615
25,-9.799,0.631724
25,-9.77516,0.631511
25,-9.75132,0.627502
25,-9.72748,0.627484
25,-9.70364,0.631413
25,-9.67979,0.629511
25,-9.65595,0.634017
25,-9.63211,0.629206
25,-9.60827,0.630045
25,-9.58443,0.631017
25,-9.56059,0.633442
25,-9.53674,0.630944
25,-9.5129,0.636106
25,-9.48906,0.627749
25,-9.46522,0.631813
25,-9.44138,0.630368
25,-9.41753,0.641146
25,-9.39369,0.632057
25,-9.36985,0.639194
25,-9.34601,0.633482
25,-9.32217,0.625555
25,-9.29832,0.623511
25,-9.27448,0.636478
25,-9.25064,0.631066
25,-9.2268,0.633042
25,-9.20296,0.630674
25,-9.17912,0.632483
25,-9.15527,0.635935
25,-9.13143,0.635412
25,-9.10759,0.629812
25,-9.08375,0.632531
25,-9.05991,0.631965
25,-9.03606,0.631836
25,-9.01222,0.632722
25,-8.98838,0.628805
25,-8.96454,0.63171
25,-8.9407,0.628005
25,-8.91685,0.627216
25,-8.89301,0.633666
25,-8.86917,0.631161
25,-8.84533,0.627532
25,-8.82149,0.635299
25,-8.79765,0.640296
25,-8.7738,0.636911
25,-8.74996,0.638158
25,-8.72612,0.629211
25,-8.70228,0.630394
25,-8.67844,0.633748
25,-8.65459,0.637614
25,-8.63075,0.631041
25,-8.60691,0.631679
25,-8.58307,0.62673
25,-8.55923,0.64357
25,-8.53539,0.637033
25,-8.51154,0.636116
25,-8.4877,0.630186
25,-8.46386,0.630584
25,-8.44002,0.635243
25,-8.41618,0.632736
25,-8.39233,0.633823
25,-8.36849,0.635014
25,-8.34465,0.628804
25,-8.32081,0.637557
25,-8.29697,0.62694
25,-8.27312,0.635335
25,-8.24928,0.629489
25,-8.22544,0.631731
25,-8.2016,0.632796
25,-8.17776,0.634923
25,-8.15392,0.631329
25,-8.13007,0.632132
25,-8.10623,0.632848
25,-8.08239,0.630131
25,-8.05855,0.630952
25,-8.03471,0.63634
25,-8.01086,0.636896
25,-7.98702,0.630843
25,-7.96318,0.632631
25,-7.93934,0.634689
25,-7.9155,0.637174
25,-7.89165,0.632283
25,-7.86781,0.641185
25,-7.84397,0.632889
25,-7.82013,0.630118
25,-7.79629,0.633887
25,-7.77245,0.633948
25,-7.7486,0.633687
25,-7.72476,0.636427
25,-7.70092,0.635226
25,-7.67708,0.636411
25,-7.65324,0.640057
25,-7.62939,0.63255
25,-7.60555,0.640925
25,-7.58171,0.630886
25,-7.55787,0.636056
25,-7.53403,0.641025
25,-7.51019,0.628337
25,-7.48634,0.640208
25,-7.4625,0.635676
25,-7.43866,0.637937
25,-7.41482,0.637729
25,-7.39098,0.634444
25,-7.36713,0.639078
25,-7.34329,0.637992
25,-7.31945,0.636916
25,-7.29561,0.637405
25,-7.27177,0.642891
25,-7.24792,0.637499
25,-7.22408,0.639241
25,-7.20024,0.634326
25,-7.1764,0.630952
25,-7.15256,0.637198
25,-7.12872,0.639713
25,-7.10487,0.637748
25,-7.08103,0.648218
25,-7.05719,0.630887
25,-7.03335,0.639026
25,-7.00951,0.63965
25,-6.98566,0.631916
25,-6.96182,0.637616
25,-6.93798,0.638996
25,-6.91414,0.644139
25,-6.8903,0.638114
25,-6.86646,0.637847
25,-6.84261,0.636551
25,-6.81877,0.631455
25,-6.79493,0.638153
25,-6.77109,0.639073
25,-6.74725,0.63843
25,-6.7234,0.638693
25,-6.69956,0.642462
25,-6.67572,0.634757
25,-6.65188,0.633536
25,-6.62804,0.640428
25,-6.60419,0.647366
25,-6.58035,0.635172
25,-6.55651,0.640571
25,-6.53267,0.64165
25,-6.50883,0.63909
25,-6.48499,0.635172
25,-6.46114,0.637247
25,-6.4373,0.639597
25,-6.41346,0.640849
25,-6.38962,0.637747
25,-6.36578,0.637885
25,-6.34193,0.64046
25,-6.31809,0.639394
25,-6.29425,0.645429
25,-6.27041,0.641609
25,-6.24657,0.642338
25,-6.22272,0.642882
25,-6.19888,0.640251
25,-6.17504,0.644461
25,-6.1512,0.640415
25,-6.12736,0.645635
25,-6.10352,0.635256
25,-6.07967,0.638986
25,-6.05583,0.634751
25,-6.03199,0.637077
25,-6.00815,0.645173
25,-5.98431,0.638083
25,-5.96046,0.640923
25,-5.93662,0.642419
25,-5.91278,0.64209
25,-5.88894,0.634411
25,-5.8651,0.643778
25,-5.84126,0.635919
25,-5.81741,0.64571
25,-5.79357,0.632568
25,-5.76973,0.641478
25,-5.74589,0.643843
25,-5.72205,0.640739
25,-5.6982,0.647064
25,-5.67436,0.636225
25,-5.65052,0.640335
25,-5.62668,0.643449
25,-5.60284,0.649138
25,-5.57899,0.6409
25,-5.55515,0.638842
25,-5.53131,0.639353
25,-5.50747,0.63955
25,-5.48363,0.647912
25,-5.45979,0.633148
25,-5.43594,0.646058
25,-5.4121,0.638488
25,-5.38826,0.65297
25,-5.36442,0.641969
25,-5.34058,0.64906
25,-5.31673,0.645715
25,-5.29289,0.641247
25,-5.26905,0.646275
25,-5.24521,0.641268
25,-5.22137,0.644968
25,-5.19753,0.647419
25,-5.17368,0.636251
25,-5.14984,0.638155
25,-5.126,0.643347
25,-5.10216,0.643658
25,-5.07832,0.642351
25,-5.05447,0.647624
25,-5.03063,0.645018
25,-5.00679,0.639525
25,-4.98295,0.638498
25,-4.95911,0.640908
25,-4.93526,0.637732
25,-4.91142,0.633756
25,-4.88758,0.647368
25,-4.86374,0.647374
25,-4.8399,0.643775
25,-4.81606,0.643735
25,-4.79221,0.641378
25,-4.76837,0.649487
25,-4.74453,0.647135
25,-4.72069,0.641302
25,-4.69685,0.643621
25,-4.673,0.643724
25,-4.64916,0.652518
25,-4.62532,0.646446
25,-4.60148,0.648193
25,-4.57764,0.648334
25,-4.55379,0.646651
25,-4.52995,0.64951
25,-4.50611,0.647126
25,-4.48227,0.645389
25,-4.45843,0.644512
25,-4.43459,0.650302
25,-4.41074,0.648025
25,-4.3869,0.653931
25,-4.36306,0.644036
25,-4.33922,0.645623
25,-4.31538,0.645484
25,-4.29153,0.650587
25,-4.26769,0.654583
25,-4.24385,0.651537
25,-4.22001,0.646713
25,-4.19617,0.650992
25,-4.17233,0.647451
25,-4.14848,0.647448
25,-4.12464,0.654159
25,-4.1008,0.65256
25,-4.07696,0.650282
25,-4.05312,0.656558
25,-4.02927,0.646299
25,-4.00543,0.649671
25,-3.98159,0.654488
25,-3.95775,0.647822
25,-3.93391,0.651647
25,-3.91006,0.656829
25,-3.88622,0.65781
25,-3.86238,0.652906
25,-3.83854,0.655326
25,-3.8147,0.650655
25,-3.79086,0.651048
25,-3.76701,0.661289
25,-3.74317,0.646034
25,-3.71933,0.649349
25,-3.69549,0.660818
25,-3.67165,0.653257
25,-3.6478,0.648815
25,-3.62396,0.653953
25,-3.60012,0.659023
25,-3.57628,0.654132
25,-3.55244,0.658451
25,-3.52859,0.647406
25,-3.50475,0.655783
25,-3.48091,0.653793
25,-3.45707,0.663725
25,-3.43323,0.656044
25,-3.40939,0.655232
25,-3.38554,0.659131
25,-3.3617,0.651152
25,-3.33786,0.652889
25,-3.31402,0.655103
25,-3.29018,0.655321
25,-3.26633,0.652661
25,-3.24249,0.657355
25,-3.21865,0.65272
25,-3.19481,0.654254
25,-3.17097,0.646813
25,-3.14713,0.654015
25,-3.12328,0.646022
25,-3.09944,0.647926
25,-3.0756,0.649267
25,-3.05176,0.657696
25,-3.02792,0.651663
25,-3.00407,0.653886
25,-2.98023,0.65523
25,-2.95639,0.656584
25,-2.93255,0.652618
25,-2.90871,0.652411
25,-2.88486,0.651074
25,-2.86102,0.659019
25,-2.83718,0.652519
25,-2.81334,0.647677
25,-2.7895,0.653376
25,-2.76566,0.651778
25,-2.74181,0.653779
25,-2.71797,0.652378
25,-2.69413,0.651147
25,-2.67029,0.648156
25,-2.64645,0.650543
25,-2.6226,0.652495
25,-2.59876,0.654947
25,-2.57492,0.652358
25,-2.55108,0.65705
25,-2.52724,0.655837
25,-2.5034,0.656226
25,-2.47955,0.665063
25,-2.45571,0.654346
25,-2.43187,0.658004
25,-2.40803,0.657844
25,-2.38419,0.666666
25,-2.36034,0.651786
25,-2.3365,0.657159
25,-2.31266,0.668765
25,-2.28882,0.671326
25,-2.26498,0.70843
25,-2.24113,0.702822
25,-2.21729,0.968296
25,-2.19345,1.35507
25,-2.16961,0.719336
25,-2.14577,0.664039
25,-2.12193,0.695306
25,-2.09808,0.679433
25,-2.07424,0.67051
25,-2.0504,0.675656
25,-2.02656,0.665836
25,-2.00272,0.683262
25,-1.97887,0.673906
25,-1.95503,0.670771
25,-1.93119,0.66334
25,-1.90735,0.668349
25,-1.88351,0.669249
25,-1.85966,0.67302
25,-1.83582,0.669467
25,-1.81198,0.670439
25,-1.78814,0.664888
25,-1.7643,0.666756
25,-1.74046,0.660888
25,-1.71661,0.669683
25,-1.69277,0.682617
25,-1.66893,0.665042
25,-1.64509,0.674265
25,-1.62125,0.664417
25,-1.5974,0.672805
25,-1.57356,0.670394
25,-1.54972,0.676326
25,-1.52588,0.667489
25,-1.50204,0.664682
25,-1.4782,0.67296
25,-1.45435,0.683115
25,-1.43051,0.668647
25,-1.40667,0.669235
25,-1.38283,0.673635
25,-1.35899,0.670022
25,-1.33514,0.661317
25,-1.3113,0.661184
25,-1.28746,0.668425
25,-1.26362,0.658188
25,-1.23978,0.667538
25,-1.21593,0.674216
25,-1.19209,0.673055
25,-1.16825,0.670415
25,-1.14441,0.672752
25,-1.12057,0.667464
25,-1.09673,0.675134
25,-1.07288,0.681962
25,-1.04904,0.68147
25,-1.0252,0.678965
25,-1.00136,0.691896
25,-0.977516,0.701156
25,-0.953674,0.709257
25,-0.929832,0.709599
25,-0.905991,0.720051
25,-0.882149,0.743033
25,-0.858307,0.742683
25,-0.834465,0.746989
25,-0.810623,0.749898
25,-0.786781,0.814074
25,-0.762939,0.818802
25,-0.739098,1.17278
25,-0.715256,0.953685
25,-0.691414,0.888835
25,-0.667572,1.02643
25,-0.64373,1.45077
25,-0.619888,1.06451
25,-0.596046,1.0259
25,-0.572205,1.32605
25,-0.548363,2.0851
25,-0.524521,2.08549
25,-0.500679,1.6139
25,-0.476837,2.35272
25,-0.452995,1.83701
25,-0.429153,2.38169
25,-0.405312,2.86706
25,-0.38147,3.61703
25,-0.357628,2.57027
25,-0.333786,1.82822
25,-0.309944,5.77343
25,-0.286102,3.72544
25,-0.26226,6.3253
25,-0.238419,5.26744
25,-0.214577,3.1584
25,-0.190735,6.58757
25,-0.166893,7.54619
25,-0.143051,3.85251
25,-0.119209,4.91174
25,-0.0953674,5.07036
25,-0.0715256,3.39564
25,-0.0476837,3.60211
25,-0.0238419,3.60426
25,0,3.42252
25,0.0238419,3.45049
25,0.0476837,3.51082
25,0.0715256,2.58819
25,0.0953674,2.30147
25,0.119209,2.32187
25,0.143051,1.9678
25,0.166893,1.33238
25,0.190735,1.23549
25,0.214577,1.16949
25,0.238419,1.30195
25,0.26226,1.0818
25,0.286102,1.92556
25,0.309944,1.2119
25,0.333786,0.92135
25,0.357628,0.839623
25,0.38147,0.959977
25,0.405312,0.789955
25,0.429153,0.828507
25,0.452995,0.80607
25,0.476837,0.755708
25,0.500679,0.737782
25,0.524521,0.746678
25,0.548363,0.72928
25,0.572205,0.731351
25,0.596046,0.719265
25,0.619888,0.73932
25,0.64373,0.717688
25,0.667572,0.723989
25,0.691414,0.717098
25,0.715256,0.823295
25,0.739098,0.709762
25,0.762939,0.757337
25,0.786781,0.722379
25,0.810623,0.704195
25,0.834465,0.753642
25,0.858307,0.689498
25,0.882149,0.676132
25,0.905991,0.677646
25,0.929832,0.680973
25,0.953674,0.669216
25,0.977516,0.671409
25,1.00136,0.66803
25,1.0252,0.672043
25,1.04904,0.668349
25,1.07288,0.662487
25,1.09673,0.665677
25,1.12057,0.662735
25,1.14441,0.669729
25,1.16825,0.66338
25,1.19209,0.669123
25,1.21593,0.664996
25,1.23978,0.66208
25,1.26362,0.659946
25,1.28746,0.669269
25,1.3113,0.662234
25,1.33514,0.668831
25,1.35899,0.654036
25,1.38283,0.657661
25,1.40667,0.663988
25,1.43051,0.658827
25,1.45435,0.662172
25,1.4782,0.664948
25,1.50204,0.660839
25,1.52588,0.666263
25,1.54972,0.662829
25,1.57356,0.663071
25,1.5974,0.656046
25,1.62125,0.664443
25,1.64509,0.665202
25,1.66893,0.66449
25,1.69277,0.658931
25,1.71661,0.662518
25,1.74046,0.663588
25,1.7643,0.65909
25,1.78814,0.660737
25,1.81198,0.664666
25,1.83582,0.665704
25,1.85966,0.657075
25,1.88351,0.65727
25,1.90735,0.66626
25,1.93119,0.662013
25,1.95503,0.654366
25,1.97887,0.663894
25,2.00272,0.661212
25,2.02656,0.665656
25,2.0504,0.657026
25,2.07424,0.650138
25,2.09808,0.656856
25,2.12193,0.668164
25,2.14577,0.662249
25,2.16961,0.662255
25,2.19345,0.654413
25,2.21729,0.662158
25,2.24113,0.673251
25,2.26498,0.65176
25,2.28882,0.661569
25,2.31266,0.666571
25,2.3365,0.662322
25,2.36034,0.66458
25,2.38419,0.662458
25,2.40803,0.655168
25,2.43187,0.661566
25,2.45571,0.657263
25,2.47955,0.661371
25,2.5034,0.657881
25,2.52724,0.657105
25,2.55108,0.662908
25,2.57492,0.661817
25,2.59876,0.657127
25,2.6226,0.664011
25,2.64645,0.658868
25,2.67029,0.666263
25,2.69413,0.65817
25,2.71797,0.667705
25,2.74181,0.663635
25,2.76566,0.659705
25,2.7895,0.66292
25,2.81334,0.655319
25,2.83718,0.664053
25,2.86102,0.657979
25,2.88486,0.657911
25,2.90871,0.665664
25,2.93255,0.665632
25,2.95639,0.667156
25,2.98023,0.661089
25,3.00407,0.668809
25,3.02792,0.676497
25,3.05176,0.671079
25,3.0756,0.665271
25,3.09944,0.660504
25,3.12328,0.66746
25,3.14713,0.66845
25,3.17097,0.658041
25,3.19481,0.663092
25,3.21865,0.667812
25,3.24249,0.6595
25,3.26633,0.659447
25,3.29018,0.661446
25,3.31402,0.661251
25,3.33786,0.659616
25,3.3617,0.66307
25,3.38554,0.665065
25,3.40939,0.668006
25,3.43323,0.66998
25,3.45707,0.664287
25,3.48091,0.664818
25,3.50475,0.660377
25,3.52859,0.659306
25,3.55244,0.670624
25,3.57628,0.659455
25,3.60012,0.666264
25,3.62396,0.668392
25,3.6478,0.662677
25,3.67165,0.663647
25,3.69549,0.657001
25,3.71933,0.662744
25,3.74317,0.663225
25,3.76701,0.660368
25,3.79086,0.663113
25,3.8147,0.658603
25,3.83854,0.656303
25,3.86238,0.655766
25,3.88622,0.658782
25,3.91006,0.65986
25,3.93391,0.65639
25,3.95775,0.659505
25,3.98159,0.656439
25,4.00543,0.654247
25,4.02927,0.658779
25,4.05312,0.655421
25,4.07696,0.659488
25,4.1008,0.656763
25,4.12464,0.663389
25,4.14848,0.659518
25,4.17233,0.663822
25,4.19617,0.657269
25,4.22001,0.658896
25,4.24385,0.659504
25,4.26769,0.656479
25,4.29153,0.65063
25,4.31538,0.664181
25,4.33922,0.664066
25,4.36306,0.660755
25,4.3869,0.659564
25,4.41074,0.662833
25,4.43459,0.660845
25,4.45843,0.652896
25,4.48227,0.648336
25,4.50611,0.660125
25,4.52995,0.654792
25,4.55379,0.657324
25,4.57764,0.660697
25,4.60148,0.654288
25,4.62532,0.659651
25,4.64916,0.649663
25,4.673,0.658144
25,4.69685,0.655669
25,4.72069,0.656413
25,4.74453,0.658855
25,4.76837,0.658816
25,4.79221,0.652653
25,4.81606,0.653739
25,4.8399,0.659087
25,4.86374,0.663531
25,4.88758,0.654327
25,4.91142,0.658718
25,4.93526,0.653189
25,4.95911,0.650581
25,4.98295,0.65474
25,5.00679,0.656962
25,5.03063,0.654874
25,5.05447,0.655395
25,5.07832,0.659843
25,5.10216,0.656037
25,5.126,0.653131
25,5.14984,0.656471
25,5.17368,0.658397
25,5.19753,0.660979
25,5.22137,0.655209
25,5.24521,0.659353
25,5.26905,0.656359
25,5.29289,0.659776
25,5.31673,0.659038
25,5.34058,0.649368
25,5.36442,0.652474
25,5.38826,0.657446
25,5.4121,0.65716
25,5.43594,0.658877
25,5.45979,0.655424
25,5.48363,0.655523
25,5.50747,0.656664
25,5.53131,0.656352
25,5.55515,0.652479
25,5.57899,0.664958
25,5.60284,0.654168
25,5.62668,0.656297
25,5.65052,0.656711
25,5.67436,0.660061
25,5.6982,0.657331
25,5.72205,0.650191
25,5.74589,0.653616
25,5.76973,0.656919
25,5.79357,0.65427
25,5.81741,0.657307
25,5.84126,0.652888
25,5.8651,0.657772
25,5.88894,0.654632
25,5.91278,0.657902
25,5.93662,0.656907
25,5.96046,0.659144
25,5.98431,0.649862
25,6.00815,0.659232
25,6.03199,0.657649
25,6.05583,0.656166
25,6.07967,0.651825
25,6.10352,0.650228
25,6.12736,0.658995
25,6.1512,0.650506
25,6.17504,0.654689
25,6.19888,0.65641
25,6.22272,0.654101
25,6.24657,0.659925
25,6.27041,0.664584
25,6.29425,0.656597
25,6.31809,0.656804
25,6.34193,0.654121
25,6.36578,0.653759
25,6.38962,0.647956
25,6.41346,0.653841
25,6.4373,0.652855
25,6.46114,0.645953
25,6.48499,0.650862
25,6.50883,0.657741
25,6.53267,0.656779
25,6.55651,0.656376
25,6.58035,0.653516
25,6.60419,0.653759
25,6.62804,0.661008
25,6.65188,0.657448
25,6.67572,0.659483
25,6.69956,0.655031
25,6.7234,0.653207
25,6.74725,0.649345
25,6.77109,0.648945
25,6.79493,0.654399
25,6.81877,0.654096
25,6.84261,0.659667
25,6.86646,0.655708
25,6.8903,0.663053
25,6.91414,0.659399
25,6.93798,0.660041
25,6.96182,0.662764
25,6.98566,0.658044
25,7.00951,0.65578
25,7.03335,0.653577
25,7.05719,0.65395
25,7.08103,0.657886
25,7.10487,0.66504
25,7.12872,0.658803
25,7.15256,0.649543
25,7.1764,0.656909
25,7.20024,0.653966
25,7.22408,0.658616
25,7.24792,0.652152
25,7.27177,0.653529
25,7.29561,0.6601
25,7.31945,0.657546
25,7.34329,0.651548
25,7.36713,0.659645
25,7.39098,0.648262
25,7.41482,0.664357
25,7.43866,0.667237
25,7.4625,0.66225
25,7.48634,0.653675
25,7.51019,0.659916
25,7.53403,0.658901
25,7.55787,0.650888
25,7.58171,0.652794
25,7.60555,0.660927
25,7.62939,0.659934
25,7.65324,0.657491
25,7.67708,0.656459
25,7.70092,0.659571
25,7.72476,0.656237
25,7.7486,0.65405
25,7.77245,0.655057
25,7.79629,0.66561
25,7.82013,0.661578
25,7.84397,0.65901
25,7.86781,0.654414
25,7.89165,0.65781
25,7.9155,0.665085
25,7.93934,0.658443
25,7.96318,0.654796
25,7.98702,0.657185
25,8.01086,0.658976
25,8.03471,0.653143
25,8.05855,0.657498
25,8.08239,0.659464
25,8.10623,0.663859
25,8.13007,0.662972
25,8.15392,0.663345
25,8.17776,0.656532
25,8.2016,0.662284
25,8.22544,0.66284
25,8.24928,0.656976
25,8.27312,0.650959
25,8.29697,0.655572
25,8.32081,0.656988
25,8.34465,0.664682
25,8.36849,0.651451
25,8.39233,0.653953
25,8.41618,0.654399
25,8.44002,0.654694
25,8.46386,0.662664
25,8.4877,0.658224
25,8.51154,0.667283
25,8.53539,0.655303
25,8.55923,0.653317
25,8.58307,0.655678
25,8.60691,0.658732
25,8.63075,0.658672
25,8.65459,0.651512
25,8.67844,0.657849
25,8.70228,0.655636
25,8.72612,0.658945
25,8.74996,0.661336
25,8.7738,0.658468
25,8.79765,0.658734
25,8.82149,0.657933
25,8.84533,0.655885
25,8.86917,0.658331
25,8.89301,0.655296
25,8.91685,0.656959
25,8.9407,0.656325
25,8.96454,0.661119
25,8.98838,0.66216
25,9.01222,0.651923
25,9.03606,0.656272
25,9.05991,0.654061
25,9.08375,0.658513
25,9.10759,0.662147
25,9.13143,0.656238
25,9.15527,0.656222
25,9.17912,0.654774
25,9.20296,0.658705
25,9.2268,0.665605
25,9.25064,0.660519
25,9.27448,0.65821
25,9.29832,0.656599
25,9.32217,0.660022
25,9.34601,0.658843
25,9.36985,0.657155
25,9.39369,0.650721
25,9.41753,0.659087
25,9.44138,0.658553
25,9.46522,0.665702
25,9.48906,0.659448
25,9.5129,0.658347
25,9.53674,0.653423
25,9.56059,0.663366
25,9.58443,0.657521
25,9.60827,0.665686
25,9.63211,0.655899
25,9.65595,0.657878
25,9.67979,0.662399
25,9.70364,0.65916
25,9.72748,0.659478
25,9.75132,0.659408
25,9.77516,0.662672
25,9.799,0.663754
25,9.82285,0.655696
25,9.84669,0.6559
25,9.87053,0.661953
25,9.89437,0.663418
25,9.91821,0.65943
25,9.94205,0.655336
25,9.9659,0.665233
25,9.98974,0.6578
25,10.0136,0.657812
25,10.0374,0.658192
25,10.0613,0.65866
25,10.0851,0.653476
25,10.1089,0.656376
25,10.1328,0.65609
25,10.1566,0.652813
25,10.1805,0.663452
25,10.2043,0.659098
25,10.2282,0.656129
25,10.252,0.661879
25,10.2758,0.65587
25,10.2997,0.664976
25,10.3235,0.663587
25,10.3474,0.669174
25,10.3712,0.657415
25,10.3951,0.656307
25,10.4189,0.659013
25,10.4427,0.667056
25,10.4666,0.666133
25,10.4904,0.661132
25,10.5143,0.664429
25,10.5381,0.660545
25,10.5619,0.656194
25,10.5858,0.660795
25,10.6096,0.651647
25,10.6335,0.660748
25,10.6573,0.657496
25,10.6812,0.667392
25,10.705,0.654324
25,10.7288,0.657319
25,10.7527,0.657547
25,10.7765,0.660415
25,10.8004,0.660393
25,10.8242,0.661262
25,10.848,0.660489
25,10.8719,0.663696
25,10.8957,0.655841
25,10.9196,0.655008
25,10.9434,0.659875
25,10.9673,0.665129
25,10.9911,0.665317
25,11.0149,0.661668
25,11.0388,0.662663
25,11.0626,0.659716
25,11.0865,0.653559
25,11.1103,0.657508
25,11.1341,0.661109
25,11.158,0.661058
25,11.1818,0.663202
25,11.2057,0.64883
25,11.2295,0.662715
25,11.2534,0.659002
25,11.2772,0.661912
25,11.301,0.656149
25,11.3249,0.6609
25,11.3487,0.657226
25,11.3726,0.664757
25,11.3964,0.660432
25,11.4202,0.664386
25,11.4441,0.657545
25,11.4679,0.660172
25,11.4918,0.661449
25,11.5156,0.654
25,11.5395,0.655724
25,11.5633,0.656958
25,11.5871,0.658168
25,11.611,0.6541
25,11.6348,0.660909
25,11.6587,0.659606
25,11.6825,0.659681
25,11.7064,0.656154
25,11.7302,0.659571
25,11.754,0.654432
25,11.7779,0.658861
25,11.8017,0.659678
25,11.8256,0.666607
25,11.8494,0.656561
25,11.8732,0.649536
25,11.8971,0.654239
25,11.9209,0.666124
25,11.9448,0.658411
25,11.9686,0.665433
25,11.9925,0.662647
25,12.0163,0.660584
25,12.0401,0.658706
25,12.064,0.671004
25,12.0878,0.65592
25,12.1117,0.657587
25,12.1355,0.661976
25,12.1593,0.66794
25,12.1832,0.660679
25,12.207,0.657896
25,12.2309,0.664622
25,12.2547,0.661422
25,12.2786,0.657447
25,12.3024,0.661767
25,12.3262,0.666911
25,12.3501,0.658382
25,12.3739,0.661477
25,12.3978,0.658666
25,12.4216,0.660699
25,12.4454,0.657565
25,12.4693,0.667106
25,12.4931,0.656207
25,12.517,0.665271
25,12.5408,0.65153
25,12.5647,0.659211
25,12.5885,0.659756
25,12.6123,0.661448
25,12.6362,0.663247
25,12.66,0.660602
25,12.6839,0.659617
25,12.7077,0.657233
25,12.7316,0.65485
25,12.7554,0.660202
25,12.7792,0.668416
25,12.8031,0.658261
25,12.8269,0.663209
25,12.8508,0.665332
25,12.8746,0.65186
25,12.8984,0.663883
25,12.9223,0.659879
25,12.9461,0.662183
25,12.97,0.663531
25,12.9938,0.664516
25,13.0177,0.665221
25,13.0415,0.66283
25,13.0653,0.659077
25,13.0892,0.65684
25,13.113,0.66606
25,13.1369,0.671948
25,13.1607,0.661501
25,13.1845,0.661425
25,13.2084,0.655142
25,13.2322,0.661094
25,13.2561,0.661377
25,13.2799,0.65629
25,13.3038,0.66231
25,13.3276,0.662302
25,13.3514,0.66482
25,13.3753,0.65464
25,13.3991,0.664171
25,13.423,0.659055
25,13.4468,0.657763
25,13.4706,0.66159
25,13.4945,0.651911
25,13.5183,0.660909
25,13.5422,0.662637
25,13.566,0.663731
25,13.5899,0.664135
25,13.6137,0.66168
25,13.6375,0.658022
25,13.6614,0.662675
25,13.6852,0.654392
25,13.7091,0.669616
25,13.7329,0.665327
25,13.7568,0.662019
25,13.7806,0.649889
25,13.8044,0.659011
25,13.8283,0.662753
25,13.8521,0.658814
25,13.876,0.667313
25,13.8998,0.66146
25,13.9236,0.659907
25,13.9475,0.660895
25,13.9713,0.656397
25,13.9952,0.666022
25,14.019,0.66488
25,14.0429,0.660828
25,14.0667,0.668711
25,14.0905,0.662443
25,14.1144,0.664171
25,14.1382,0.664086
25,14.1621,0.664832
25,14.1859,0.659324
25,14.2097,0.659667
25,14.2336,0.65712
25,14.2574,0.665947
25,14.2813,0.657457
25,14.3051,0.659894
25,14.329,0.662278
25,14.3528,0.657548
25,14.3766,0.661563
25,14.4005,0.662044
25,14.4243,0.659239
25,14.4482,0.664876
25,14.472,0.656969
25,14.4958,0.655533
25,14.5197,0.656966
25,14.5435,0.665114
25,14.5674,0.658377
25,14.5912,0.662853
25,14.6151,0.663985
25,14.6389,0.657475
25,14.6627,0.664295
25,14.6866,0.663125
25,14.7104,0.66576
25,14.7343,0.663457
25,14.7581,0.658652
25,14.782,0.662031
25,14.8058,0.658352
25,14.8296,0.660616
25,14.8535,0.664187
25,14.8773,0.658339
25,14.9012,0.667999
25,14.925,0.662182
25,14.9488,0.664225
25,14.9727,0.658535
25,14.9965,0.662014
24,-14.9965,-2.77746
24,-14.9727,-2.73093
24,-14.9488,-2.7107
24,-14.925,-2.75973
24,-14.9012,-2.7569
24,-14.8773,-2.73048
24,-14.8535,-2.71126
24,-14.8296,-2.7272
24,-14.8058,-2.77195
24,-14.782,-2.73064
24,-14.7581,-2.69323
24,-14.7343,-2.74877
24,-14.7104,-2.71996
24,-14.6866,-2.73781
24,-14.6627,-2.75283
24,-14.6389,-2.67586
24,-14.6151,-2.76819
24,-14.5912,-2.65367
24,-14.5674,-2.78076
24,-14.5435,-2.78844
24,-14.5197,-2.75423
24,-14.4958,-2.79687
24,-14.472,-2.76705
24,-14.4482,-2.73619
24,-14.4243,-2.72145
24,-14.4005,-2.79763
24,-14.3766,-2.7587
24,-14.3528,-2.73309
24,-14.329,-2.77786
24,-14.3051,-2.7493
24,-14.2813,-2.74407
24,-14.2574,-2.74676
24,-14.2336,-2.68858
24,-14.2097,-2.73632
24,-14.1859,-2.67061
24,-14.1621,-2.73847
24,-14.1382,-2.70574
24,-14.1144,-2.68028
24,-14.0905,-2.73012
24,-14.0667,-2.66318
24,-14.0429,-2.74125
24,-14.019,-2.7001
24,-13.9952,-2.73553
24,-13.9713,-2.74476
24,-13.9475,-2.72722
24,-13.9236,-2.71744
24,-13.8998,-2.74627
24,-13.876,-2.76628
24,-13.8521,-2.75569
24,-13.8283,-2.76596
24,-13.8044,-2.75095
24,-13.7806,-2.70162
24,-13.7568,-2.7274
24,-13.7329,-2.76939
24,-13.7091,-2.72207
24,-13.6852,-2.77019
24,-13.6614,-2.75472
24,-13.6375,-2.79767
24,-13.6137,-2.78647
24,-13.5899,-2.73666
24,-13.566,-2.68713
24,-13.5422,-2.79487
24,-13.5183,-2.66143
24,-13.4945,-2.7845
24,-13.4706,-2.77173
24,-13.4468,-2.69057
24,-13.423,-2.70771
24,-13.3991,-2.67898
24,-13.3753,-2.76974
24,-13.3514,-2.79639
24,-13.3276,-2.76134
24,-13.3038,-2.74501
24,-13.2799,-2.68781
24,-13.2561,-2.74749
24,-13.2322,-2.76619
24,-13.2084,-2.75281
24,-13.1845,-2.68387
24,-13.1607,-2.75405
24,-13.1369,-2.73767
24,-13.113,-2.74038
24,-13.0892,-2.70884
24,-13.0653,-2.69573
24,-13.0415,-2.80276
24,-13.0177,-2.73443
24,-12.9938,-2.67929
24,-12.97,-2.73014
24,-12.9461,-2.70045
24,-12.9223,-2.80345
24,-12.8984,-2.70463
24,-12.8746,-2.76524
24,-12.8508,-2.67509
24,-12.8269,-2.70818
24,-12.8031,-2.75204
24,-12.7792,-2.7555
24,-12.7554,-2.72701
24,-12.7316,-2.8023
24,-12.7077,-2.7537
24,-12.6839,-2.73903
24,-12.66,-2.70229
24,-12.6362,-2.75367
24,-12.6123,-2.73029
24,-12.5885,-2.76212
24,-12.5647,-2.6999
24,-12.5408,-2.74205
24,-12.517,-2.69784
24,-12.4931,-2.72192
24,-12.4693,-2.75345
24,-12.4454,-2.72152
24,-12.4216,-2.76366
24,-12.3978,-2.78961
24,-12.3739,-2.7578
24,-12.3501,-2.75266
24,-12.3262,-2.74953
24,-12.3024,-2.76445
24,-12.2786,-2.71956
24,-12.2547,-2.6629
24,-12.2309,-2.77894
24,-12.207,-2.73223
24,-12.1832,-2.73867
24,-12.1593,-2.72801
24,-12.1355,-2.76368
24,-12.1117,-2.78846
24,-12.0878,-2.70794
24,-12.064,-2.74203
24,-12.0401,-2.77853
24,-12.0163,-2.74417
24,-11.9925,-2.67591
24,-11.9686,-2.75745
24,-11.9448,-2.72232
24,-11.9209,-2.7334
24,-11.8971,-2.70908
24,-11.8732,-2.70592
24,-11.8494,-2.73269
24,-11.8256,-2.75824
24,-11.8017,-2.62536
24,-11.7779,-2.72692
24,-11.754,-2.73529
24,-11.7302,-2.79195
24,-11.7064,-2.75035
24,-11.6825,-2.73763
24,-11.6587,-2.73808
24,-11.6348,-2.79069
24,-11.611,-2.80941
24,-11.5871,-2.73008
24,-11.5633,-2.67922
24,-11.5395,-2.68046
24,-11.5156,-2.7284
24,-11.4918,-2.73009
24,-11.4679,-2.6632
24,-11.4441,-2.67711
24,-11.4202,-2.67815
24,-11.3964,-2.7625
24,-11.3726,-2.71345
24,-11.3487,-2.78391
24,-11.3249,-2.70042
24,-11.301,-2.74593
24,-11.2772,-2.74
24,-11.2534,-2.75778
24,-11.2295,-2.80714
24,-11.2057,-2.6656
24,-11.1818,-2.77886
24,-11.158,-2.66418
24,-11.1341,-2.6971
24,-11.1103,-2.76801
24,-11.0865,-2.73058
24,-11.0626,-2.71654
24,-11.0388,-2.67736
24,-11.0149,-2.72653
24,-10.9911,-2.72587
24,-10.9673,-2.74586
24,-10.9434,-2.74854
24,-10.9196,-2.72042
24,-10.8957,-2.70512
24,-10.8719,-2.65647
24,-10.848,-2.72592
24,-10.8242,-2.75201
24,-10.8004,-2.74422
24,-10.7765,-2.72037
24,-10.7527,-2.80145
24,-10.7288,-2.72549
24,-10.705,-2.76476
24,-10.6812,-2.79976
24,-10.6573,-2.80917
24,-10.6335,-2.69652
24,-10.6096,-2.82053
24,-10.5858,-2.67095
24,-10.5619,-2.79761
24,-10.5381,-2.71395
24,-10.5143,-2.6925
24,-10.4904,-2.79293
24,-10.4666,-2.73976
24,-10.4427,-2.74226
24,-10.4189,-2.68414
24,-10.3951,-2.70615
24,-10.3712,-2.74192
24,-10.3474,-2.76208
24,-10.3235,-2.76761
24,-10.2997,-2.70651
24,-10.2758,-2.71276
24,-10.252,-2.71701
24,-10.2282,-2.71399
24,-10.2043,-2.58134
24,-10.1805,-2.24879
24,-10.1566,-2.65731
24,-10.1328,-2.67535
24,-10.1089,-2.71279
24,-10.0851,-2.74451
24,-10.0613,-2.70423
24,-10.0374,-2.6858
24,-10.0136,-2.71581
24,-9.98974,-2.72776
24,-9.9659,-2.64577
24,-9.94205,-2.69238
24,-9.91821,-2.68827
24,-9.89437,-2.62336
24,-9.87053,-2.68619
24,-9.84669,-2.74034
24,-9.82285,-2.7468
24,-9.799,-2.66937
24,-9.77516,-2.7242
24,-9.75132,-2.77549
24,-9.72748,-2.72199
24,-9.70364,-2.70996
24,-9.67979,-2.77133
24,-9.65595,-2.69568
24,-9.63211,-2.68472
24,-9.60827,-2.72241
24,-9.58443,-2.62357
24,-9.56059,-2.7623
24,-9.53674,-2.72216
24,-9.5129,-2.73156
24,-9.48906,-2.72312
24,-9.46522,-2.63808
24,-9.44138,-2.62422
24,-9.41753,-2.68373
24,-9.39369,-2.68327
24,-9.36985,-2.69423
24,-9.34601,-2.70734
24,-9.32217,-2.74849
24,-9.29832,-2.6855
24,-9.27448,-2.67086
24,-9.25064,-2.70729
24,-9.2268,-2.71714
24,-9.20296,-2.72534
24,-9.17912,-2.73134
24,-9.15527,-2.67904
24,-9.13143,-2.6996
24,-9.10759,-2.74233
24,-9.08375,-2.6609
24,-9.05991,-2.66797
24,-9.03606,-2.70779
24,-9.01222,-2.71046
24,-8.98838,-2.72868
24,-8.96454,-2.71104
24,-8.9407,-2.68777
24,-8.91685,-2.66149
24,-8.89301,-2.68963
24,-8.86917,-2.62152
24,-8.84533,-2.68968
24,-8.82149,-2.70012
24,-8.79765,-2.68395
24,-8.7738,-2.67353
24,-8.74996,-2.64085
24,-8.72612,-2.55059
24,-8.70228,-2.63778
24,-8.67844,-2.63855
24,-8.65459,-2.6927
24,-8.63075,-2.68055
24,-8.60691,-2.72361
24,-8.58307,-2.6791
24,-8.55923,-2.71209
24,-8.53539,-2.70751
24,-8.51154,-2.71428
24,-8.4877,-2.65915
24,-8.46386,-2.62283
24,-8.44002,-2.64349
24,-8.41618,-2.70576
24,-8.39233,-2.69197
24,-8.36849,-2.652
24,-8.34465,-2.64482
24,-8.32081,-2.65526
24,-8.29697,-2.70479
24,-8.27312,-2.60364
24,-8.24928,-2.70684
24,-8.22544,-2.71279
24,-8.2016,-2.6981
24,-8.17776,-2.67998
24,-8.15392,-2.64306
24,-8.13007,-2.72149
24,-8.10623,-2.61722
24,-8.08239,-2.65786
24,-8.05855,-2.63577
24,-8.03471,-2.64848
24,-8.01086,-2.67239
24,-7.98702,-2.64217
24,-7.96318,-2.62723
24,-7.93934,-2.6751
24,-7.9155,-2.72578
24,-7.89165,-2.6469
24,-7.86781,-2.62943
24,-7.84397,-2.66358
24,-7.82013,-2.61641
24,-7.79629,-2.63921
24,-7.77245,-2.62483
24,-7.7486,-2.65485
24,-7.72476,-2.67921
24,-7.70092,-2.63969
24,-7.67708,-2.49984
24,-7.65324,-2.64793
24,-7.62939,-2.65622
24,-7.60555,-2.62328
24,-7.58171,-2.49496
24,-7.55787,-2.60868
24,-7.53403,-2.66669
24,-7.51019,-2.64188
24,-7.48634,-2.6017
24,-7.4625,-2.59809
24,-7.43866,-2.62487
24,-7.41482,-2.6018
24,-7.39098,-2.65143
24,-7.36713,-2.57146
24,-7.34329,-2.63766
24,-7.31945,-2.67568
24,-7.29561,-2.66341
24,-7.27177,-2.58639
24,-7.24792,-2.6727
24,-7.22408,-2.64663
24,-7.20024,-2.61354
24,-7.1764,-2.48536
24,-7.15256,-2.62763
24,-7.12872,-2.62997
24,-7.10487,-2.66436
24,-7.08103,-2.56189
24,-7.05719,-2.66218
24,-7.03335,-2.64663
24,-7.00951,-2.5926
24,-6.98566,-2.58467
24,-6.96182,-2.63208
24,-6.93798,-2.71836
24,-6.91414,-2.63846
24,-6.8903,-2.69344
24,-6.86646,-2.64387
24,-6.84261,-2.67603
24,-6.81877,-2.6104
24,-6.79493,-2.63099
24,-6.77109,-2.53843
24,-6.74725,-2.65174
24,-6.7234,-2.65794
24,-6.69956,-2.61783
24,-6.67572,-2.46117
24,-6.65188,-2.59461
24,-6.62804,-2.59005
24,-6.60419,-2.64619
24,-6.58035,-2.54335
24,-6.55651,-2.60639
24,-6.53267,-2.62089
24,-6.50883,-2.63496
24,-6.48499,-2.61457
24,-6.46114,-2.62448
24,-6.4373,-2.63543
24,-6.41346,-2.60318
24,-6.38962,-2.61148
24,-6.36578,-2.48762
24,-6.34193,-2.59215
24,-6.31809,-2.5761
24,-6.29425,-2.62633
24,-6.27041,-2.48352
24,-6.24657,-2.54683
24,-6.22272,-2.64244
24,-6.19888,-2.58365
24,-6.17504,-2.41953
24,-6.1512,-2.60669
24,-6.12736,-2.58073
24,-6.10352,-2.53602
24,-6.07967,-2.46942
24,-6.05583,-2.58786
24,-6.03199,-2.59105
24,-6.00815,-2.53943
24,-5.98431,-2.49783
24,-5.96046,-2.54414
24,-5.93662,-2.54032
24,-5.91278,-2.51704
24,-5.88894,-2.47875
24,-5.8651,-2.45311
24,-5.84126,-2.57539
24,-5.81741,-2.64899
24,-5.79357,-2.5748
24,-5.76973,-2.36326
24,-5.74589,-2.5955
24,-5.72205,-2.59409
24,-5.6982,-2.51365
24,-5.67436,-2.37137
24,-5.65052,-2.54555
24,-5.62668,-2.5566
24,-5.60284,-2.59759
24,-5.57899,-2.50043
24,-5.55515,-2.5328
24,-5.53131,-2.5847
24,-5.50747,-2.49627
24,-5.48363,-2.35221
24,-5.45979,-2.44575
24,-5.43594,-2.57539
24,-5.4121,-2.47948
24,-5.38826,-2.43815
24,-5.36442,-2.25796
24,-5.34058,-2.4874
24,-5.31673,-2.48299
24,-5.29289,-2.41623
24,-5.26905,-2.01501
24,-5.24521,-2.42812
24,-5.22137,-2.49943
24,-5.19753,-2.50843
24,-5.17368,-2.2168
24,-5.14984,-2.46947
24,-5.126,-2.4297
24,-5.10216,-2.4181
24,-5.07832,-2.22348
24,-5.05447,-2.42763
24,-5.03063,-2.41416
24,-5.00679,-2.33049
24,-4.98295,-2.00018
24,-4.95911,-2.29015
24,-4.93526,-2.28028
24,-4.91142,-2.09429
24,-4.88758,-1.71262
24,-4.86374,-1.5514
24,-4.8399,-2.24629
24,-4.81606,-2.27918
24,-4.79221,-2.11077
24,-4.76837,-1.45316
24,-4.74453,-2.14489
24,-4.72069,-2.22309
24,-4.69685,-2.24154
24,-4.673,-1.6316
24,-4.64916,-2.22599
24,-4.62532,-2.21382
24,-4.60148,-2.14498
24,-4.57764,-1.93736
24,-4.55379,-2.19527
24,-4.52995,-2.17474
24,-4.50611,-1.58055
24,-4.48227,-0.0682903
24,-4.45843,-1.38585
24,-4.43459,-1.73071
24,-4.41074,-1.30512
24,-4.3869,-0.397831
24,-4.36306,-0.285891
24,-4.33922,-1.48149
24,-4.31538,-1.31369
24,-4.29153,-0.745809
24,-4.26769,0.665443
24,-4.24385,-1.51824
24,-4.22001,-1.64664
24,-4.19617,-1.78298
24,-4.17233,-0.903362
24,-4.14848,-1.75161
24,-4.12464,-1.63715
24,-4.1008,-1.0978
24,-4.07696,0.643764
24,-4.05312,-0.875394
24,-4.02927,-0.975466
24,-4.00543,-0.0443975
24,-3.98159,2.26196
24,-3.95775,0.106991
24,-3.93391,-0.449332
24,-3.91006,0.900343
24,-3.88622,3.23156
24,-3.86238,2.68794
24,-3.83854,-0.389565
24,-3.8147,-0.454972
24,-3.79086,0.253531
24,-3.76701,2.13481
24,-3.74317,-0.293913
24,-3.71933,-0.462589
24,-3.69549,-0.531149
24,-3.67165,0.813965
24,-3.6478,-0.811377
24,-3.62396,-0.775635
24,-3.60012,-0.634991
24,-3.57628,-0.175818
24,-3.55244,-1.29269
24,-3.52859,-1.47167
24,-3.50475,0.261073
24,-3.48091,3.9893
24,-3.45707,0.489013
24,-3.43323,-0.294283
24,-3.40939,0.160849
24,-3.38554,2.02331
24,-3.3617,1.42244
24,-3.33786,-0.493125
24,-3.31402,-0.388558
24,-3.29018,0.363254
24,-3.26633,1.54154
24,-3.24249,-1.03105
24,-3.21865,-1.38266
24,-3.19481,-1.67336
24,-3.17097,-1.20938
24,-3.14713,-1.86672
24,-3.12328,-1.64333
24,-3.09944,-1.27632
24,-3.0756,0.493329
24,-3.05176,-1.21543
24,-3.02792,-1.2502
24,-3.00407,-0.763902
24,-2.98023,1.34825
24,-2.95639,-0.894077
24,-2.93255,-1.18608
24,-2.90871,-0.31184
24,-2.88486,1.77238
24,-2.86102,0.53307
24,-2.83718,-1.30513
24,-2.81334,-1.39479
24,-2.7895,-0.894821
24,-2.76566,-0.168232
24,-2.74181,-1.34409
24,-2.71797,-1.46374
24,-2.69413,-1.46417
24,-2.67029,-1.03969
24,-2.64645,-1.61754
24,-2.6226,-1.5392
24,-2.59876,-1.52944
24,-2.57492,-1.15899
24,-2.55108,-1.75642
24,-2.52724,-1.87077
24,-2.5034,-0.861702
24,-2.47955,1.95071
24,-2.45571,-0.841476
24,-2.43187,-1.13978
24,-2.40803,-0.757213
24,-2.38419,0.705336
24,-2.36034,-0.199946
24,-2.3365,-1.12859
24,-2.31266,-1.01112
24,-2.28882,-0.374855
24,-2.26498,0.0780272
24,-2.24113,-1.29642
24,-2.21729,-1.52986
24,-2.19345,-1.76702
24,-2.16961,-1.53948
24,-2.14577,-1.64747
24,-2.12193,-1.55596
24,-2.09808,-1.27603
24,-2.07424,0.130753
24,-2.0504,-1.08149
24,-2.02656,-1.14783
24,-2.00272,-0.66203
24,-1.97887,1.21659
24,-1.95503,-0.779068
24,-1.93119,-0.850722
24,-1.90735,-0.0409258
24,-1.88351,2.01336
24,-1.85966,0.405882
24,-1.83582,-0.897078
24,-1.81198,-1.01403
24,-1.78814,-0.473487
24,-1.7643,-0.0735055
24,-1.74046,-0.723761
24,-1.71661,-0.690232
24,-1.69277,-0.72779
24,-1.66893,-0.507882
24,-1.64509,-0.803626
24,-1.62125,-0.651801
24,-1.5974,-0.471275
24,-1.57356,-0.108775
24,-1.54972,-0.935822
24,-1.52588,-0.936519
24,-1.50204,0.333251
24,-1.4782,3.85686
24,-1.45435,0.321037
24,-1.43051,0.146058
24,-1.40667,0.711623
24,-1.38283,2.61811
24,-1.35899,1.19499
24,-1.33514,0.48126
24,-1.3113,0.776871
24,-1.28746,1.71836
24,-1.26362,1.79216
24,-1.23978,0.45439
24,-1.21593,0.113229
24,-1.19209,-0.0264941
24,-1.16825,0.334975
24,-1.14441,0.290158
24,-1.12057,0.632501
24,-1.09673,1.26802
24,-1.07288,3.37864
24,-1.04904,1.56135
24,-1.0252,1.624
24,-1.00136,2.54186
24,-0.977516,5.57932
24,-0.953674,2.41403
24,-0.929832,2.45816
24,-0.905991,4.07742
24,-0.882149,7.41348
24,-0.858307,4.32773
24,-0.834465,2.96602
24,-0.810623,3.08632
24,-0.786781,4.07568
24,-0.762939,4.5755
24,-0.739098,4.10172
24,-0.715256,4.30547
24,-0.691414,4.61467
24,-0.667572,5.28526
24,-0.64373,5.16713
24,-0.619888,5.66965
24,-0.596046,6.42234
24,-0.572205,8.08274
24,-0.548363,6.35901
24,-0.524521,6.66241
24,-0.500679,9.69274
24,-0.476837,15.304
24,-0.452995,10.2578
24,-0.429153,10.7782
24,-0.405312,12.7586
24,-0.38147,16.5216
24,-0.357628,14.385
24,-0.333786,14.7683
24,-0.309944,17.233
24,-0.286102,21.2989
24,-0.26226,22.1981
24,-0.238419,22.1562
24,-0.214577,28.4497
24,-0.190735,32.3893
24,-0.166893,36.5202
24,-0.143051,27.2537
24,-0.119209,25.5909
24,-0.0953674,20.5406
24,-0.0715256,21.7382
24,-0.0476837,16.3936
24,-0.0238419,14.942
24,0,14.1924
24,0.0238419,17.2489
24,0.0476837,11.8117
24,0.0715256,14.1627
24,0.0953674,11.2254
24,0.119209,14.6791
24,0.143051,9.97147
24,0.166893,8.1572
24,0.190735,6.79208
24,0.214577,7.55267
24,0.238419,7.09316
24,0.26226,5.77763
24,0.286102,5.28303
24,0.309944,5.09574
24,0.333786,5.23658
24,0.357628,4.18242
24,0.38147,3.86672
24,0.405312,3.87538
24,0.429153,4.84479
24,0.452995,2.54878
24,0.476837,2.31116
24,0.500679,3.62797
24,0.524521,8.27869
24,0.548363,2.82156
24,0.572205,2.62208
24,0.596046,2.96611
24,0.619888,5.77379
24,0.64373,2.61973
24,0.667572,1.827
24,0.691414,2.05994
24,0.715256,3.4043
24,0.739098,2.29816
24,0.762939,0.95005
24,0.786781,0.445503
24,0.810623,0.174492
24,0.834465,0.136601
24,0.858307,0.0360985
24,0.882149,0.21521
24,0.905991,0.647992
24,0.929832,2.42457
24,0.953674,0.310386
24,0.977516,0.188707
24,1.00136,0.631872
24,1.0252,3.35818
24,1.04904,-0.0202161
24,1.07288,-0.0324739
24,1.09673,0.883417
24,1.12057,4.02926
24,1.14441,0.265282
24,1.16825,-0.260643
24,1.19209,-0.476129
24,1.21593,0.40973
24,1.23978,-0.0594706
24,1.26362,-0.57905
24,1.28746,-0.707545
24,1.3113,-0.560074
24,1.33514,-0.406944
24,1.35899,-0.802499
24,1.38283,-0.930363
24,1.40667,-0.821986
24,1.43051,-0.438737
24,1.45435,-1.23941
24,1.4782,-1.2926
24,1.50204,-0.468918
24,1.52588,2.88961
24,1.54972,-0.820435
24,1.57356,-0.784052
24,1.5974,-0.427038
24,1.62125,1.8656
24,1.64509,-0.666307
24,1.66893,-0.946461
24,1.69277,-0.693662
24,1.71661,0.623763
24,1.74046,-0.55569
24,1.7643,-1.19621
24,1.78814,-1.57335
24,1.81198,-1.53678
24,1.83582,-1.52245
24,1.85966,-1.60915
24,1.88351,-1.41332
24,1.90735,-1.12056
24,1.93119,-0.0389221
24,1.95503,-1.27979
24,1.97887,-1.35375
24,2.00272,-0.912649
24,2.02656,1.25031
24,2.0504,-1.27983
24,2.07424,-1.21921
24,2.09808,-0.486418
24,2.12193,2.70304
24,2.14577,-1.05996
24,2.16961,-1.34647
24,2.19345,-1.30286
24,2.21729,-0.184646
24,2.24113,-0.881758
24,2.26498,-1.30607
24,2.28882,-1.37525
24,2.31266,-1.12093
24,2.3365,-1.09456
24,2.36034,-1.52405
24,2.38419,-1.41717
24,2.40803,-1.36684
24,2.43187,-1.09035
24,2.45571,-1.77852
24,2.47955,-1.66963
24,2.5034,-0.797352
24,2.52724,2.82506
24,2.55108,-1.06754
24,2.57492,-1.03112
24,2.59876,-0.551382
24,2.6226,2.40336
24,2.64645,-0.739921
24,2.67029,-0.892057
24,2.69413,-0.352484
24,2.71797,1.47469
24,2.74181,-0.519171
24,2.76566,-1.17449
24,2.7895,-1.51332
24,2.81334,-1.38742
24,2.83718,-1.32288
24,2.86102,-1.48926
24,2.88486,-1.09621
24,2.90871,-0.541281
24,2.93255,0.738699
24,2.95639,-0.722306
24,2.98023,-0.705243
24,3.00407,0.00651611
24,3.02792,2.92274
24,3.05176,-0.595597
24,3.0756,-0.525748
24,3.09944,0.918016
24,3.12328,5.60182
24,3.14713,-0.194846
24,3.17097,-0.453351
24,3.19481,-0.201458
24,3.21865,2.20018
24,3.24249,0.403899
24,3.26633,-0.171863
24,3.29018,-0.227288
24,3.31402,0.232583
24,3.33786,0.131137
24,3.3617,-0.404142
24,3.38554,-0.42119
24,3.40939,-0.205932
24,3.43323,-0.384309
24,3.45707,-1.11836
24,3.48091,-0.919876
24,3.50475,0.41377
24,3.52859,4.70103
24,3.55244,-0.119501
24,3.57628,-0.0296256
24,3.60012,0.465645
24,3.62396,3.88926
24,3.6478,-0.100277
24,3.67165,-0.227655
24,3.69549,0.18575
24,3.71933,2.29605
24,3.74317,-0.23751
24,3.76701,-0.878276
24,3.79086,-1.20826
24,3.8147,-0.877428
24,3.83854,-1.1801
24,3.86238,-1.49052
24,3.88622,-1.34882
24,3.91006,-1.12922
24,3.93391,-0.580886
24,3.95775,-1.3241
24,3.98159,-1.35418
24,4.00543,-1.09795
24,4.02927,0.193902
24,4.05312,-1.48121
24,4.07696,-1.54509
24,4.1008,-1.1074
24,4.12464,1.32979
24,4.14848,-1.68426
24,4.17233,-1.6902
24,4.19617,-1.68015
24,4.22001,-0.808078
24,4.24385,-1.63733
24,4.26769,-1.82863
24,4.29153,-1.84623
24,4.31538,-1.75749
24,4.33922,-1.90381
24,4.36306,-1.95955
24,4.3869,-1.9918
24,4.41074,-2.02573
24,4.43459,-2.08011
24,4.45843,-2.1494
24,4.48227,-2.11906
24,4.50611,-1.98199
24,4.52995,-1.14321
24,4.55379,-2.05956
24,4.57764,-2.10184
24,4.60148,-1.96741
24,4.62532,-1.31057
24,4.64916,-2.03125
24,4.673,-2.18578
24,4.69685,-2.05595
24,4.72069,-1.58941
24,4.74453,-2.1187
24,4.76837,-2.12869
24,4.79221,-2.21195
24,4.81606,-2.06447
24,4.8399,-2.16737
24,4.86374,-2.23682
24,4.88758,-2.30013
24,4.91142,-2.23662
24,4.93526,-2.23628
24,4.95911,-2.22088
24,4.98295,-2.23767
24,5.00679,-2.21391
24,5.03063,-2.10189
24,5.05447,-2.34699
24,5.07832,-2.27284
24,5.10216,-2.19602
24,5.126,-1.73429
24,5.14984,-2.30099
24,5.17368,-2.3024
24,5.19753,-2.2619
24,5.22137,-2.06615
24,5.24521,-2.26688
24,5.26905,-2.29526
24,5.29289,-2.24194
24,5.31673,-2.1713
24,5.34058,-2.2356
24,5.36442,-2.2778
24,5.38826,-2.29333
24,5.4121,-2.34899
24,5.43594,-2.34941
24,5.45979,-2.42158
24,5.48363,-2.32678
24,5.50747,-2.29323
24,5.53131,-2.16916
24,5.55515,-2.26496
24,5.57899,-2.21996
24,5.60284,-2.23143
24,5.62668,-2.13003
24,5.65052,-2.25692
24,5.67436,-2.29299
24,5.6982,-2.3286
24,5.72205,-2.11793
24,5.74589,-2.23776
24,5.76973,-2.29605
24,5.79357,-2.23118
24,5.81741,-2.14473
24,5.84126,-2.28669
24,5.8651,-2.32778
24,5.88894,-2.29534
24,5.91278,-2.36391
24,5.93662,-2.34499
24,5.96046,-2.33152
24,5.98431,-2.2606
24,6.00815,-2.32875
24,6.03199,-2.29719
24,6.05583,-2.33974
24,6.07967,-2.32098
24,6.10352,-2.32389
24,6.12736,-2.25158
24,6.1512,-2.31966
24,6.17504,-2.32492
24,6.19888,-2.27248
24,6.22272,-2.15192
24,6.24657,-2.32037
24,6.27041,-2.26906
24,6.29425,-2.31347
24,6.31809,-2.17529
24,6.34193,-2.35685
24,6.36578,-2.28503
24,6.38962,-2.27078
24,6.41346,-2.30112
24,6.4373,-2.34441
24,6.46114,-2.31822
24,6.48499,-2.35333
24,6.50883,-2.35981
24,6.53267,-2.28942
24,6.55651,-2.29955
24,6.58035,-2.39468
24,6.60419,-2.33195
24,6.62804,-2.28646
24,6.65188,-2.34603
24,6.67572,-2.31613
24,6.69956,-2.26238
24,6.7234,-2.23506
24,6.74725,-2.31501
24,6.77109,-2.25465
24,6.79493,-2.34189
24,6.81877,-2.12458
24,6.84261,-2.35167
24,6.86646,-2.29783
24,6.8903,-2.32571
24,6.91414,-2.33384
24,6.93798,-2.23301
24,6.96182,-2.24524
24,6.98566,-2.24399
24,7.00951,-2.29191
24,7.03335,-2.26944
24,7.05719,-2.27614
24,7.08103,-2.28682
24,7.10487,-2.2265
24,7.12872,-2.25546
24,7.15256,-2.34578
24,7.1764,-2.32218
24,7.20024,-2.31271
24,7.22408,-2.25367
24,7.24792,-2.27585
24,7.27177,-2.28948
24,7.29561,-2.23542
24,7.31945,-2.22641
24,7.34329,-2.2427
24,7.36713,-2.28889
24,7.39098,-2.18872
24,7.41482,-2.29337
24,7.43866,-2.22941
24,7.4625,-2.2232
24,7.48634,-2.31996
24,7.51019,-2.21531
24,7.53403,-2.27759
24,7.55787,-2.31021
24,7.58171,-2.31796
24,7.60555,-2.2742
24,7.62939,-2.27766
24,7.65324,-2.26465
24,7.67708,-2.22905
24,7.70092,-2.29467
24,7.72476,-2.29537
24,7.7486,-2.24507
24,7.77245,-2.33596
24,7.79629,-2.23358
24,7.82013,-2.27364
24,7.84397,-2.26125
24,7.86781,-2.27764
24,7.89165,-2.26472
24,7.9155,-2.22834
24,7.93934,-2.25643
24,7.96318,-2.20862
24,7.98702,-2.26125
24,8.01086,-2.26275
24,8.03471,-2.33007
24,8.05855,-2.23082
24,8.08239,-2.25621
24,8.10623,-2.29183
24,8.13007,-2.26838
24,8.15392,-2.3269
24,8.17776,-2.29167
24,8.2016,-2.32552
24,8.22544,-2.30525
24,8.24928,-2.26943
24,8.27312,-2.30839
24,8.29697,-2.29143
24,8.32081,-2.25921
24,8.34465,-2.23482
24,8.36849,-2.19772
24,8.39233,-2.24472
24,8.41618,-2.21485
24,8.44002,-2.26267
24,8.46386,-2.23585
24,8.4877,-2.29969
24,8.51154,-2.20267
24,8.53539,-2.26519
24,8.55923,-2.26586
24,8.58307,-2.29795
24,8.60691,-2.3248
24,8.63075,-2.29223
24,8.65459,-2.28739
24,8.67844,-2.28381
24,8.70228,-2.23201
24,8.72612,-2.23804
24,8.74996,-2.28287
24,8.7738,-2.30955
24,8.79765,-2.19493
24,8.82149,-2.31538
24,8.84533,-2.22931
24,8.86917,-2.31333
24,8.89301,-2.24736
24,8.91685,-2.23158
24,8.9407,-2.25144
24,8.96454,-2.28703
24,8.98838,-2.27556
24,9.01222,-2.24578
24,9.03606,-2.22265
24,9.05991,-2.33942
24,9.08375,-2.26311
24,9.10759,-2.23509
24,9.13143,-2.22198
24,9.15527,-2.26838
24,9.17912,-2.22737
24,9.20296,-2.22846
24,9.2268,-2.26212
24,9.25064,-2.33096
24,9.27448,-2.2495
24,9.29832,-2.2759
24,9.32217,-2.32364
24,9.34601,-2.21347
24,9.36985,-2.26643
24,9.39369,-2.2831
24,9.41753,-2.23882
24,9.44138,-2.2697
24,9.46522,-2.22188
24,9.48906,-2.25652
24,9.5129,-2.21999
24,9.53674,-2.14714
24,9.56059,-2.24151
24,9.58443,-2.22284
24,9.60827,-2.20917
24,9.63211,-2.21275
24,9.65595,-2.21564
24,9.67979,-2.2345
24,9.70364,-2.24002
24,9.72748,-2.25341
24,9.75132,-2.24557
24,9.77516,-2.28859
24,9.799,-2.14829
24,9.82285,-1.67098
24,9.84669,-2.16875
24,9.87053,-2.15086
24,9.89437,-2.30496
24,9.91821,-2.20651
24,9.94205,-2.22837
24,9.9659,-2.24184
24,9.98974,-2.26863
24,10.0136,-2.25289
24,10.0374,-2.25303
24,10.0613,-2.21153
24,10.0851,-2.26038
24,10.1089,-2.31348
24,10.1328,-2.28925
24,10.1566,-2.23625
24,10.1805,-2.23942
24,10.2043,-2.19843
24,10.2282,-2.25529
24,10.252,-2.24183
24,10.2758,-2.23386
24,10.2997,-2.21667
24,10.3235,-2.25975
24,10.3474,-2.27158
24,10.3712,-2.2282
24,10.3951,-2.24139
24,10.4189,-2.25552
24,10.4427,-2.2054
24,10.4666,-2.27431
24,10.4904,-2.21751
24,10.5143,-2.24158
24,10.5381,-2.21467
24,10.5619,-2.19972
24,10.5858,-2.24397
24,10.6096,-2.26609
24,10.6335,-2.28423
24,10.6573,-2.11135
24,10.6812,-2.23218
24,10.705,-2.13676
24,10.7288,-2.20456
24,10.7527,-2.25375
24,10.7765,-2.1861
24,10.8004,-2.21971
24,10.8242,-2.24288
24,10.848,-2.15595
24,10.8719,-2.20632
24,10.8957,-2.19888
24,10.9196,-2.16401
24,10.9434,-2.24752
24,10.9673,-2.22614
24,10.9911,-2.15284
24,11.0149,-2.19051
24,11.0388,-2.24125
24,11.0626,-2.18953
24,11.0865,-2.17156
24,11.1103,-2.1321
24,11.1341,-2.19544
24,11.158,-2.2121
24,11.1818,-2.2453
24,11.2057,-2.08449
24,11.2295,-2.19703
24,11.2534,-2.24806
24,11.2772,-2.21746
24,11.301,-2.1839
24,11.3249,-2.19556
24,11.3487,-2.17032
24,11.3726,-2.2218
24,11.3964,-2.21871
24,11.4202,-2.19013
24,11.4441,-2.11383
24,11.4679,-2.20027
24,11.4918,-2.14043
24,11.5156,-2.15466
24,11.5395,-2.18441
24,11.5633,-2.20303
24,11.5871,-2.21514
24,11.611,-2.14233
24,11.6348,-2.12317
24,11.6587,-2.1429
24,11.6825,-2.2176
24,11.7064,-2.16339
24,11.7302,-2.2275
24,11.754,-2.16369
24,11.7779,-2.14417
24,11.8017,-2.09179
24,11.8256,-2.16845
24,11.8494,-2.15534
24,11.8732,-2.24144
24,11.8971,-2.11751
24,11.9209,-2.18839
24,11.9448,-2.18152
24,11.9686,-2.2089
24,11.9925,-2.21275
24,12.0163,-2.19152
24,12.0401,-2.18566
24,12.064,-2.15459
24,12.0878,-2.18423
24,12.1117,-2.16491
24,12.1355,-2.09852
24,12.1593,-2.1497
24,12.1832,-2.06827
24,12.207,-2.13619
24,12.2309,-2.2101
24,12.2547,-2.18622
24,12.2786,-2.18804
24,12.3024,-2.14685
24,12.3262,-2.08349
24,12.3501,-2.14439
24,12.3739,-2.19159
24,12.3978,-2.1701
24,12.4216,-2.14359
24,12.4454,-2.19558
24,12.4693,-2.1922
24,12.4931,-2.15528
24,12.517,-2.15335
24,12.5408,-2.13961
24,12.5647,-2.16009
24,12.5885,-2.15396
24,12.6123,-2.14311
24,12.6362,-2.10593
24,12.66,-2.13398
24,12.6839,-2.17711
24,12.7077,-2.15714
24,12.7316,-2.13743
24,12.7554,-2.08221
24,12.7792,-2.16326
24,12.8031,-2.14116
24,12.8269,-2.10947
24,12.8508,-2.13174
24,12.8746,-2.14331
24,12.8984,-2.09945
24,12.9223,-2.09964
24,12.9461,-2.14583
24,12.97,-2.06036
24,12.9938,-2.18099
24,13.0177,-2.15195
24,13.0415,-2.12175
24,13.0653,-2.11267
24,13.0892,-2.05002
24,13.113,-2.14639
24,13.1369,-2.1291
24,13.1607,-2.11054
24,13.1845,-2.12409
24,13.2084,-2.02425
24,13.2322,-2.10816
24,13.2561,-2.16858
24,13.2799,-2.19671
24,13.3038,-2.18679
24,13.3276,-2.14995
24,13.3514,-2.10782
24,13.3753,-2.12779
24,13.3991,-2.09462
24,13.423,-2.04807
24,13.4468,-2.09601
24,13.4706,-2.10002
24,13.4945,-2.14255
24,13.5183,-2.12338
24,13.5422,-2.15315
24,13.566,-2.13486
24,13.5899,-2.01598
24,13.6137,-2.15577
24,13.6375,-2.10472
24,13.6614,-2.13224
24,13.6852,-2.0819
24,13.7091,-2.04196
24,13.7329,-2.13973
24,13.7568,-2.02832
24,13.7806,-2.14147
24,13.8044,-2.07601
24,13.8283,-2.02444
24,13.8521,-2.04876
24,13.876,-1.94778
24,13.8998,-2.12146
24,13.9236,-2.10514
24,13.9475,-2.12392
24,13.9713,-2.1187
24,13.9952,-2.06454
24,14.019,-2.10555
24,14.0429,-2.09829
24,14.0667,-2.10191
24,14.0905,-2.07736
24,14.1144,-2.1222
24,14.1382,-2.0948
24,14.1621,-2.07645
24,14.1859,-2.11675
24,14.2097,-2.07994
24,14.2336,-2.00382
24,14.2574,-2.11299
24,14.2813,-2.08915
24,14.3051,-2.09176
24,14.329,-2.06554
24,14.3528,-2.12464
24,14.3766,-2.16505
24,14.4005,-2.05779
24,14.4243,-2.08851
24,14.4482,-2.08382
24,14.472,-2.11301
24,14.4958,-2.02089
24,14.5197,-2.06405
24,14.5435,-2.10438
24,14.5674,-2.08086
24,14.5912,-2.05406
24,14.6151,-2.09039
24,14.6389,-2.13884
24,14.6627,-2.09767
24,14.6866,-2.05771
24,14.7104,-2.06836
24,14.7343,-2.04448
24,14.7581,-2.02458
24,14.782,-2.00767
24,14.8058,-2.11873
24,14.8296,-2.03413
24,14.8535,-2.07131
24,14.8773,-2.10721
24,14.9012,-2.03991
24,14.925,-2.10995
24,14.9488,-2.0772
24,14.9727,-2.05652
24,14.9965,-2.03594
23,-14.9965,0.339603
23,-14.9727,0.343026
23,-14.9488,0.343929
23,-14.925,0.347625
23,-14.9012,0.342989
23,-14.8773,0.34333
23,-14.8535,0.339693
23,-14.8296,0.340907
23,-14.8058,0.344467
23,-14.782,0.340422
23,-14.7581,0.334568
23,-14.7343,0.334724
23,-14.7104,0.339877
23,-14.6866,0.339495
23,-14.6627,0.333083
23,-14.6389,0.332261
23,-14.6151,0.338145
23,-14.5912,0.336958
23,-14.5674,0.329343
23,-14.5435,0.330602
23,-14.5197,0.337221
23,-14.4958,0.33868
23,-14.472,0.335618
23,-14.4482,0.335713
23,-14.4243,0.331692
23,-14.4005,0.336154
23,-14.3766,0.331919
23,-14.3528,0.332229
23,-14.329,0.331719
23,-14.3051,0.333221
23,-14.2813,0.330565
23,-14.2574,0.328759
23,-14.2336,0.338194
23,-14.2097,0.328093
23,-14.1859,0.3295
23,-14.1621,0.327943
23,-14.1382,0.335255
23,-14.1144,0.337277
23,-14.0905,0.332406
23,-14.0667,0.330266
23,-14.0429,0.330477
23,-14.019,0.328572
23,-13.9952,0.326582
23,-13.9713,0.333319
23,-13.9475,0.328308
23,-13.9236,0.332255
23,-13.8998,0.323716
23,-13.876,0.328031
23,-13.8521,0.328372
23,-13.8283,0.327673
23,-13.8044,0.329852
23,-13.7806,0.329194
23,-13.7568,0.326414
23,-13.7329,0.321471
23,-13.7091,0.328303
23,-13.6852,0.328178
23,-13.6614,0.331967
23,-13.6375,0.324041
23,-13.6137,0.327833
23,-13.5899,0.325224
23,-13.566,0.321415
23,-13.5422,0.324108
23,-13.5183,0.325006
23,-13.4945,0.32372
23,-13.4706,0.321226
23,-13.4468,0.322952
23,-13.423,0.325066
23,-13.3991,0.323188
23,-13.3753,0.332042
23,-13.3514,0.322406
23,-13.3276,0.323576
23,-13.3038,0.322705
23,-13.2799,0.314705
23,-13.2561,0.316147
23,-13.2322,0.330935
23,-13.2084,0.323625
23,-13.1845,0.318452
23,-13.1607,0.318051
23,-13.1369,0.315195
23,-13.113,0.324791
23,-13.0892,0.312149
23,-13.0653,0.317105
23,-13.0415,0.312037
23,-13.0177,0.324255
23,-12.9938,0.323498
23,-12.97,0.316676
23,-12.9461,0.320198
23,-12.9223,0.312466
23,-12.8984,0.323395
23,-12.8746,0.311881
23,-12.8508,0.320104
23,-12.8269,0.307415
23,-12.8031,0.315841
23,-12.7792,0.308868
23,-12.7554,0.310755
23,-12.7316,0.320691
23,-12.7077,0.318989
23,-12.6839,0.313658
23,-12.66,0.318403
23,-12.6362,0.316246
23,-12.6123,0.31139
23,-12.5885,0.314279
23,-12.5647,0.316084
23,-12.5408,0.31155
23,-12.517,0.310827
23,-12.4931,0.307438
23,-12.4693,0.316933
23,-12.4454,0.304516
23,-12.4216,0.307288
23,-12.3978,0.307355
23,-12.3739,0.307141
23,-12.3501,0.310018
23,-12.3262,0.307325
23,-12.3024,0.312486
23,-12.2786,0.307109
23,-12.2547,0.313227
23,-12.2309,0.314021
23,-12.207,0.312322
23,-12.1832,0.311284
23,-12.1593,0.311597
23,-12.1355,0.305203
23,-12.1117,0.309957
23,-12.0878,0.304834
23,-12.064,0.306819
23,-12.0401,0.304658
23,-12.0163,0.309334
23,-11.9925,0.300226
23,-11.9686,0.305481
23,-11.9448,0.303023
23,-11.9209,0.303687
23,-11.8971,0.303659
23,-11.8732,0.304227
23,-11.8494,0.30206
23,-11.8256,0.30815
23,-11.8017,0.303254
23,-11.7779,0.301803
23,-11.754,0.302089
23,-11.7302,0.305498
23,-11.7064,0.302584
23,-11.6825,0.305926
23,-11.6587,0.298801
23,-11.6348,0.3021
23,-11.611,0.293602
23,-11.5871,0.297475
23,-11.5633,0.302986
23,-11.5395,0.299679
23,-11.5156,0.29546
23,-11.4918,0.302801
23,-11.4679,0.293279
23,-11.4441,0.298283
23,-11.4202,0.301191
23,-11.3964,0.297953
23,-11.3726,0.299237
23,-11.3487,0.293339
23,-11.3249,0.301903
23,-11.301,0.304815
23,-11.2772,0.292304
23,-11.2534,0.29761
23,-11.2295,0.290151
23,-11.2057,0.290514
23,-11.1818,0.288515
23,-11.158,0.296382
23,-11.1341,0.301208
23,-11.1103,0.294209
23,-11.0865,0.290728
23,-11.0626,0.290462
23,-11.0388,0.29345
23,-11.0149,0.288805
23,-10.9911,0.289656
23,-10.9673,0.292402
23,-10.9434,0.289475
23,-10.9196,0.290126
23,-10.8957,0.285048
23,-10.8719,0.293903
23,-10.848,0.285545
23,-10.8242,0.288772
23,-10.8004,0.287082
23,-10.7765,0.29344
23,-10.7527,0.283287
23,-10.7288,0.288131
23,-10.705,0.288
23,-10.6812,0.282451
23,-10.6573,0.296204
23,-10.6335,0.285357
23,-10.6096,0.289616
23,-10.5858,0.28551
23,-10.5619,0.287369
23,-10.5381,0.286397
23,-10.5143,0.288435
23,-10.4904,0.283909
23,-10.4666,0.288898
23,-10.4427,0.283643
23,-10.4189,0.280752
23,-10.3951,0.275338
23,-10.3712,0.282121
23,-10.3474,0.283272
23,-10.3235,0.284889
23,-10.2997,0.278111
23,-10.2758,0.278253
23,-10.252,0.279469
23,-10.2282,0.2825
23,-10.2043,0.279145
23,-10.1805,0.271678
23,-10.1566,0.28397
23,-10.1328,0.283347
23,-10.1089,0.27447
23,-10.0851,0.280975
23,-10.0613,0.282596
23,-10.0374,0.277495
23,-10.0136,0.281856
23,-9.98974,0.28365
23,-9.9659,0.280925
23,-9.94205,0.266529
23,-9.91821,0.285865
23,-9.89437,0.276266
23,-9.87053,0.273516
23,-9.84669,0.273019
23,-9.82285,0.272617
23,-9.799,0.28052
23,-9.77516,0.280423
23,-9.75132,0.272497
23,-9.72748,0.275346
23,-9.70364,0.271497
23,-9.67979,0.274863
23,-9.65595,0.276782
23,-9.63211,0.280303
23,-9.60827,0.270297
23,-9.58443,0.270283
23,-9.56059,0.271023
23,-9.53674,0.267524
23,-9.5129,0.27146
23,-9.48906,0.270376
23,-9.46522,0.269185
23,-9.44138,0.278979
23,-9.41753,0.263486
23,-9.39369,0.266695
23,-9.36985,0.269492
23,-9.34601,0.271174
23,-9.32217,0.273817
23,-9.29832,0.268001
23,-9.27448,0.267371
23,-9.25064,0.269126
23,-9.2268,0.264447
23,-9.20296,0.273526
23,-9.17912,0.266065
23,-9.15527,0.271448
23,-9.13143,0.26228
23,-9.10759,0.266886
23,-9.08375,0.261949
23,-9.05991,0.260347
23,-9.03606,0.268066
23,-9.01222,0.260927
23,-8.98838,0.265637
23,-8.96454,0.272637
23,-8.9407,0.264238
23,-8.91685,0.261432
23,-8.89301,0.269207
23,-8.86917,0.269241
23,-8.84533,0.260079
23,-8.82149,0.253359
23,-8.79765,0.264546
23,-8.7738,0.263157
23,-8.74996,0.266315
23,-8.72612,0.266196
23,-8.70228,0.264339
23,-8.67844,0.262573
23,-8.65459,0.287708
23,-8.63075,0.263471
23,-8.60691,0.257452
23,-8.58307,0.257714
23,-8.55923,0.257744
23,-8.53539,0.257077
23,-8.51154,0.258848
23,-8.4877,0.255721
23,-8.46386,0.253289
23,-8.44002,0.254974
23,-8.41618,0.261011
23,-8.39233,0.252835
23,-8.36849,0.251755
23,-8.34465,0.253899
23,-8.32081,0.251013
23,-8.29697,0.261071
23,-8.27312,0.256709
23,-8.24928,0.246725
23,-8.22544,0.251502
23,-8.2016,0.248148
23,-8.17776,0.251994
23,-8.15392,0.24864
23,-8.13007,0.250532
23,-8.10623,0.255631
23,-8.08239,0.256114
23,-8.05855,0.249446
23,-8.03471,0.256989
23,-8.01086,0.248939
23,-7.98702,0.247707
23,-7.96318,0.244043
23,-7.93934,0.253579
23,-7.9155,0.246843
23,-7.89165,0.250979
23,-7.86781,0.251385
23,-7.84397,0.279186
23,-7.82013,0.254553
23,-7.79629,0.252602
23,-7.77245,0.246503
23,-7.7486,0.252035
23,-7.72476,0.252783
23,-7.70092,0.244545
23,-7.67708,0.249793
23,-7.65324,0.256236
23,-7.62939,0.249493
23,-7.60555,0.249545
23,-7.58171,0.296664
23,-7.55787,0.326286
23,-7.53403,0.260748
23,-7.51019,0.250373
23,-7.48634,0.241916
23,-7.4625,0.236497
23,-7.43866,0.246007
23,-7.41482,0.255231
23,-7.39098,0.25308
23,-7.36713,0.239573
23,-7.34329,0.238906
23,-7.31945,0.240895
23,-7.29561,0.237916
23,-7.27177,0.242978
23,-7.24792,0.242031
23,-7.22408,0.241483
23,-7.20024,0.238296
23,-7.1764,0.247563
23,-7.15256,0.242176
23,-7.12872,0.245455
23,-7.10487,0.235352
23,-7.08103,0.240763
23,-7.05719,0.241698
23,-7.03335,0.238272
23,-7.00951,0.237293
23,-6.98566,0.24607
23,-6.96182,0.234035
23,-6.93798,0.235326
23,-6.91414,0.230803
23,-6.8903,0.237309
23,-6.86646,0.234101
23,-6.84261,0.236872
23,-6.81877,0.238603
23,-6.79493,0.249514
23,-6.77109,0.241401
23,-6.74725,0.249132
23,-6.7234,0.271795
23,-6.69956,0.255206
23,-6.67572,0.239371
23,-6.65188,0.250902
23,-6.62804,0.476338
23,-6.60419,0.292813
23,-6.58035,0.245843
23,-6.55651,0.244897
23,-6.53267,0.252479
23,-6.50883,0.237622
23,-6.48499,0.245789
23,-6.46114,0.251056
23,-6.4373,0.252627
23,-6.41346,0.246618
23,-6.38962,0.28421
23,-6.36578,0.596724
23,-6.34193,0.435822
23,-6.31809,0.258799
23,-6.29425,0.247501
23,-6.27041,0.231144
23,-6.24657,0.245104
23,-6.22272,0.233969
23,-6.19888,0.232351
23,-6.17504,0.236074
23,-6.1512,0.242486
23,-6.12736,0.238675
23,-6.10352,0.236933
23,-6.07967,0.22939
23,-6.05583,0.23333
23,-6.03199,0.224491
23,-6.00815,0.229017
23,-5.98431,0.229801
23,-5.96046,0.230018
23,-5.93662,0.231287
23,-5.91278,0.223635
23,-5.88894,0.228583
23,-5.8651,0.229786
23,-5.84126,0.224658
23,-5.81741,0.239948
23,-5.79357,0.216446
23,-5.76973,0.23327
23,-5.74589,0.222539
23,-5.72205,0.222057
23,-5.6982,0.222509
23,-5.67436,0.22338
23,-5.65052,0.225484
23,-5.62668,0.214175
23,-5.60284,0.22693
23,-5.57899,0.236139
23,-5.55515,0.222272
23,-5.53131,0.215767
23,-5.50747,0.238807
23,-5.48363,0.227193
23,-5.45979,0.219276
23,-5.43594,0.220523
23,-5.4121,0.225525
23,-5.38826,0.217937
23,-5.36442,0.215747
23,-5.34058,0.22119
23,-5.31673,0.258847
23,-5.29289,0.219267
23,-5.26905,0.217637
23,-5.24521,0.211605
23,-5.22137,0.219556
23,-5.19753,0.223891
23,-5.17368,0.216963
23,-5.14984,0.226841
23,-5.126,0.21054
23,-5.10216,0.216623
23,-5.07832,0.207736
23,-5.05447,0.209594
23,-5.03063,0.210814
23,-5.00679,0.208768
23,-4.98295,0.21433
23,-4.95911,0.218444
23,-4.93526,0.209641
23,-4.91142,0.21572
23,-4.88758,0.216762
23,-4.86374,0.22096
23,-4.8399,0.203369
23,-4.81606,0.206143
23,-4.79221,0.222447
23,-4.76837,0.21482
23,-4.74453,0.217609
23,-4.72069,0.209925
23,-4.69685,0.268096
23,-4.673,0.215478
23,-4.64916,0.216609
23,-4.62532,0.207894
23,-4.60148,0.225538
23,-4.57764,0.209729
23,-4.55379,0.206435
23,-4.52995,0.214012
23,-4.50611,0.226402
23,-4.48227,0.212161
23,-4.45843,0.20898
23,-4.43459,0.217143
23,-4.41074,0.202848
23,-4.3869,0.212738
23,-4.36306,0.210821
23,-4.33922,0.20681
23,-4.31538,0.217867
23,-4.29153,0.216378
23,-4.26769,0.211746
23,-4.24385,0.214327
23,-4.22001,0.211849
23,-4.19617,0.215253
23,-4.17233,0.216057
23,-4.14848,0.212533
23,-4.12464,0.210953
23,-4.1008,0.212945
23,-4.07696,0.207972
23,-4.05312,0.203782
23,-4.02927,0.214625
23,-4.00543,0.218609
23,-3.98159,0.210696
23,-3.95775,0.20575
23,-3.93391,0.209403
23,-3.91006,0.210561
23,-3.88622,0.210628
23,-3.86238,0.198564
23,-3.83854,0.211724
23,-3.8147,0.21448
23,-3.79086,0.21339
23,-3.76701,0.198185
23,-3.74317,0.20561
23,-3.71933,0.204939
23,-3.69549,0.19881
23,-3.67165,0.193386
23,-3.6478,0.208418
23,-3.62396,0.19593
23,-3.60012,0.199534
23,-3.57628,0.197669
23,-3.55244,0.202586
23,-3.52859,0.207094
23,-3.50475,0.198253
23,-3.48091,0.196808
23,-3.45707,0.197319
23,-3.43323,0.19709
23,-3.40939,0.1949
23,-3.38554,0.194353
23,-3.3617,0.194472
23,-3.33786,0.188763
23,-3.31402,0.193349
23,-3.29018,0.196744
23,-3.26633,0.184796
23,-3.24249,0.192889
23,-3.21865,0.19234
23,-3.19481,0.189273
23,-3.17097,0.186792
23,-3.14713,0.193994
23,-3.12328,0.18816
23,-3.09944,0.187341
23,-3.0756,0.189457
23,-3.05176,0.190449
23,-3.02792,0.189993
23,-3.00407,0.192483
23,-2.98023,0.194147
23,-2.95639,0.18915
23,-2.93255,0.179923
23,-2.90871,0.190657
23,-2.88486,0.186513
23,-2.86102,0.198133
23,-2.83718,0.181279
23,-2.81334,0.189549
23,-2.7895,0.192948
23,-2.76566,0.190439
23,-2.74181,0.18979
23,-2.71797,0.203628
23,-2.69413,0.303893
23,-2.67029,0.483666
23,-2.64645,0.21337
23,-2.6226,0.191616
23,-2.59876,0.193412
23,-2.57492,0.195051
23,-2.55108,0.194426
23,-2.52724,0.196623
23,-2.5034,0.195625
23,-2.47955,0.217701
23,-2.45571,0.191313
23,-2.43187,0.183519
23,-2.40803,0.18846
23,-2.38419,0.187376
23,-2.36034,0.183363
23,-2.3365,0.181775
23,-2.31266,0.184858
23,-2.28882,0.190224
23,-2.26498,0.185393
23,-2.24113,0.179673
23,-2.21729,0.186338
23,-2.19345,0.187146
23,-2.16961,0.184645
23,-2.14577,0.182743
23,-2.12193,0.178363
23,-2.09808,0.177039
23,-2.07424,0.180138
23,-2.0504,0.176481
23,-2.02656,0.183132
23,-2.00272,0.182158
23,-1.97887,0.182212
23,-1.95503,0.176573
23,-1.93119,0.179491
23,-1.90735,0.18135
23,-1.88351,0.181631
23,-1.85966,0.179826
23,-1.83582,0.176019
23,-1.81198,0.180052
23,-1.78814,0.181052
23,-1.7643,0.180994
23,-1.74046,0.187562
23,-1.71661,0.1827
23,-1.69277,0.199475
23,-1.66893,0.182162
23,-1.64509,0.190906
23,-1.62125,0.1894
23,-1.5974,0.194469
23,-1.57356,0.201264
23,-1.54972,0.216598
23,-1.52588,0.249519
23,-1.50204,0.211559
23,-1.4782,0.216818
23,-1.45435,0.241375
23,-1.43051,0.208411
23,-1.40667,0.235519
23,-1.38283,0.275009
23,-1.35899,0.242357
23,-1.33514,0.246011
23,-1.3113,0.361639
23,-1.28746,1.63064
23,-1.26362,0.470975
23,-1.23978,0.374925
23,-1.21593,0.363727
23,-1.19209,0.491137
23,-1.16825,0.388141
23,-1.14441,0.508489
23,-1.12057,0.763377
23,-1.09673,0.57454
23,-1.07288,1.39031
23,-1.04904,1.90484
23,-1.0252,1.49127
23,-1.00136,1.24976
23,-0.977516,1.86119
23,-0.953674,1.88073
23,-0.929832,3.32261
23,-0.905991,2.57954
23,-0.882149,1.9803
23,-0.858307,2.12887
23,-0.834465,1.77008
23,-0.810623,3.92271
23,-0.786781,3.36881
23,-0.762939,2.00798
23,-0.739098,1.65528
23,-0.715256,2.04953
23,-0.691414,2.93675
23,-0.667572,2.62672
23,-0.64373,5.84537
23,-0.619888,3.77288
23,-0.596046,8.3434
23,-0.572205,3.1886
23,-0.548363,1.96533
23,-0.524521,1.98835
23,-0.500679,1.97643
23,-0.476837,2.5728
23,-0.452995,7.19181
23,-0.429153,6.9775
23,-0.405312,7.0304
23,-0.38147,4.01004
23,-0.357628,3.47535
23,-0.333786,3.50253
23,-0.309944,4.01396
23,-0.286102,2.9831
23,-0.26226,2.34885
23,-0.238419,3.12796
23,-0.214577,2.59288
23,-0.190735,1.56106
23,-0.166893,1.38901
23,-0.143051,1.5267
23,-0.119209,1.30728
23,-0.0953674,2.62921
23,-0.0715256,2.86098
23,-0.0476837,1.87727
23,-0.0238419,1.7079
23,0,1.26311
23,0.0238419,0.961539
23,0.0476837,0.642729
23,0.0715256,0.476196
23,0.0953674,0.551806
23,0.119209,0.567781
23,0.143051,4.04416
23,0.166893,1.08568
23,0.190735,0.474808
23,0.214577,0.386115
23,0.238419,0.479686
23,0.26226,0.459711
23,0.286102,0.330782
23,0.309944,0.394172
23,0.333786,0.37945
23,0.357628,0.29797
23,0.38147,0.220415
23,0.405312,0.219855
23,0.429153,0.28724
23,0.452995,0.227675
23,0.476837,0.194634
23,0.500679,0.213079
23,0.524521,0.183381
23,0.548363,0.179191
23,0.572205,0.177171
23,0.596046,0.173531
23,0.619888,0.156259
23,0.64373,0.153084
23,0.667572,0.14852
23,0.691414,0.155125
23,0.715256,0.147795
23,0.739098,0.141634
23,0.762939,0.161802
23,0.786781,0.139283
23,0.810623,0.155487
23,0.834465,0.140745
23,0.858307,0.19255
23,0.882149,0.166122
23,0.905991,0.332008
23,0.929832,0.25239
23,0.953674,0.154469
23,0.977516,0.146408
23,1.00136,0.132327
23,1.0252,0.143444
23,1.04904,0.135708
23,1.07288,0.123575
23,1.09673,0.132587
23,1.12057,0.147718
23,1.14441,0.164584
23,1.16825,0.149925
23,1.19209,0.120566
23,1.21593,0.129209
23,1.23978,0.124632
23,1.26362,0.124481
23,1.28746,0.124756
23,1.3113,0.120163
23,1.33514,0.121266
23,1.35899,0.123211
23,1.38283,0.128089
23,1.40667,0.118808
23,1.43051,0.120741
23,1.45435,0.121361
23,1.4782,0.124414
23,1.50204,0.124827
23,1.52588,0.116839
23,1.54972,0.111171
23,1.57356,0.113961
23,1.5974,0.117944
23,1.62125,0.12165
23,1.64509,0.114071
23,1.66893,0.116064
23,1.69277,0.113203
23,1.71661,0.119212
23,1.74046,0.111206
23,1.7643,0.117493
23,1.78814,0.111993
23,1.81198,0.114648
23,1.83582,0.110416
23,1.85966,0.121063
23,1.88351,0.122036
23,1.90735,0.108216
23,1.93119,0.108351
23,1.95503,0.11357
23,1.97887,0.106975
23,2.00272,0.112353
23,2.02656,0.110196
23,2.0504,0.104815
23,2.07424,0.105008
23,2.09808,0.112459
23,2.12193,0.110414
23,2.14577,0.107084
23,2.16961,0.107372
23,2.19345,0.100638
23,2.21729,0.10062
23,2.24113,0.0962463
23,2.26498,0.107626
23,2.28882,0.103707
23,2.31266,0.103029
23,2.3365,0.103039
23,2.36034,0.102428
23,2.38419,0.111467
23,2.40803,0.0977303
23,2.43187,0.09869
23,2.45571,0.0986922
23,2.47955,0.10089
23,2.5034,0.0986296
23,2.52724,0.101587
23,2.55108,0.0978629
23,2.57492,0.0917118
23,2.59876,0.0934994
23,2.6226,0.0996266
23,2.64645,0.0958498
23,2.67029,0.0922912
23,2.69413,0.106519
23,2.71797,0.0979671
23,2.74181,0.0989024
23,2.76566,0.0889014
23,2.7895,0.102559
23,2.81334,0.089614
23,2.83718,0.0907475
23,2.86102,0.106152
23,2.88486,0.0984767
23,2.90871,0.0931231
23,2.93255,0.0960513
23,2.95639,0.0902478
23,2.98023,0.0933121
23,3.00407,0.0947374
23,3.02792,0.0867874
23,3.05176,0.0887381
23,3.0756,0.0845378
23,3.09944,0.0924909
23,3.12328,0.0802736
23,3.14713,0.0872536
23,3.17097,0.0825921
23,3.19481,0.0923375
23,3.21865,0.0832658
23,3.24249,0.0941272
23,3.26633,0.0842055
23,3.29018,0.0845193
23,3.31402,0.0791509
23,3.33786,0.0779027
23,3.3617,0.0834417
23,3.38554,0.0875622
23,3.40939,0.0785799
23,3.43323,0.076684
23,3.45707,0.0774296
23,3.48091,0.0811349
23,3.50475,0.0793836
23,3.52859,0.0751739
23,3.55244,0.0685863
23,3.57628,0.070768
23,3.60012,0.0739347
23,3.62396,0.0696732
23,3.6478,0.0735133
23,3.67165,0.0732501
23,3.69549,0.0736546
23,3.71933,0.0665112
23,3.74317,0.0726803
23,3.76701,0.0678804
23,3.79086,0.0697578
23,3.8147,0.0607604
23,3.83854,0.065852
23,3.86238,0.0688764
23,3.88622,0.0556677
23,3.91006,0.0563147
23,3.93391,0.0640933
23,3.95775,0.0548156
23,3.98159,0.0660115
23,4.00543,0.059735
23,4.02927,0.0637722
23,4.05312,0.0586867
23,4.07696,0.0543125
23,4.1008,0.0542989
23,4.12464,0.0648594
23,4.14848,0.054492
23,4.17233,0.0559868
23,4.19617,0.0624273
23,4.22001,0.0567786
23,4.24385,0.061421
23,4.26769,0.0610428
23,4.29153,0.0601834
23,4.31538,0.0488064
23,4.33922,0.0534142
23,4.36306,0.0475686
23,4.3869,0.0484174
23,4.41074,0.0504397
23,4.43459,0.0491553
23,4.45843,0.0551327
23,4.48227,0.047932
23,4.50611,0.0534104
23,4.52995,0.0449456
23,4.55379,0.048289
23,4.57764,0.0513013
23,4.60148,0.0474196
23,4.62532,0.0446938
23,4.64916,0.0486055
23,4.673,0.0463692
23,4.69685,0.0452616
23,4.72069,0.0457592
23,4.74453,0.0382432
23,4.76837,0.0500615
23,4.79221,0.04112
23,4.81606,0.0366583
23,4.8399,0.0470884
23,4.86374,0.0377214
23,4.88758,0.0390679
23,4.91142,0.037558
23,4.93526,0.035485
23,4.95911,0.0387084
23,4.98295,0.0426276
23,5.00679,0.0372167
23,5.03063,0.039508
23,5.05447,0.0386376
23,5.07832,0.0427629
23,5.10216,0.0389642
23,5.126,0.0405636
23,5.14984,0.0345692
23,5.17368,0.0334847
23,5.19753,0.0342963
23,5.22137,0.0388373
23,5.24521,0.0420911
23,5.26905,0.0352457
23,5.29289,0.032855
23,5.31673,0.0400256
23,5.34058,0.035016
23,5.36442,0.0365899
23,5.38826,0.0315992
23,5.4121,0.0248989
23,5.43594,0.0381753
23,5.45979,0.0261677
23,5.48363,0.0318247
23,5.50747,0.0316452
23,5.53131,0.029833
23,5.55515,0.0278686
23,5.57899,0.0287926
23,5.60284,0.0287371
23,5.62668,0.0301029
23,5.65052,0.0234105
23,5.67436,0.0278931
23,5.6982,0.0267166
23,5.72205,0.0290124
23,5.74589,0.0306866
23,5.76973,0.0241792
23,5.79357,0.0281257
23,5.81741,0.0233458
23,5.84126,0.0293588
23,5.8651,0.0169011
23,5.88894,0.022466
23,5.91278,0.0191417
23,5.93662,0.0241388
23,5.96046,0.0144266
23,5.98431,0.01901
23,6.00815,0.0176944
23,6.03199,0.0189533
23,6.05583,0.0192035
23,6.07967,0.0147169
23,6.10352,0.0190115
23,6.12736,0.0180064
23,6.1512,0.0144954
23,6.17504,0.0152784
23,6.19888,0.0167662
23,6.22272,0.0181827
23,6.24657,0.0136023
23,6.27041,0.00986043
23,6.29425,0.0213236
23,6.31809,0.021023
23,6.34193,0.014493
23,6.36578,0.0155146
23,6.38962,0.010958
23,6.41346,0.0137477
23,6.4373,0.0124244
23,6.46114,0.0120392
23,6.48499,0.00563837
23,6.50883,0.00543192
23,6.53267,0.0120767
23,6.55651,0.0113836
23,6.58035,0.00636297
23,6.60419,0.00261712
23,6.62804,0.00881744
23,6.65188,0.0120391
23,6.67572,-0.00566199
23,6.69956,0.000654056
23,6.7234,0.0010975
23,6.74725,0.00239075
23,6.77109,0.0050143
23,6.79493,0.00929112
23,6.81877,0.00137296
23,6.84261,-6.7728e-05
23,6.86646,0.00750965
23,6.8903,-0.00517339
23,6.91414,-0.00217085
23,6.93798,0.00454022
23,6.96182,6.77269e-05
23,6.98566,-0.00125335
23,7.00951,0.00354312
23,7.03335,0.0088019
23,7.05719,-0.00865711
23,7.08103,0.00178113
23,7.10487,-0.00568445
23,7.12872,0.00641698
23,7.15256,-0.0035133
23,7.1764,-0.00289874
23,7.20024,0.00390089
23,7.22408,0.000378057
23,7.24792,-0.000820165
23,7.27177,-0.00109886
23,7.29561,-0.0020343
23,7.31945,-0.000860785
23,7.34329,-0.000560618
23,7.36713,0.00128406
23,7.39098,0.00691115
23,7.41482,0.0051607
23,7.43866,-0.00949473
23,7.4625,-0.00800476
23,7.48634,-0.002568
23,7.51019,-0.0128221
23,7.53403,-0.0139259
23,7.55787,-0.00880728
23,7.58171,-0.0109015
23,7.60555,-0.00868614
23,7.62939,-0.020387
23,7.65324,-0.00988225
23,7.67708,-0.0114067
23,7.70092,-0.00434341
23,7.72476,-0.00594061
23,7.7486,-0.0110086
23,7.77245,-0.023062
23,7.79629,-0.0215714
23,7.82013,-0.0140732
23,7.84397,-0.0188398
23,7.86781,-0.0187719
23,7.89165,-0.0209543
23,7.9155,-0.0184292
23,7.93934,-0.021786
23,7.96318,-0.0128701
23,7.98702,-0.0229973
23,8.01086,-0.023742
23,8.03471,-0.0146718
23,8.05855,-0.0199295
23,8.08239,-0.0105864
23,8.10623,-0.021076
23,8.13007,-0.0178827
23,8.15392,-0.02206
23,8.17776,-0.024634
23,8.2016,-0.0207163
23,8.22544,-0.0150907
23,8.24928,-0.0207927
23,8.27312,-0.0248182
23,8.29697,-0.0248182
23,8.32081,-0.026403
23,8.34465,-0.0238086
23,8.36849,-0.0266035
23,8.39233,-0.0246261
23,8.41618,-0.0334247
23,8.44002,-0.0216088
23,8.46386,-0.0328392
23,8.4877,-0.0328201
23,8.51154,-0.0272236
23,8.53539,-0.0283813
23,8.55923,-0.0222016
23,8.58307,-0.021564
23,8.60691,-0.0277393
23,8.63075,-0.0342351
23,8.65459,-0.0333151
23,8.67844,-0.0240877
23,8.70228,-0.033232
23,8.72612,-0.0398499
23,8.74996,-0.0260737
23,8.7738,-0.0360564
23,8.79765,-0.0349432
23,8.82149,-0.0347483
23,8.84533,-0.0363963
23,8.86917,-0.0237834
23,8.89301,-0.0327155
23,8.91685,-0.0418508
23,8.9407,-0.0298179
23,8.96454,-0.0385096
23,8.98838,-0.0367685
23,9.01222,-0.034716
23,9.03606,-0.0325868
23,9.05991,-0.0386235
23,9.08375,-0.0408669
23,9.10759,-0.039184
23,9.13143,-0.0392841
23,9.15527,-0.0383186
23,9.17912,-0.0462784
23,9.20296,-0.0479011
23,9.2268,-0.0506606
23,9.25064,-0.0416756
23,9.27448,-0.0467156
23,9.29832,-0.0488734
23,9.32217,-0.0492065
23,9.34601,-0.0388413
23,9.36985,-0.0444369
23,9.39369,-0.0443286
23,9.41753,-0.0427498
23,9.44138,-0.0458218
23,9.46522,-0.0447743
23,9.48906,-0.0488745
23,9.5129,-0.045771
23,9.53674,-0.0475332
23,9.56059,-0.0477323
23,9.58443,-0.0485399
23,9.60827,-0.0520366
23,9.63211,-0.0455785
23,9.65595,-0.0489341
23,9.67979,-0.0463195
23,9.70364,-0.0514849
23,9.72748,-0.0549376
23,9.75132,-0.0486458
23,9.77516,-0.0559705
23,9.799,-0.0568671
23,9.82285,-0.0509726
23,9.84669,-0.0511439
23,9.87053,-0.0532507
23,9.89437,-0.0519522
23,9.91821,-0.060905
23,9.94205,-0.0589514
23,9.9659,-0.0538185
23,9.98974,-0.0592813
23,10.0136,-0.0607606
23,10.0374,-0.0583494
23,10.0613,-0.0601282
23,10.0851,-0.0574048
23,10.1089,-0.0575205
23,10.1328,-0.058017
23,10.1566,-0.0582279
23,10.1805,-0.0664842
23,10.2043,-0.0649934
23,10.2282,-0.0679385
23,10.252,-0.0678246
23,10.2758,-0.0636194
23,10.2997,-0.0693159
23,10.3235,-0.0663343
23,10.3474,-0.0764392
23,10.3712,-0.0594229
23,10.3951,-0.066193
23,10.4189,-0.062018
23,10.4427,-0.0746047
23,10.4666,-0.0664654
23,10.4904,-0.0697018
23,10.5143,-0.0707113
23,10.5381,-0.0718692
23,10.5619,-0.0724664
23,10.5858,-0.0669846
23,10.6096,-0.0669207
23,10.6335,-0.0731092
23,10.6573,-0.075274
23,10.6812,-0.0698176
23,10.705,-0.0740006
23,10.7288,-0.0721535
23,10.7527,-0.0777536
23,10.7765,-0.0750133
23,10.8004,-0.0718601
23,10.8242,-0.0675438
23,10.848,-0.0800459
23,10.8719,-0.0745746
23,10.8957,-0.0727133
23,10.9196,-0.0839905
23,10.9434,-0.0769734
23,10.9673,-0.0778361
23,10.9911,-0.0821328
23,11.0149,-0.0802932
23,11.0388,-0.0827451
23,11.0626,-0.0753149
23,11.0865,-0.0847425
23,11.1103,-0.0802761
23,11.1341,-0.0789947
23,11.158,-0.084774
23,11.1818,-0.0915642
23,11.2057,-0.0891989
23,11.2295,-0.0761149
23,11.2534,-0.0771804
23,11.2772,-0.0858125
23,11.301,-0.0847206
23,11.3249,-0.0903261
23,11.3487,-0.0885003
23,11.3726,-0.0841818
23,11.3964,-0.0847103
23,11.4202,-0.0920255
23,11.4441,-0.0942938
23,11.4679,-0.0911331
23,11.4918,-0.0809324
23,11.5156,-0.0974025
23,11.5395,-0.0916475
23,11.5633,-0.0929489
23,11.5871,-0.0967632
23,11.611,-0.0965132
23,11.6348,-0.0879219
23,11.6587,-0.0913002
23,11.6825,-0.0982585
23,11.7064,-0.100323
23,11.7302,-0.0953084
23,11.754,-0.0917134
23,11.7779,-0.0921363
23,11.8017,-0.0911576
23,11.8256,-0.0907004
23,11.8494,-0.0900346
23,11.8732,-0.100714
23,11.8971,-0.0996634
23,11.9209,-0.106187
23,11.9448,-0.0978286
23,11.9686,-0.0973651
23,11.9925,-0.0965419
23,12.0163,-0.100532
23,12.0401,-0.0920693
23,12.064,-0.103606
23,12.0878,-0.101877
23,12.1117,-0.0967871
23,12.1355,-0.105055
23,12.1593,-0.100749
23,12.1832,-0.0998071
23,12.207,-0.119588
23,12.2309,-0.106154
23,12.2547,-0.110759
23,12.2786,-0.107633
23,12.3024,-0.108463
23,12.3262,-0.104448
23,12.3501,-0.112145
23,12.3739,-0.104249
23,12.3978,-0.106008
23,12.4216,-0.107595
23,12.4454,-0.113414
23,12.4693,-0.11223
23,12.4931,-0.109033
23,12.517,-0.117388
23,12.5408,-0.109854
23,12.5647,-0.107954
23,12.5885,-0.112404
23,12.6123,-0.120371
23,12.6362,-0.110841
23,12.66,-0.111304
23,12.6839,-0.111941
23,12.7077,-0.11503
23,12.7316,-0.11481
23,12.7554,-0.116096
23,12.7792,-0.116359
23,12.8031,-0.114471
23,12.8269,-0.126377
23,12.8508,-0.122401
23,12.8746,-0.117699
23,12.8984,-0.117628
23,12.9223,-0.122953
23,12.9461,-0.12187
23,12.97,-0.120416
23,12.9938,-0.11828
23,13.0177,-0.118783
23,13.0415,-0.123406
23,13.0653,-0.12136
23,13.0892,-0.125695
23,13.113,-0.116302
23,13.1369,-0.12463
23,13.1607,-0.121538
23,13.1845,-0.127811
23,13.2084,-0.124612
23,13.2322,-0.128612
23,13.2561,-0.12915
23,13.2799,-0.127287
23,13.3038,-0.128006
23,13.3276,-0.127994
23,13.3514,-0.128631
23,13.3753,-0.122259
23,13.3991,-0.122992
23,13.423,-0.133645
23,13.4468,-0.132761
23,13.4706,-0.135848
23,13.4945,-0.13898
23,13.5183,-0.133068
23,13.5422,-0.132238
23,13.566,-0.125939
23,13.5899,-0.133913
23,13.6137,-0.135892
23,13.6375,-0.143481
23,13.6614,-0.135549
23,13.6852,-0.131309
23,13.7091,-0.138686
23,13.7329,-0.139794
23,13.7568,-0.13949
23,13.7806,-0.148016
23,13.8044,-0.145147
23,13.8283,-0.152361
23,13.8521,-0.138564
23,13.876,-0.143091
23,13.8998,-0.144934
23,13.9236,-0.143942
23,13.9475,-0.151641
23,13.9713,-0.143642
23,13.9952,-0.138865
23,14.019,-0.137031
23,14.0429,-0.146337
23,14.0667,-0.148681
23,14.0905,-0.142232
23,14.1144,-0.141774
23,14.1382,-0.149632
23,14.1621,-0.148915
23,14.1859,-0.145735
23,14.2097,-0.146193
23,14.2336,-0.151569
23,14.2574,-0.154388
23,14.2813,-0.142658
23,14.3051,-0.151877
23,14.329,-0.147989
23,14.3528,-0.150518
23,14.3766,-0.156779
23,14.4005,-0.148609
23,14.4243,-0.155153
23,14.4482,-0.150114
23,14.472,-0.149077
23,14.4958,-0.157628
23,14.5197,-0.163226
23,14.5435,-0.162637
23,14.5674,-0.160706
23,14.5912,-0.160696
23,14.6151,-0.152886
23,14.6389,-0.160291
23,14.6627,-0.157771
23,14.6866,-0.166844
23,14.7104,-0.165175
23,14.7343,-0.161015
23,14.7581,-0.167449
23,14.782,-0.160974
23,14.8058,-0.162131
23,14.8296,-0.166621
23,14.8535,-0.166263
23,14.8773,-0.161422
23,14.9012,-0.164307
23,14.925,-0.164476
23,14.9488,-0.164452
23,14.9727,-0.163276
23,14.9965,-0.162397
22,-14.9965,0.432512
22,-14.9727,0.425225
22,-14.9488,0.425926
22,-14.925,0.428128
22,-14.9012,0.43596
22,-14.8773,0.430575
22,-14.8535,0.434928
22,-14.8296,0.434268
22,-14.8058,0.429688
22,-14.782,0.431018
22,-14.7581,0.438642
22,-14.7343,0.429523
22,-14.7104,0.433334
22,-14.6866,0.434755
22,-14.6627,0.42658
22,-14.6389,0.433109
22,-14.6151,0.434155
22,-14.5912,0.4278
22,-14.5674,0.433473
22,-14.5435,0.442177
22,-14.5197,0.436574
22,-14.4958,0.438976
22,-14.472,0.432465
22,-14.4482,0.439207
22,-14.4243,0.440654
22,-14.4005,0.430359
22,-14.3766,0.438526
22,-14.3528,0.435574
22,-14.329,0.437902
22,-14.3051,0.44209
22,-14.2813,0.441567
22,-14.2574,0.445806
22,-14.2336,0.434952
22,-14.2097,0.440452
22,-14.1859,0.449453
22,-14.1621,0.443254
22,-14.1382,0.435769
22,-14.1144,0.437884
22,-14.0905,0.447335
22,-14.0667,0.439002
22,-14.0429,0.437537
22,-14.019,0.442567
22,-13.9952,0.437541
22,-13.9713,0.449716
22,-13.9475,0.437499
22,-13.9236,0.442477
22,-13.8998,0.440352
22,-13.876,0.448263
22,-13.8521,0.433707
22,-13.8283,0.442309
22,-13.8044,0.44788
22,-13.7806,0.450613
22,-13.7568,0.442299
22,-13.7329,0.441356
22,-13.7091,0.442008
22,-13.6852,0.438203
22,-13.6614,0.443497
22,-13.6375,0.441853
22,-13.6137,0.447109
22,-13.5899,0.447998
22,-13.566,0.449675
22,-13.5422,0.450307
22,-13.5183,0.442741
22,-13.4945,0.441242
22,-13.4706,0.442094
22,-13.4468,0.451925
22,-13.423,0.448116
22,-13.3991,0.444239
22,-13.3753,0.439279
22,-13.3514,0.446582
22,-13.3276,0.456392
22,-13.3038,0.449084
22,-13.2799,0.452844
22,-13.2561,0.453136
22,-13.2322,0.446729
22,-13.2084,0.447153
22,-13.1845,0.453199
22,-13.1607,0.446006
22,-13.1369,0.44938
22,-13.113,0.451579
22,-13.0892,0.452271
22,-13.0653,0.452607
22,-13.0415,0.446824
22,-13.0177,0.44947
22,-12.9938,0.455419
22,-12.97,0.452394
22,-12.9461,0.448938
22,-12.9223,0.448693
22,-12.8984,0.453017
22,-12.8746,0.452782
22,-12.8508,0.453776
22,-12.8269,0.450149
22,-12.8031,0.452924
22,-12.7792,0.452096
22,-12.7554,0.448695
22,-12.7316,0.444262
22,-12.7077,0.454403
22,-12.6839,0.45245
22,-12.66,0.445421
22,-12.6362,0.450567
22,-12.6123,0.452791
22,-12.5885,0.453382
22,-12.5647,0.452021
22,-12.5408,0.455763
22,-12.517,0.452916
22,-12.4931,0.454193
22,-12.4693,0.452634
22,-12.4454,0.452873
22,-12.4216,0.453623
22,-12.3978,0.452748
22,-12.3739,0.44671
22,-12.3501,0.45747
22,-12.3262,0.456075
22,-12.3024,0.450986
22,-12.2786,0.46348
22,-12.2547,0.455992
22,-12.2309,0.464268
22,-12.207,0.455976
22,-12.1832,0.46026
22,-12.1593,0.459979
22,-12.1355,0.458023
22,-12.1117,0.459672
22,-12.0878,0.464931
22,-12.064,0.462897
22,-12.0401,0.466103
22,-12.0163,0.456563
22,-11.9925,0.465708
22,-11.9686,0.455761
22,-11.9448,0.461524
22,-11.9209,0.46042
22,-11.8971,0.456207
22,-11.8732,0.450928
22,-11.8494,0.461855
22,-11.8256,0.456197
22,-11.8017,0.454136
22,-11.7779,0.462217
22,-11.754,0.465451
22,-11.7302,0.467805
22,-11.7064,0.46509
22,-11.6825,0.46526
22,-11.6587,0.460459
22,-11.6348,0.45989
22,-11.611,0.460319
22,-11.5871,0.465259
22,-11.5633,0.459473
22,-11.5395,0.460915
22,-11.5156,0.461859
22,-11.4918,0.463816
22,-11.4679,0.466191
22,-11.4441,0.462184
22,-11.4202,0.461903
22,-11.3964,0.463118
22,-11.3726,0.46841
22,-11.3487,0.467804
22,-11.3249,0.469269
22,-11.301,0.467427
22,-11.2772,0.459194
22,-11.2534,0.464635
22,-11.2295,0.461878
22,-11.2057,0.462069
22,-11.1818,0.461469
22,-11.158,0.46279
22,-11.1341,0.461649
22,-11.1103,0.46434
22,-11.0865,0.466405
22,-11.0626,0.465299
22,-11.0388,0.467294
22,-11.0149,0.468824
22,-10.9911,0.462534
22,-10.9673,0.476307
22,-10.9434,0.469333
22,-10.9196,0.472988
22,-10.8957,0.477274
22,-10.8719,0.468771
22,-10.848,0.46453
22,-10.8242,0.471969
22,-10.8004,0.465179
22,-10.7765,0.467539
22,-10.7527,0.474433
22,-10.7288,0.469458
22,-10.705,0.472203
22,-10.6812,0.472703
22,-10.6573,0.471919
22,-10.6335,0.460498
22,-10.6096,0.468199
22,-10.5858,0.473495
22,-10.5619,0.474844
22,-10.5381,0.469214
22,-10.5143,0.472983
22,-10.4904,0.47143
22,-10.4666,0.473828
22,-10.4427,0.46461
22,-10.4189,0.477364
22,-10.3951,0.471299
22,-10.3712,0.471044
22,-10.3474,0.467013
22,-10.3235,0.481316
22,-10.2997,0.472281
22,-10.2758,0.4749
22,-10.252,0.473575
22,-10.2282,0.475062
22,-10.2043,0.485318
22,-10.1805,0.475335
22,-10.1566,0.484315
22,-10.1328,0.477982
22,-10.1089,0.472559
22,-10.0851,0.473234
22,-10.0613,0.482376
22,-10.0374,0.480754
22,-10.0136,0.476901
22,-9.98974,0.481871
22,-9.9659,0.475282
22,-9.94205,0.479194
22,-9.91821,0.47524
22,-9.89437,0.486871
22,-9.87053,0.484406
22,-9.84669,0.476587
22,-9.82285,0.468356
22,-9.799,0.481446
22,-9.77516,0.47434
22,-9.75132,0.477865
22,-9.72748,0.48775
22,-9.70364,0.47445
22,-9.67979,0.473892
22,-9.65595,0.476471
22,-9.63211,0.48144
22,-9.60827,0.48078
22,-9.58443,0.480578
22,-9.56059,0.477483
22,-9.53674,0.474918
22,-9.5129,0.481393
22,-9.48906,0.484278
22,-9.46522,0.48287
22,-9.44138,0.486972
22,-9.41753,0.477679
22,-9.39369,0.472697
22,-9.36985,0.481829
22,-9.34601,0.48012
22,-9.32217,0.483427
22,-9.29832,0.476862
22,-9.27448,0.486783
22,-9.25064,0.4825
22,-9.2268,0.484431
22,-9.20296,0.484226
22,-9.17912,0.481661
22,-9.15527,0.491689
22,-9.13143,0.483622
22,-9.10759,0.490325
22,-9.08375,0.476017
22,-9.05991,0.488883
22,-9.03606,0.485713
22,-9.01222,0.492026
22,-8.98838,0.483802
22,-8.96454,0.483445
22,-8.9407,0.477661
22,-8.91685,0.486856
22,-8.89301,0.484502
22,-8.86917,0.489659
22,-8.84533,0.485385
22,-8.82149,0.487036
22,-8.79765,0.485977
22,-8.7738,0.478036
22,-8.74996,0.479539
22,-8.72612,0.482757
22,-8.70228,0.48103
22,-8.67844,0.497115
22,-8.65459,0.488046
22,-8.63075,0.486811
22,-8.60691,0.485271
22,-8.58307,0.486186
22,-8.55923,0.489032
22,-8.53539,0.493515
22,-8.51154,0.481809
22,-8.4877,0.491309
22,-8.46386,0.485998
22,-8.44002,0.490925
22,-8.41618,0.487861
22,-8.39233,0.488599
22,-8.36849,0.486822
22,-8.34465,0.486416
22,-8.32081,0.494052
22,-8.29697,0.491534
22,-8.27312,0.496709
22,-8.24928,0.490246
22,-8.22544,0.491297
22,-8.2016,0.485579
22,-8.17776,0.488078
22,-8.15392,0.491596
22,-8.13007,0.496997
22,-8.10623,0.48719
22,-8.08239,0.500301
22,-8.05855,0.494753
22,-8.03471,0.507956
22,-8.01086,0.48865
22,-7.98702,0.491616
22,-7.96318,0.501699
22,-7.93934,0.496021
22,-7.9155,0.493936
22,-7.89165,0.500745
22,-7.86781,0.500649
22,-7.84397,0.492723
22,-7.82013,0.495401
22,-7.79629,0.493502
22,-7.77245,0.498164
22,-7.7486,0.492419
22,-7.72476,0.493333
22,-7.70092,0.496887
22,-7.67708,0.493108
22,-7.65324,0.500789
22,-7.62939,0.48892
22,-7.60555,0.500636
22,-7.58171,0.502033
22,-7.55787,0.503687
22,-7.53403,0.495588
22,-7.51019,0.497944
22,-7.48634,0.500204
22,-7.4625,0.501314
22,-7.43866,0.508807
22,-7.41482,0.496059
22,-7.39098,0.496807
22,-7.36713,0.50494
22,-7.34329,0.494625
22,-7.31945,0.506679
22,-7.29561,0.506298
22,-7.27177,0.502925
22,-7.24792,0.507575
22,-7.22408,0.503849
22,-7.20024,0.496625
22,-7.1764,0.505408
22,-7.15256,0.497831
22,-7.12872,0.500914
22,-7.10487,0.500644
22,-7.08103,0.50079
22,-7.05719,0.502414
22,-7.03335,0.502499
22,-7.00951,0.502612
22,-6.98566,0.504851
22,-6.96182,0.508671
22,-6.93798,0.507116
22,-6.91414,0.496822
22,-6.8903,0.503788
22,-6.86646,0.505625
22,-6.84261,0.494538
22,-6.81877,0.50742
22,-6.79493,0.504032
22,-6.77109,0.508614
22,-6.74725,0.500555
22,-6.7234,0.503343
22,-6.69956,0.51007
22,-6.67572,0.507527
22,-6.65188,0.513949
22,-6.62804,0.50494
22,-6.60419,0.511665
22,-6.58035,0.508051
22,-6.55651,0.50887
22,-6.53267,0.510141
22,-6.50883,0.499606
22,-6.48499,0.505351
22,-6.46114,0.509251
22,-6.4373,0.504608
22,-6.41346,0.509623
22,-6.38962,0.506882
22,-6.36578,0.51789
22,-6.34193,0.515715
22,-6.31809,0.510604
22,-6.29425,0.502103
22,-6.27041,0.509589
22,-6.24657,0.507254
22,-6.22272,0.50271
22,-6.19888,0.51096
22,-6.17504,0.51017
22,-6.1512,0.504042
22,-6.12736,0.510341
22,-6.10352,0.509797
22,-6.07967,0.51626
22,-6.05583,0.510076
22,-6.03199,0.517419
22,-6.00815,0.512365
22,-5.98431,0.521054
22,-5.96046,0.526597
22,-5.93662,0.521352
22,-5.91278,0.515974
22,-5.88894,0.520185
22,-5.8651,0.52438
22,-5.84126,0.508401
22,-5.81741,0.519787
22,-5.79357,0.515508
22,-5.76973,0.518412
22,-5.74589,0.52357
22,-5.72205,0.521075
22,-5.6982,0.527295
22,-5.67436,0.522563
22,-5.65052,0.52114
22,-5.62668,0.514636
22,-5.60284,0.516774
22,-5.57899,0.520948
22,-5.55515,0.511447
22,-5.53131,0.51592
22,-5.50747,0.518089
22,-5.48363,0.522218
22,-5.45979,0.526287
22,-5.43594,0.515815
22,-5.4121,0.512028
22,-5.38826,0.520518
22,-5.36442,0.523468
22,-5.34058,0.530042
22,-5.31673,0.516515
22,-5.29289,0.524362
22,-5.26905,0.531739
22,-5.24521,0.534422
22,-5.22137,0.528513
22,-5.19753,0.522552
22,-5.17368,0.525412
22,-5.14984,0.531539
22,-5.126,0.530398
22,-5.10216,0.529348
22,-5.07832,0.523393
22,-5.05447,0.531493
22,-5.03063,0.522951
22,-5.00679,0.522241
22,-4.98295,0.528469
22,-4.95911,0.541505
22,-4.93526,0.53083
22,-4.91142,0.533642
22,-4.88758,0.52999
22,-4.86374,0.570285
22,-4.8399,0.532538
22,-4.81606,0.541295
22,-4.79221,0.533998
22,-4.76837,0.556037
22,-4.74453,0.547909
22,-4.72069,0.532744
22,-4.69685,0.537896
22,-4.673,0.557379
22,-4.64916,0.542993
22,-4.62532,0.534507
22,-4.60148,0.544209
22,-4.57764,0.555102
22,-4.55379,0.549859
22,-4.52995,0.534027
22,-4.50611,0.545289
22,-4.48227,0.551056
22,-4.45843,0.63087
22,-4.43459,0.556612
22,-4.41074,0.55564
22,-4.3869,0.560686
22,-4.36306,0.663149
22,-4.33922,0.578576
22,-4.31538,0.569416
22,-4.29153,0.589315
22,-4.26769,0.661991
22,-4.24385,0.607905
22,-4.22001,0.586132
22,-4.19617,0.599274
22,-4.17233,0.630008
22,-4.14848,0.604168
22,-4.12464,0.591808
22,-4.1008,0.602374
22,-4.07696,0.622547
22,-4.05312,0.664451
22,-4.02927,0.589674
22,-4.00543,0.591353
22,-3.98159,0.622462
22,-3.95775,0.796049
22,-3.93391,0.631267
22,-3.91006,0.613332
22,-3.88622,0.653492
22,-3.86238,1.03957
22,-3.83854,0.682016
22,-3.8147,0.63441
22,-3.79086,0.703136
22,-3.76701,0.82754
22,-3.74317,0.742383
22,-3.71933,0.705415
22,-3.69549,0.756929
22,-3.67165,0.795195
22,-3.6478,0.697352
22,-3.62396,0.650157
22,-3.60012,0.666211
22,-3.57628,0.718003
22,-3.55244,0.669273
22,-3.52859,0.623489
22,-3.50475,0.623035
22,-3.48091,0.646261
22,-3.45707,0.963111
22,-3.43323,0.641414
22,-3.40939,0.61622
22,-3.38554,0.649756
22,-3.3617,0.877811
22,-3.33786,0.693349
22,-3.31402,0.671728
22,-3.29018,0.746926
22,-3.26633,0.852735
22,-3.24249,0.694692
22,-3.21865,0.653405
22,-3.19481,0.678554
22,-3.17097,0.707399
22,-3.14713,0.63701
22,-3.12328,0.630549
22,-3.09944,0.647787
22,-3.0756,0.666939
22,-3.05176,0.663775
22,-3.02792,0.586587
22,-3.00407,0.589005
22,-2.98023,0.606162
22,-2.95639,0.716679
22,-2.93255,0.601937
22,-2.90871,0.596463
22,-2.88486,0.624087
22,-2.86102,0.824697
22,-2.83718,0.613467
22,-2.81334,0.602507
22,-2.7895,0.644025
22,-2.76566,0.69541
22,-2.74181,0.637226
22,-2.71797,0.628669
22,-2.69413,0.654447
22,-2.67029,0.6668
22,-2.64645,0.616208
22,-2.6226,0.596123
22,-2.59876,0.608969
22,-2.57492,0.620719
22,-2.55108,0.602342
22,-2.52724,0.575879
22,-2.5034,0.590429
22,-2.47955,0.606972
22,-2.45571,0.737905
22,-2.43187,0.588074
22,-2.40803,0.598016
22,-2.38419,0.598049
22,-2.36034,0.714013
22,-2.3365,0.624325
22,-2.31266,0.618391
22,-2.28882,0.656302
22,-2.26498,0.71437
22,-2.24113,0.636199
22,-2.21729,0.605841
22,-2.19345,0.624431
22,-2.16961,0.639477
22,-2.14577,0.605085
22,-2.12193,0.603952
22,-2.09808,0.626118
22,-2.07424,0.635208
22,-2.0504,0.632862
22,-2.02656,0.600153
22,-2.00272,0.598962
22,-1.97887,0.6194
22,-1.95503,0.697403
22,-1.93119,0.618791
22,-1.90735,0.620729
22,-1.88351,0.637031
22,-1.85966,0.825953
22,-1.83582,0.630613
22,-1.81198,0.619054
22,-1.78814,0.651459
22,-1.7643,0.708203
22,-1.74046,0.664312
22,-1.71661,0.654054
22,-1.69277,0.688155
22,-1.66893,0.695055
22,-1.64509,0.638961
22,-1.62125,0.627343
22,-1.5974,0.63981
22,-1.57356,0.675464
22,-1.54972,0.649482
22,-1.52588,0.634584
22,-1.50204,0.645126
22,-1.4782,0.675419
22,-1.45435,0.870429
22,-1.43051,0.65907
22,-1.40667,0.654978
22,-1.38283,0.68961
22,-1.35899,0.875693
22,-1.33514,0.726853
22,-1.3113,0.712891
22,-1.28746,0.767689
22,-1.26362,0.873239
22,-1.23978,0.753428
22,-1.21593,0.71827
22,-1.19209,0.752399
22,-1.16825,0.771558
22,-1.14441,0.715404
22,-1.12057,0.722599
22,-1.09673,0.759499
22,-1.07288,0.832717
22,-1.04904,0.83489
22,-1.0252,0.74134
22,-1.00136,0.749965
22,-0.977516,0.845103
22,-0.953674,1.20292
22,-0.929832,0.860154
22,-0.905991,0.867017
22,-0.882149,0.941018
22,-0.858307,1.60846
22,-0.834465,0.961952
22,-0.810623,0.941897
22,-0.786781,1.09889
22,-0.762939,1.34202
22,-0.739098,1.20178
22,-0.715256,1.33511
22,-0.691414,1.46138
22,-0.667572,1.88593
22,-0.64373,1.84058
22,-0.619888,1.83431
22,-0.596046,2.19326
22,-0.572205,2.642
22,-0.548363,2.32104
22,-0.524521,1.89129
22,-0.500679,1.93191
22,-0.476837,2.38234
22,-0.452995,4.07222
22,-0.429153,2.32575
22,-0.405312,3.61741
22,-0.38147,3.17574
22,-0.357628,5.71933
22,-0.333786,4.16274
22,-0.309944,6.02634
22,-0.286102,9.00967
22,-0.26226,11.8216
22,-0.238419,8.50217
22,-0.214577,10.0522
22,-0.190735,12.5886
22,-0.166893,23.1589
22,-0.143051,19.5787
22,-0.119209,11.9408
22,-0.0953674,13.7287
22,-0.0715256,14.5926
22,-0.0476837,16.1633
22,-0.0238419,17.6898
22,0,18.7832
22,0.0238419,20.3307
22,0.0476837,16.4982
22,0.0715256,11.4359
22,0.0953674,8.56183
22,0.119209,8.30772
22,0.143051,8.8339
22,0.166893,6.84207
22,0.190735,6.5976
22,0.214577,5.20538
22,0.238419,5.40587
22,0.26226,4.98553
22,0.286102,5.03739
22,0.309944,5.32461
22,0.333786,4.8048
22,0.357628,2.6995
22,0.38147,2.33219
22,0.405312,2.25823
22,0.429153,2.26887
22,0.452995,2.22226
22,0.476837,1.55152
22,0.500679,1.53956
22,0.524521,1.75703
22,0.548363,1.93226
22,0.572205,1.38946
22,0.596046,1.49045
22,0.619888,4.32774
22,0.64373,6.83577
22,0.667572,2.58207
22,0.691414,2.38866
22,0.715256,1.8584
22,0.739098,1.56237
22,0.762939,1.20355
22,0.786781,2.06173
22,0.810623,1.11689
22,0.834465,1.24563
22,0.858307,1.0445
22,0.882149,1.00439
22,0.905991,0.897399
22,0.929832,1.02779
22,0.953674,1.25998
22,0.977516,1.2252
22,1.00136,0.839805
22,1.0252,1.18886
22,1.04904,1.06332
22,1.07288,0.825856
22,1.09673,0.783068
22,1.12057,0.815005
22,1.14441,1.00744
22,1.16825,0.73116
22,1.19209,0.721273
22,1.21593,0.758859
22,1.23978,0.804477
22,1.26362,0.742888
22,1.28746,0.728844
22,1.3113,0.76027
22,1.33514,0.778005
22,1.35899,0.667398
22,1.38283,0.663776
22,1.40667,0.679339
22,1.43051,0.701092
22,1.45435,0.663606
22,1.4782,0.641425
22,1.50204,0.655477
22,1.52588,0.69729
22,1.54972,0.769214
22,1.57356,0.650455
22,1.5974,0.641854
22,1.62125,0.666229
22,1.64509,0.770777
22,1.66893,0.668488
22,1.69277,0.659596
22,1.71661,0.722014
22,1.74046,0.772594
22,1.7643,0.663357
22,1.78814,0.638897
22,1.81198,0.66627
22,1.83582,0.675052
22,1.85966,0.63175
22,1.88351,0.632967
22,1.90735,0.653436
22,1.93119,0.684951
22,1.95503,0.642393
22,1.97887,0.624226
22,2.00272,0.625466
22,2.02656,0.654191
22,2.0504,0.686495
22,2.07424,0.643079
22,2.09808,0.637052
22,2.12193,0.671197
22,2.14577,0.795287
22,2.16961,0.637713
22,2.19345,0.636621
22,2.21729,0.664631
22,2.24113,0.713492
22,2.26498,0.668372
22,2.28882,0.645139
22,2.31266,0.688328
22,2.3365,0.69375
22,2.36034,0.623121
22,2.38419,0.620989
22,2.40803,0.64061
22,2.43187,0.652081
22,2.45571,0.629869
22,2.47955,0.616191
22,2.5034,0.627469
22,2.52724,0.675623
22,2.55108,0.734476
22,2.57492,0.629651
22,2.59876,0.628094
22,2.6226,0.660023
22,2.64645,0.768324
22,2.67029,0.645605
22,2.69413,0.652927
22,2.71797,0.713476
22,2.74181,0.786993
22,2.76566,0.666447
22,2.7895,0.656013
22,2.81334,0.690955
22,2.83718,0.694183
22,2.86102,0.646558
22,2.88486,0.63975
22,2.90871,0.674956
22,2.93255,0.715419
22,2.95639,0.658411
22,2.98023,0.638687
22,3.00407,0.643104
22,3.02792,0.746526
22,3.05176,0.751757
22,3.0756,0.657459
22,3.09944,0.67606
22,3.12328,0.762332
22,3.14713,1.01194
22,3.17097,0.689123
22,3.19481,0.685741
22,3.21865,0.747851
22,3.24249,0.874948
22,3.26633,0.773169
22,3.29018,0.755607
22,3.31402,0.817928
22,3.33786,0.809
22,3.3617,0.688394
22,3.38554,0.696431
22,3.40939,0.727943
22,3.43323,0.755991
22,3.45707,0.68859
22,3.48091,0.66934
22,3.50475,0.695102
22,3.52859,0.833997
22,3.55244,0.857739
22,3.57628,0.685583
22,3.60012,0.684104
22,3.62396,0.729397
22,3.6478,0.879668
22,3.67165,0.721511
22,3.69549,0.733759
22,3.71933,0.808039
22,3.74317,0.896883
22,3.76701,0.70239
22,3.79086,0.70412
22,3.8147,0.744073
22,3.83854,0.759478
22,3.86238,0.687897
22,3.88622,0.665935
22,3.91006,0.703302
22,3.93391,0.713635
22,3.95775,0.655012
22,3.98159,0.631697
22,4.00543,0.629593
22,4.02927,0.661313
22,4.05312,0.650365
22,4.07696,0.634543
22,4.1008,0.638425
22,4.12464,0.661189
22,4.14848,0.70885
22,4.17233,0.621017
22,4.19617,0.617422
22,4.22001,0.639711
22,4.24385,0.662026
22,4.26769,0.631248
22,4.29153,0.627069
22,4.31538,0.642542
22,4.33922,0.643185
22,4.36306,0.607336
22,4.3869,0.600321
22,4.41074,0.598686
22,4.43459,0.617021
22,4.45843,0.597721
22,4.48227,0.593822
22,4.50611,0.598183
22,4.52995,0.613409
22,4.55379,0.606799
22,4.57764,0.590801
22,4.60148,0.592241
22,4.62532,0.601886
22,4.64916,0.602561
22,4.673,0.587161
22,4.69685,0.588003
22,4.72069,0.603407
22,4.74453,0.608027
22,4.76837,0.581881
22,4.79221,0.592708
22,4.81606,0.603409
22,4.8399,0.593767
22,4.86374,0.582707
22,4.88758,0.58579
22,4.91142,0.589471
22,4.93526,0.594517
22,4.95911,0.587792
22,4.98295,0.579119
22,5.00679,0.576955
22,5.03063,0.582674
22,5.05447,0.586339
22,5.07832,0.582053
22,5.10216,0.59226
22,5.126,0.593309
22,5.14984,0.590679
22,5.17368,0.579766
22,5.19753,0.588796
22,5.22137,0.581411
22,5.24521,0.589998
22,5.26905,0.586796
22,5.29289,0.586204
22,5.31673,0.596058
22,5.34058,0.586895
22,5.36442,0.585945
22,5.38826,0.586963
22,5.4121,0.586959
22,5.43594,0.59011
22,5.45979,0.5883
22,5.48363,0.585101
22,5.50747,0.581093
22,5.53131,0.589095
22,5.55515,0.589334
22,5.57899,0.580429
22,5.60284,0.584739
22,5.62668,0.581418
22,5.65052,0.589888
22,5.67436,0.581612
22,5.6982,0.586806
22,5.72205,0.590291
22,5.74589,0.585106
22,5.76973,0.584803
22,5.79357,0.592798
22,5.81741,0.583344
22,5.84126,0.584816
22,5.8651,0.575435
22,5.88894,0.588696
22,5.91278,0.587522
22,5.93662,0.586399
22,5.96046,0.572831
22,5.98431,0.586151
22,6.00815,0.58085
22,6.03199,0.5903
22,6.05583,0.58899
22,6.07967,0.58007
22,6.10352,0.592342
22,6.12736,0.580678
22,6.1512,0.591793
22,6.17504,0.582622
22,6.19888,0.581192
22,6.22272,0.595447
22,6.24657,0.5859
22,6.27041,0.58538
22,6.29425,0.582183
22,6.31809,0.585745
22,6.34193,0.586963
22,6.36578,0.587573
22,6.38962,0.590075
22,6.41346,0.584255
22,6.4373,0.583691
22,6.46114,0.585213
22,6.48499,0.59066
22,6.50883,0.586059
22,6.53267,0.587356
22,6.55651,0.585913
22,6.58035,0.583963
22,6.60419,0.578907
22,6.62804,0.580956
22,6.65188,0.585143
22,6.67572,0.58067
22,6.69956,0.58747
22,6.7234,0.584617
22,6.74725,0.580386
22,6.77109,0.591784
22,6.79493,0.586407
22,6.81877,0.589808
22,6.84261,0.585752
22,6.86646,0.586989
22,6.8903,0.589601
22,6.91414,0.584752
22,6.93798,0.581272
22,6.96182,0.592702
22,6.98566,0.58472
22,7.00951,0.584755
22,7.03335,0.585668
22,7.05719,0.588813
22,7.08103,0.585525
22,7.10487,0.596707
22,7.12872,0.593773
22,7.15256,0.583818
22,7.1764,0.587122
22,7.20024,0.583111
22,7.22408,0.59048
22,7.24792,0.59133
22,7.27177,0.582793
22,7.29561,0.592872
22,7.31945,0.591377
22,7.34329,0.585297
22,7.36713,0.594542
22,7.39098,0.583024
22,7.41482,0.594035
22,7.43866,0.594669
22,7.4625,0.591694
22,7.48634,0.584148
22,7.51019,0.585878
22,7.53403,0.5984
22,7.55787,0.589093
22,7.58171,0.589535
22,7.60555,0.587967
22,7.62939,0.598255
22,7.65324,0.593682
22,7.67708,0.588129
22,7.70092,0.592467
22,7.72476,0.595725
22,7.7486,0.602286
22,7.77245,0.587736
22,7.79629,0.581452
22,7.82013,0.597041
22,7.84397,0.587869
22,7.86781,0.591479
22,7.89165,0.590256
22,7.9155,0.597531
22,7.93934,0.595478
22,7.96318,0.595801
22,7.98702,0.606303
22,8.01086,0.588042
22,8.03471,0.59687
22,8.05855,0.588612
22,8.08239,0.593268
22,8.10623,0.591203
22,8.13007,0.584991
22,8.15392,0.584104
22,8.17776,0.588296
22,8.2016,0.58812
22,8.22544,0.597383
22,8.24928,0.591584
22,8.27312,0.599793
22,8.29697,0.588472
22,8.32081,0.591671
22,8.34465,0.584862
22,8.36849,0.587458
22,8.39233,0.591226
22,8.41618,0.588868
22,8.44002,0.593595
22,8.46386,0.596882
22,8.4877,0.588274
22,8.51154,0.590878
22,8.53539,0.592348
22,8.55923,0.592809
22,8.58307,0.598017
22,8.60691,0.595973
22,8.63075,0.586863
22,8.65459,0.593151
22,8.67844,0.597793
22,8.70228,0.603579
22,8.72612,0.593332
22,8.74996,0.594266
22,8.7738,0.588288
22,8.79765,0.589383
22,8.82149,0.59293
22,8.84533,0.592648
22,8.86917,0.590128
22,8.89301,0.599484
22,8.91685,0.59972
22,8.9407,0.591063
22,8.96454,0.596191
22,8.98838,0.593785
22,9.01222,0.600063
22,9.03606,0.597879
22,9.05991,0.600216
22,9.08375,0.593051
22,9.10759,0.589794
22,9.13143,0.59779
22,9.15527,0.592967
22,9.17912,0.592711
22,9.20296,0.598192
22,9.2268,0.587707
22,9.25064,0.593812
22,9.27448,0.592457
22,9.29832,0.593946
22,9.32217,0.599995
22,9.34601,0.597189
22,9.36985,0.601781
22,9.39369,0.592676
22,9.41753,0.599452
22,9.44138,0.596821
22,9.46522,0.596319
22,9.48906,0.596144
22,9.5129,0.608651
22,9.53674,0.601382
22,9.56059,0.599463
22,9.58443,0.596284
22,9.60827,0.598272
22,9.63211,0.595706
22,9.65595,0.59803
22,9.67979,0.604941
22,9.70364,0.598973
22,9.72748,0.60021
22,9.75132,0.597338
22,9.77516,0.596241
22,9.799,0.594212
22,9.82285,0.602648
22,9.84669,0.606403
22,9.87053,0.596752
22,9.89437,0.595531
22,9.91821,0.598817
22,9.94205,0.595926
22,9.9659,0.59902
22,9.98974,0.594519
22,10.0136,0.610811
22,10.0374,0.606488
22,10.0613,0.594046
22,10.0851,0.603986
22,10.1089,0.597497
22,10.1328,0.594305
22,10.1566,0.590621
22,10.1805,0.589219
22,10.2043,0.596851
22,10.2282,0.59679
22,10.252,0.60248
22,10.2758,0.599482
22,10.2997,0.602042
22,10.3235,0.59489
22,10.3474,0.60091
22,10.3712,0.595844
22,10.3951,0.600212
22,10.4189,0.598083
22,10.4427,0.602197
22,10.4666,0.609465
22,10.4904,0.597352
22,10.5143,0.610165
22,10.5381,0.594478
22,10.5619,0.606536
22,10.5858,0.598525
22,10.6096,0.596788
22,10.6335,0.600891
22,10.6573,0.59615
22,10.6812,0.598411
22,10.705,0.597875
22,10.7288,0.602478
22,10.7527,0.599409
22,10.7765,0.596023
22,10.8004,0.59559
22,10.8242,0.590381
22,10.848,0.599121
22,10.8719,0.602711
22,10.8957,0.603733
22,10.9196,0.599934
22,10.9434,0.602091
22,10.9673,0.598916
22,10.9911,0.604332
22,11.0149,0.604144
22,11.0388,0.600066
22,11.0626,0.604119
22,11.0865,0.607954
22,11.1103,0.610761
22,11.1341,0.611027
22,11.158,0.607638
22,11.1818,0.601275
22,11.2057,0.600525
22,11.2295,0.602575
22,11.2534,0.603058
22,11.2772,0.60193
22,11.301,0.603119
22,11.3249,0.599896
22,11.3487,0.604369
22,11.3726,0.61235
22,11.3964,0.607635
22,11.4202,0.59711
22,11.4441,0.602207
22,11.4679,0.602771
22,11.4918,0.601786
22,11.5156,0.603592
22,11.5395,0.609738
22,11.5633,0.593193
22,11.5871,0.606748
22,11.611,0.599233
22,11.6348,0.604233
22,11.6587,0.598631
22,11.6825,0.603481
22,11.7064,0.598763
22,11.7302,0.600167
22,11.754,0.596859
22,11.7779,0.603611
22,11.8017,0.60685
22,11.8256,0.608672
22,11.8494,0.602577
22,11.8732,0.606148
22,11.8971,0.605082
22,11.9209,0.604882
22,11.9448,0.606936
22,11.9686,0.60643
22,11.9925,0.594466
22,12.0163,0.60651
22,12.0401,0.598199
22,12.064,0.610977
22,12.0878,0.606168
22,12.1117,0.608761
22,12.1355,0.599417
22,12.1593,0.600414
22,12.1832,0.598447
22,12.207,0.604991
22,12.2309,0.603219
22,12.2547,0.605363
22,12.2786,0.602879
22,12.3024,0.612582
22,12.3262,0.610183
22,12.3501,0.606542
22,12.3739,0.612503
22,12.3978,0.61024
22,12.4216,0.609499
22,12.4454,0.603727
22,12.4693,0.606899
22,12.4931,0.607969
22,12.517,0.609198
22,12.5408,0.602229
22,12.5647,0.605858
22,12.5885,0.608963
22,12.6123,0.603477
22,12.6362,0.603673
22,12.66,0.616948
22,12.6839,0.601298
22,12.7077,0.608428
22,12.7316,0.610394
22,12.7554,0.601639
22,12.7792,0.611028
22,12.8031,0.607786
22,12.8269,0.610757
22,12.8508,0.620485
22,12.8746,0.600775
22,12.8984,0.610176
22,12.9223,0.607406
22,12.9461,0.613183
22,12.97,0.614732
22,12.9938,0.601145
22,13.0177,0.613262
22,13.0415,0.608133
22,13.0653,0.606015
22,13.0892,0.613973
22,13.113,0.612161
22,13.1369,0.620428
22,13.1607,0.617758
22,13.1845,0.614437
22,13.2084,0.60736
22,13.2322,0.609866
22,13.2561,0.615206
22,13.2799,0.605733
22,13.3038,0.607031
22,13.3276,0.607304
22,13.3514,0.613943
22,13.3753,0.612693
22,13.3991,0.613715
22,13.423,0.616805
22,13.4468,0.599061
22,13.4706,0.614004
22,13.4945,0.614671
22,13.5183,0.609934
22,13.5422,0.609589
22,13.566,0.62
22,13.5899,0.614048
22,13.6137,0.610797
22,13.6375,0.602588
22,13.6614,0.610021
22,13.6852,0.609323
22,13.7091,0.612918
22,13.7329,0.604376
22,13.7568,0.611417
22,13.7806,0.607547
22,13.8044,0.617994
22,13.8283,0.614946
22,13.8521,0.616097
22,13.876,0.611766
22,13.8998,0.610509
22,13.9236,0.6103
22,13.9475,0.607483
22,13.9713,0.609428
22,13.9952,0.612511
22,14.019,0.606916
22,14.0429,0.612858
22,14.0667,0.606704
22,14.0905,0.614694
22,14.1144,0.603881
22,14.1382,0.611698
22,14.1621,0.612387
22,14.1859,0.614103
22,14.2097,0.618466
22,14.2336,0.612462
22,14.2574,0.608424
22,14.2813,0.603248
22,14.3051,0.613881
22,14.329,0.610421
22,14.3528,0.612655
22,14.3766,0.621932
22,14.4005,0.61323
22,14.4243,0.609934
22,14.4482,0.615638
22,14.472,0.615053
22,14.4958,0.609861
22,14.5197,0.623297
22,14.5435,0.614012
22,14.5674,0.6166
22,14.5912,0.614957
22,14.6151,0.613917
22,14.6389,0.622141
22,14.6627,0.61016
22,14.6866,0.609112
22,14.7104,0.610303
22,14.7343,0.610828
22,14.7581,0.61693
22,14.782,0.609525
22,14.8058,0.62043
22,14.8296,0.616584
22,14.8535,0.616444
22,14.8773,0.61288
22,14.9012,0.612375
22,14.925,0.609427
22,14.9488,0.615457
22,14.9727,0.61422
22,14.9965,0.617089
21,-14.9965,-2.21897
21,-14.9727,-2.22265
21,-14.9488,-2.21491
21,-14.925,-2.22325
21,-14.9012,-2.21803
21,-14.8773,-2.21712
21,-14.8535,-2.22278
21,-14.8296,-2.23134
21,-14.8058,-2.22349
21,-14.782,-2.21701
21,-14.7581,-2.22431
21,-14.7343,-2.21728
21,-14.7104,-2.21655
21,-14.6866,-2.22159
21,-14.6627,-2.22374
21,-14.6389,-2.22926
21,-14.6151,-2.22758
21,-14.5912,-2.21878
21,-14.5674,-2.2271
21,-14.5435,-2.21701
21,-14.5197,-2.22652
21,-14.4958,-2.22255
21,-14.472,-2.22825
21,-14.4482,-2.2258
21,-14.4243,-2.22802
21,-14.4005,-2.22306
21,-14.3766,-2.22064
21,-14.3528,-2.22339
21,-14.329,-2.22933
21,-14.3051,-2.22198
21,-14.2813,-2.22537
21,-14.2574,-2.23054
21,-14.2336,-2.22456
21,-14.2097,-2.22376
21,-14.1859,-2.2278
21,-14.1621,-2.22704
21,-14.1382,-2.2232
21,-14.1144,-2.22866
21,-14.0905,-2.22965
21,-14.0667,-2.22691
21,-14.0429,-2.2323
21,-14.019,-2.22986
21,-13.9952,-2.23713
21,-13.9713,-2.23551
21,-13.9475,-2.22835
21,-13.9236,-2.23089
21,-13.8998,-2.23327
21,-13.876,-2.22731
21,-13.8521,-2.23115
21,-13.8283,-2.23121
21,-13.8044,-2.23773
21,-13.7806,-2.23715
21,-13.7568,-2.22799
21,-13.7329,-2.22861
21,-13.7091,-2.23064
21,-13.6852,-2.23193
21,-13.6614,-2.22771
21,-13.6375,-2.23497
21,-13.6137,-2.24057
21,-13.5899,-2.23338
21,-13.566,-2.23393
21,-13.5422,-2.24019
21,-13.5183,-2.22608
21,-13.4945,-2.23538
21,-13.4706,-2.23719
21,-13.4468,-2.22894
21,-13.423,-2.23567
21,-13.3991,-2.23597
21,-13.3753,-2.23611
21,-13.3514,-2.24101
21,-13.3276,-2.2323
21,-13.3038,-2.23939
21,-13.2799,-2.23329
21,-13.2561,-2.23782
21,-13.2322,-2.23325
21,-13.2084,-2.23523
21,-13.1845,-2.23391
21,-13.1607,-2.23826
21,-13.1369,-2.2401
21,-13.113,-2.24186
21,-13.0892,-2.23775
21,-13.0653,-2.23539
21,-13.0415,-2.23278
21,-13.0177,-2.23392
21,-12.9938,-2.23699
21,-12.97,-2.23723
21,-12.9461,-2.23961
21,-12.9223,-2.23878
21,-12.8984,-2.2405
21,-12.8746,-2.23382
21,-12.8508,-2.23959
21,-12.8269,-2.23495
21,-12.8031,-2.24141
21,-12.7792,-2.23945
21,-12.7554,-2.2398
21,-12.7316,-2.24158
21,-12.7077,-2.24284
21,-12.6839,-2.24224
21,-12.66,-2.24515
21,-12.6362,-2.24732
21,-12.6123,-2.24103
21,-12.5885,-2.23944
21,-12.5647,-2.24303
21,-12.5408,-2.23924
21,-12.517,-2.23996
21,-12.4931,-2.23947
21,-12.4693,-2.2458
21,-12.4454,-2.24144
21,-12.4216,-2.2372
21,-12.3978,-2.23798
21,-12.3739,-2.24307
21,-12.3501,-2.24882
21,-12.3262,-2.24336
21,-12.3024,-2.24379
21,-12.2786,-2.24313
21,-12.2547,-2.24436
21,-12.2309,-2.25159
21,-12.207,-2.24003
21,-12.1832,-2.24062
21,-12.1593,-2.24785
21,-12.1355,-2.24306
21,-12.1117,-2.23863
21,-12.0878,-2.25068
21,-12.064,-2.24659
21,-12.0401,-2.23827
21,-12.0163,-2.24457
21,-11.9925,-2.24493
21,-11.9686,-2.241
21,-11.9448,-2.24802
21,-11.9209,-2.24322
21,-11.8971,-2.24111
21,-11.8732,-2.24433
21,-11.8494,-2.25301
21,-11.8256,-2.23777
21,-11.8017,-2.25706
21,-11.7779,-2.25362
21,-11.754,-2.24844
21,-11.7302,-2.24428
21,-11.7064,-2.24536
21,-11.6825,-2.24549
21,-11.6587,-2.24419
21,-11.6348,-2.24761
21,-11.611,-2.24777
21,-11.5871,-2.24452
21,-11.5633,-2.24979
21,-11.5395,-2.2453
21,-11.5156,-2.24954
21,-11.4918,-2.25382
21,-11.4679,-2.24961
21,-11.4441,-2.25268
21,-11.4202,-2.24892
21,-11.3964,-2.25447
21,-11.3726,-2.25013
21,-11.3487,-2.25365
21,-11.3249,-2.25209
21,-11.301,-2.25171
21,-11.2772,-2.25298
21,-11.2534,-2.24696
21,-11.2295,-2.25126
21,-11.2057,-2.25079
21,-11.1818,-2.25069
21,-11.158,-2.24888
21,-11.1341,-2.24433
21,-11.1103,-2.2505
21,-11.0865,-2.24752
21,-11.0626,-2.2534
21,-11.0388,-2.25303
21,-11.0149,-2.24845
21,-10.9911,-2.25244
21,-10.9673,-2.2549
21,-10.9434,-2.2482
21,-10.9196,-2.25312
21,-10.8957,-2.24793
21,-10.8719,-2.24901
21,-10.848,-2.25948
21,-10.8242,-2.25688
21,-10.8004,-2.2555
21,-10.7765,-2.25799
21,-10.7527,-2.25125
21,-10.7288,-2.26397
21,-10.705,-2.25644
21,-10.6812,-2.25349
21,-10.6573,-2.25673
21,-10.6335,-2.25834
21,-10.6096,-2.25241
21,-10.5858,-2.25554
21,-10.5619,-2.24956
21,-10.5381,-2.25488
21,-10.5143,-2.25797
21,-10.4904,-2.25889
21,-10.4666,-2.25205
21,-10.4427,-2.25826
21,-10.4189,-2.25728
21,-10.3951,-2.25648
21,-10.3712,-2.25817
21,-10.3474,-2.25159
21,-10.3235,-2.2605
21,-10.2997,-2.25945
21,-10.2758,-2.25781
21,-10.252,-2.25741
21,-10.2282,-2.26177
21,-10.2043,-2.26229
21,-10.1805,-2.25919
21,-10.1566,-2.25707
21,-10.1328,-2.25984
21,-10.1089,-2.25104
21,-10.0851,-2.25777
21,-10.0613,-2.26241
21,-10.0374,-2.25341
21,-10.0136,-2.26664
21,-9.98974,-2.25875
21,-9.9659,-2.25548
21,-9.94205,-2.25269
21,-9.91821,-2.2659
21,-9.89437,-2.25267
21,-9.87053,-2.25767
21,-9.84669,-2.25574
21,-9.82285,-2.2562
21,-9.799,-2.25688
21,-9.77516,-2.26389
21,-9.75132,-2.25763
21,-9.72748,-2.25799
21,-9.70364,-2.26028
21,-9.67979,-2.26274
21,-9.65595,-2.26277
21,-9.63211,-2.25994
21,-9.60827,-2.25659
21,-9.58443,-2.25799
21,-9.56059,-2.26113
21,-9.53674,-2.26196
21,-9.5129,-2.26367
21,-9.48906,-2.25844
21,-9.46522,-2.2549
21,-9.44138,-2.25941
21,-9.41753,-2.26397
21,-9.39369,-2.26252
21,-9.36985,-2.26347
21,-9.34601,-2.26261
21,-9.32217,-2.26028
21,-9.29832,-2.25718
21,-9.27448,-2.2557
21,-9.25064,-2.26342
21,-9.2268,-2.26918
21,-9.20296,-2.2498
21,-9.17912,-2.26063
21,-9.15527,-2.25943
21,-9.13143,-2.26225
21,-9.10759,-2.26265
21,-9.08375,-2.26935
21,-9.05991,-2.26966
21,-9.03606,-2.26272
21,-9.01222,-2.25857
21,-8.98838,-2.26702
21,-8.96454,-2.26175
21,-8.9407,-2.2597
21,-8.91685,-2.26411
21,-8.89301,-2.26976
21,-8.86917,-2.26372
21,-8.84533,-2.2702
21,-8.82149,-2.26303
21,-8.79765,-2.26644
21,-8.7738,-2.26738
21,-8.74996,-2.26526
21,-8.72612,-2.26373
21,-8.70228,-2.25886
21,-8.67844,-2.25894
21,-8.65459,-2.26773
21,-8.63075,-2.25936
21,-8.60691,-2.25822
21,-8.58307,-2.26243
21,-8.55923,-2.27167
21,-8.53539,-2.26313
21,-8.51154,-2.2572
21,-8.4877,-2.2667
21,-8.46386,-2.26958
21,-8.44002,-2.26933
21,-8.41618,-2.27024
21,-8.39233,-2.26191
21,-8.36849,-2.26276
21,-8.34465,-2.26481
21,-8.32081,-2.26647
21,-8.29697,-2.26848
21,-8.27312,-2.26681
21,-8.24928,-2.26878
21,-8.22544,-2.26107
21,-8.2016,-2.26565
21,-8.17776,-2.26861
21,-8.15392,-2.26554
21,-8.13007,-2.27049
21,-8.10623,-2.27126
21,-8.08239,-2.2638
21,-8.05855,-2.26818
21,-8.03471,-2.2621
21,-8.01086,-2.26704
21,-7.98702,-2.26225
21,-7.96318,-2.2611
21,-7.93934,-2.26861
21,-7.9155,-2.26427
21,-7.89165,-2.27596
21,-7.86781,-2.26997
21,-7.84397,-2.26409
21,-7.82013,-2.26499
21,-7.79629,-2.26877
21,-7.77245,-2.27132
21,-7.7486,-2.26507
21,-7.72476,-2.2662
21,-7.70092,-2.26639
21,-7.67708,-2.26847
21,-7.65324,-2.26312
21,-7.62939,-2.2725
21,-7.60555,-2.26639
21,-7.58171,-2.2685
21,-7.55787,-2.26326
21,-7.53403,-2.26927
21,-7.51019,-2.2649
21,-7.48634,-2.26982
21,-7.4625,-2.27581
21,-7.43866,-2.26898
21,-7.41482,-2.27239
21,-7.39098,-2.26342
21,-7.36713,-2.2611
21,-7.34329,-2.26615
21,-7.31945,-2.27039
21,-7.29561,-2.27218
21,-7.27177,-2.2609
21,-7.24792,-2.26584
21,-7.22408,-2.27115
21,-7.20024,-2.27063
21,-7.1764,-2.26376
21,-7.15256,-2.264
21,-7.12872,-2.2677
21,-7.10487,-2.27439
21,-7.08103,-2.27082
21,-7.05719,-2.27145
21,-7.03335,-2.27158
21,-7.00951,-2.26252
21,-6.98566,-2.26534
21,-6.96182,-2.27225
21,-6.93798,-2.27162
21,-6.91414,-2.27343
21,-6.8903,-2.2721
21,-6.86646,-2.26781
21,-6.84261,-2.26548
21,-6.81877,-2.27877
21,-6.79493,-2.26701
21,-6.77109,-2.27345
21,-6.74725,-2.26546
21,-6.7234,-2.2776
21,-6.69956,-2.26596
21,-6.67572,-2.2694
21,-6.65188,-2.27101
21,-6.62804,-2.27226
21,-6.60419,-2.27008
21,-6.58035,-2.26556
21,-6.55651,-2.27522
21,-6.53267,-2.26906
21,-6.50883,-2.27502
21,-6.48499,-2.27215
21,-6.46114,-2.27475
21,-6.4373,-2.27304
21,-6.41346,-2.27255
21,-6.38962,-2.27047
21,-6.36578,-2.26286
21,-6.34193,-2.27314
21,-6.31809,-2.27045
21,-6.29425,-2.27822
21,-6.27041,-2.26998
21,-6.24657,-2.2708
21,-6.22272,-2.27111
21,-6.19888,-2.26702
21,-6.17504,-2.27841
21,-6.1512,-2.26859
21,-6.12736,-2.26892
21,-6.10352,-2.26846
21,-6.07967,-2.2702
21,-6.05583,-2.27434
21,-6.03199,-2.27309
21,-6.00815,-2.26947
21,-5.98431,-2.27562
21,-5.96046,-2.27243
21,-5.93662,-2.27356
21,-5.91278,-2.26919
21,-5.88894,-2.27092
21,-5.8651,-2.27916
21,-5.84126,-2.26641
21,-5.81741,-2.26958
21,-5.79357,-2.27038
21,-5.76973,-2.27222
21,-5.74589,-2.27428
21,-5.72205,-2.27014
21,-5.6982,-2.26928
21,-5.67436,-2.27097
21,-5.65052,-2.28158
21,-5.62668,-2.26824
21,-5.60284,-2.27463
21,-5.57899,-2.2756
21,-5.55515,-2.26542
21,-5.53131,-2.26691
21,-5.50747,-2.27213
21,-5.48363,-2.27163
21,-5.45979,-2.26994
21,-5.43594,-2.27285
21,-5.4121,-2.27162
21,-5.38826,-2.27446
21,-5.36442,-2.26908
21,-5.34058,-2.27898
21,-5.31673,-2.26955
21,-5.29289,-2.27284
21,-5.26905,-2.2731
21,-5.24521,-2.27229
21,-5.22137,-2.27128
21,-5.19753,-2.27445
21,-5.17368,-2.27217
21,-5.14984,-2.26981
21,-5.126,-2.27256
21,-5.10216,-2.26516
21,-5.07832,-2.27354
21,-5.05447,-2.26911
21,-5.03063,-2.27865
21,-5.00679,-2.27115
21,-4.98295,-2.27085
21,-4.95911,-2.27694
21,-4.93526,-2.27869
21,-4.91142,-2.27134
21,-4.88758,-2.26984
21,-4.86374,-2.27336
21,-4.8399,-2.27396
21,-4.81606,-2.26909
21,-4.79221,-2.26958
21,-4.76837,-2.27247
21,-4.74453,-2.25822
21,-4.72069,-2.2676
21,-4.69685,-2.2709
21,-4.673,-2.27107
21,-4.64916,-2.27561
21,-4.62532,-2.27096
21,-4.60148,-2.26941
21,-4.57764,-2.27275
21,-4.55379,-2.27025
21,-4.52995,-2.27508
21,-4.50611,-2.26542
21,-4.48227,-2.27198
21,-4.45843,-2.26315
21,-4.43459,-2.26489
21,-4.41074,-2.2687
21,-4.3869,-2.26197
21,-4.36306,-2.26905
21,-4.33922,-2.26246
21,-4.31538,-2.27102
21,-4.29153,-2.26885
21,-4.26769,-2.26468
21,-4.24385,-2.26466
21,-4.22001,-2.26406
21,-4.19617,-2.2651
21,-4.17233,-2.26457
21,-4.14848,-2.27377
21,-4.12464,-2.26451
21,-4.1008,-2.26177
21,-4.07696,-2.27182
21,-4.05312,-2.26645
21,-4.02927,-2.26338
21,-4.00543,-2.27014
21,-3.98159,-2.26656
21,-3.95775,-2.25791
21,-3.93391,-2.26937
21,-3.91006,-2.26534
21,-3.88622,-2.26875
21,-3.86238,-2.26353
21,-3.83854,-2.26074
21,-3.8147,-2.26391
21,-3.79086,-2.26705
21,-3.76701,-2.26371
21,-3.74317,-2.25507
21,-3.71933,-2.26578
21,-3.69549,-2.26239
21,-3.67165,-2.26184
21,-3.6478,-2.26469
21,-3.62396,-2.25758
21,-3.60012,-2.26386
21,-3.57628,-2.26942
21,-3.55244,-2.26284
21,-3.52859,-2.27174
21,-3.50475,-2.26335
21,-3.48091,-2.26835
21,-3.45707,-2.25689
21,-3.43323,-2.26968
21,-3.40939,-2.26963
21,-3.38554,-2.26681
21,-3.3617,-2.26546
21,-3.33786,-2.26909
21,-3.31402,-2.26513
21,-3.29018,-2.26351
21,-3.26633,-2.26172
21,-3.24249,-2.26415
21,-3.21865,-2.26189
21,-3.19481,-2.26911
21,-3.17097,-2.27128
21,-3.14713,-2.26879
21,-3.12328,-2.26518
21,-3.09944,-2.26786
21,-3.0756,-2.26702
21,-3.05176,-2.2641
21,-3.02792,-2.2635
21,-3.00407,-2.26871
21,-2.98023,-2.26582
21,-2.95639,-2.26439
21,-2.93255,-2.26701
21,-2.90871,-2.26975
21,-2.88486,-2.2686
21,-2.86102,-2.26114
21,-2.83718,-2.26918
21,-2.81334,-2.26717
21,-2.7895,-2.26679
21,-2.76566,-2.26413
21,-2.74181,-2.26857
21,-2.71797,-2.26231
21,-2.69413,-2.266
21,-2.67029,-2.26638
21,-2.64645,-2.26698
21,-2.6226,-2.27082
21,-2.59876,-2.26793
21,-2.57492,-2.26635
21,-2.55108,-2.26571
21,-2.52724,-2.26873
21,-2.5034,-2.26937
21,-2.47955,-2.26076
21,-2.45571,-2.26804
21,-2.43187,-2.26425
21,-2.40803,-2.26671
21,-2.38419,-2.26293
21,-2.36034,-2.26212
21,-2.3365,-2.2596
21,-2.31266,-2.26072
21,-2.28882,-2.2651
21,-2.26498,-2.26117
21,-2.24113,-2.26609
21,-2.21729,-2.26215
21,-2.19345,-2.26999
21,-2.16961,-2.26148
21,-2.14577,-2.26293
21,-2.12193,-2.26091
21,-2.09808,-2.25936
21,-2.07424,-2.25746
21,-2.0504,-2.26536
21,-2.02656,-2.26664
21,-2.00272,-2.26502
21,-1.97887,-2.25988
21,-1.95503,-2.25994
21,-1.93119,-2.26635
21,-1.90735,-2.25999
21,-1.88351,-2.25815
21,-1.85966,-2.26498
21,-1.83582,-2.26351
21,-1.81198,-2.25649
21,-1.78814,-2.2592
21,-1.7643,-2.25794
21,-1.74046,-2.25749
21,-1.71661,-2.26195
21,-1.69277,-2.25624
21,-1.66893,-2.26033
21,-1.64509,-2.26373
21,-1.62125,-2.26181
21,-1.5974,-2.25994
21,-1.57356,-2.26027
21,-1.54972,-2.26657
21,-1.52588,-2.25843
21,-1.50204,-2.26142
21,-1.4782,-2.26416
21,-1.45435,-2.25495
21,-1.43051,-2.25412
21,-1.40667,-2.25892
21,-1.38283,-2.26007
21,-1.35899,-2.25987
21,-1.33514,-2.25093
21,-1.3113,-2.25166
21,-1.28746,-2.2522
21,-1.26362,-2.24771
21,-1.23978,-2.24827
21,-1.21593,-2.25664
21,-1.19209,-2.25751
21,-1.16825,-2.25884
21,-1.14441,-2.25895
21,-1.12057,-2.26073
21,-1.09673,-2.25659
21,-1.07288,-2.25163
21,-1.04904,-2.2501
21,-1.0252,-2.25039
21,-1.00136,-2.2489
21,-0.977516,-2.24563
21,-0.953674,-2.23665
21,-0.929832,-2.24534
21,-0.905991,-2.23783
21,-0.882149,-2.23084
21,-0.858307,-2.22862
21,-0.834465,-2.22267
21,-0.810623,-2.21765
21,-0.786781,-2.20566
21,-0.762939,-2.21099
21,-0.739098,-2.19464
21,-0.715256,-2.20553
21,-0.691414,-2.199
21,-0.667572,-2.17994
21,-0.64373,-2.17158
21,-0.619888,-2.15281
21,-0.596046,-2.096
21,-0.572205,-1.7746
21,-0.548363,-1.54873
21,-0.524521,-1.7289
21,-0.500679,-1.69353
21,-0.476837,-1.20306
21,-0.452995,-1.84545
21,-0.429153,-1.63942
21,-0.405312,-1.39636
21,-0.38147,-1.70535
21,-0.357628,-1.17686
21,-0.333786,-0.960483
21,-0.309944,-1.10299
21,-0.286102,-0.523515
21,-0.26226,3.66565
21,-0.238419,-1.28095
21,-0.214577,0.198015
21,-0.190735,-0.0907071
21,-0.166893,1.94052
21,-0.143051,4.99042
21,-0.119209,2.20878
21,-0.0953674,0.0309749
21,-0.0715256,-0.0510368
21,-0.0476837,1.23182
21,-0.0238419,1.77471
21,0,3.65646
21,0.0238419,1.29781
21,0.0476837,2.17258
21,0.0715256,1.75055
21,0.0953674,-0.530003
21,0.119209,0.569328
21,0.143051,-1.35564
21,0.166893,-1.48825
21,0.190735,-1.80891
21,0.214577,-1.83338
21,0.238419,-1.78697
21,0.26226,-1.85788
21,0.286102,-1.98793
21,0.309944,-1.99239
21,0.333786,-1.93969
21,0.357628,-2.02643
21,0.38147,-2.086
21,0.405312,-2.12575
21,0.429153,-2.15621
21,0.452995,-2.18653
21,0.476837,-2.19509
21,0.500679,-2.20568
21,0.524521,-2.19896
21,0.548363,-2.1889
21,0.572205,-2.21318
21,0.596046,-2.20864
21,0.619888,-2.22606
21,0.64373,-2.19197
21,0.667572,-2.21988
21,0.691414,-2.22112
21,0.715256,-2.22325
21,0.739098,-2.22682
21,0.762939,-2.21315
21,0.786781,-2.23041
21,0.810623,-2.24114
21,0.834465,-2.24169
21,0.858307,-2.23696
21,0.882149,-2.24531
21,0.905991,-2.23877
21,0.929832,-2.23587
21,0.953674,-2.07378
21,0.977516,-2.22381
21,1.00136,-2.2204
21,1.0252,-2.23526
21,1.04904,-2.24047
21,1.07288,-2.2391
21,1.09673,-2.2403
21,1.12057,-2.24503
21,1.14441,-2.24508
21,1.16825,-2.22532
21,1.19209,-2.23109
21,1.21593,-2.24899
21,1.23978,-2.24611
21,1.26362,-2.24799
21,1.28746,-2.24562
21,1.3113,-2.24706
21,1.33514,-2.24593
21,1.35899,-2.24286
21,1.38283,-2.24653
21,1.40667,-2.24324
21,1.43051,-2.25102
21,1.45435,-2.24951
21,1.4782,-2.24009
21,1.50204,-2.24251
21,1.52588,-2.24644
21,1.54972,-2.24197
21,1.57356,-2.24621
21,1.5974,-2.24303
21,1.62125,-2.2423
21,1.64509,-2.24301
21,1.66893,-2.24799
21,1.69277,-2.2438
21,1.71661,-2.2423
21,1.74046,-2.24149
21,1.7643,-2.24415
21,1.78814,-2.24552
21,1.81198,-2.23874
21,1.83582,-2.25261
21,1.85966,-2.24662
21,1.88351,-2.24362
21,1.90735,-2.24094
21,1.93119,-2.24024
21,1.95503,-2.24639
21,1.97887,-2.25367
21,2.00272,-2.24388
21,2.02656,-2.24458
21,2.0504,-2.24316
21,2.07424,-2.24549
21,2.09808,-2.24564
21,2.12193,-2.24503
21,2.14577,-2.23373
21,2.16961,-2.23721
21,2.19345,-2.23412
21,2.21729,-2.23851
21,2.24113,-2.24292
21,2.26498,-2.23135
21,2.28882,-2.24742
21,2.31266,-2.23583
21,2.3365,-2.23788
21,2.36034,-2.23898
21,2.38419,-2.24496
21,2.40803,-2.2403
21,2.43187,-2.236
21,2.45571,-2.23992
21,2.47955,-2.24374
21,2.5034,-2.24236
21,2.52724,-2.24585
21,2.55108,-2.23321
21,2.57492,-2.23614
21,2.59876,-2.23994
21,2.6226,-2.2364
21,2.64645,-2.23053
21,2.67029,-2.23825
21,2.69413,-2.23573
21,2.71797,-2.23704
21,2.74181,-2.24095
21,2.76566,-2.23364
21,2.7895,-2.23838
21,2.81334,-2.23295
21,2.83718,-2.24158
21,2.86102,-2.23541
21,2.88486,-2.23983
21,2.90871,-2.23254
21,2.93255,-2.2325
21,2.95639,-2.23923
21,2.98023,-2.23772
21,3.00407,-2.23229
21,3.02792,-2.23298
21,3.05176,-2.23497
21,3.0756,-2.23653
21,3.09944,-2.23388
21,3.12328,-2.23258
21,3.14713,-2.22098
21,3.17097,-2.22967
21,3.19481,-2.23501
21,3.21865,-2.22788
21,3.24249,-2.23043
21,3.26633,-2.22937
21,3.29018,-2.22238
21,3.31402,-2.23335
21,3.33786,-2.22433
21,3.3617,-2.22998
21,3.38554,-2.23315
21,3.40939,-2.23159
21,3.43323,-2.22474
21,3.45707,-2.22799
21,3.48091,-2.22842
21,3.50475,-2.22778
21,3.52859,-2.22037
21,3.55244,-2.22922
21,3.57628,-2.22557
21,3.60012,-2.23328
21,3.62396,-2.23029
21,3.6478,-2.22898
21,3.67165,-2.22507
21,3.69549,-2.22961
21,3.71933,-2.23169
21,3.74317,-2.22887
21,3.76701,-2.22493
21,3.79086,-2.23077
21,3.8147,-2.22726
21,3.83854,-2.22603
21,3.86238,-2.23509
21,3.88622,-2.22876
21,3.91006,-2.22466
21,3.93391,-2.2288
21,3.95775,-2.2273
21,3.98159,-2.22872
21,4.00543,-2.22899
21,4.02927,-2.23214
21,4.05312,-2.2307
21,4.07696,-2.22312
21,4.1008,-2.22981
21,4.12464,-2.2295
21,4.14848,-2.22926
21,4.17233,-2.2345
21,4.19617,-2.23101
21,4.22001,-2.22449
21,4.24385,-2.23225
21,4.26769,-2.22776
21,4.29153,-2.22426
21,4.31538,-2.22368
21,4.33922,-2.22228
21,4.36306,-2.22237
21,4.3869,-2.22396
21,4.41074,-2.22053
21,4.43459,-2.22458
21,4.45843,-2.22742
21,4.48227,-2.22795
21,4.50611,-2.22621
21,4.52995,-2.2306
21,4.55379,-2.23036
21,4.57764,-2.21711
21,4.60148,-2.22981
21,4.62532,-2.22444
21,4.64916,-2.22115
21,4.673,-2.22403
21,4.69685,-2.22894
21,4.72069,-2.22712
21,4.74453,-2.22374
21,4.76837,-2.22231
21,4.79221,-2.21823
21,4.81606,-2.21985
21,4.8399,-2.22667
21,4.86374,-2.22421
21,4.88758,-2.22183
21,4.91142,-2.22888
21,4.93526,-2.22499
21,4.95911,-2.2177
21,4.98295,-2.22561
21,5.00679,-2.22548
21,5.03063,-2.22025
21,5.05447,-2.21949
21,5.07832,-2.22449
21,5.10216,-2.22242
21,5.126,-2.21614
21,5.14984,-2.21987
21,5.17368,-2.22187
21,5.19753,-2.21337
21,5.22137,-2.22631
21,5.24521,-2.21795
21,5.26905,-2.21855
21,5.29289,-2.21834
21,5.31673,-2.21914
21,5.34058,-2.21215
21,5.36442,-2.22315
21,5.38826,-2.22238
21,5.4121,-2.22146
21,5.43594,-2.2267
21,5.45979,-2.22358
21,5.48363,-2.22063
21,5.50747,-2.21712
21,5.53131,-2.22136
21,5.55515,-2.22319
21,5.57899,-2.22198
21,5.60284,-2.2166
21,5.62668,-2.21307
21,5.65052,-2.21328
21,5.67436,-2.21817
21,5.6982,-2.21476
21,5.72205,-2.21554
21,5.74589,-2.22016
21,5.76973,-2.22227
21,5.79357,-2.20875
21,5.81741,-2.20453
21,5.84126,-2.21347
21,5.8651,-2.21748
21,5.88894,-2.21062
21,5.91278,-2.20901
21,5.93662,-2.21228
21,5.96046,-2.21241
21,5.98431,-2.21609
21,6.00815,-2.21086
21,6.03199,-2.21516
21,6.05583,-2.21107
21,6.07967,-2.2133
21,6.10352,-2.21354
21,6.12736,-2.20483
21,6.1512,-2.21662
21,6.17504,-2.21133
21,6.19888,-2.20717
21,6.22272,-2.19961
21,6.24657,-2.20571
21,6.27041,-2.2066
21,6.29425,-2.21092
21,6.31809,-2.19942
21,6.34193,-2.21236
21,6.36578,-2.21301
21,6.38962,-2.20922
21,6.41346,-2.21148
21,6.4373,-2.2037
21,6.46114,-2.20364
21,6.48499,-2.20447
21,6.50883,-2.20738
21,6.53267,-2.21003
21,6.55651,-2.19913
21,6.58035,-2.2095
21,6.60419,-2.20075
21,6.62804,-2.20463
21,6.65188,-2.21189
21,6.67572,-2.2085
21,6.69956,-2.20393
21,6.7234,-2.20269
21,6.74725,-2.20634
21,6.77109,-2.20738
21,6.79493,-2.20329
21,6.81877,-2.20174
21,6.84261,-2.2082
21,6.86646,-2.19899
21,6.8903,-2.20001
21,6.91414,-2.19895
21,6.93798,-2.20275
21,6.96182,-2.20589
21,6.98566,-2.19119
21,7.00951,-2.19909
21,7.03335,-2.19318
21,7.05719,-2.20322
21,7.08103,-2.19937
21,7.10487,-2.19579
21,7.12872,-2.20035
21,7.15256,-2.20148
21,7.1764,-2.20169
21,7.20024,-2.19196
21,7.22408,-2.19496
21,7.24792,-2.19594
21,7.27177,-2.19252
21,7.29561,-2.19709
21,7.31945,-2.19953
21,7.34329,-2.1947
21,7.36713,-2.20038
21,7.39098,-2.19275
21,7.41482,-2.19179
21,7.43866,-2.18687
21,7.4625,-2.19077
21,7.48634,-2.19498
21,7.51019,-2.19461
21,7.53403,-2.19081
21,7.55787,-2.18931
21,7.58171,-2.19125
21,7.60555,-2.19161
21,7.62939,-2.19712
21,7.65324,-2.19114
21,7.67708,-2.19621
21,7.70092,-2.19654
21,7.72476,-2.19314
21,7.7486,-2.20074
21,7.77245,-2.19102
21,7.79629,-2.18495
21,7.82013,-2.18631
21,7.84397,-2.19565
21,7.86781,-2.18631
21,7.89165,-2.18924
21,7.9155,-2.19587
21,7.93934,-2.18837
21,7.96318,-2.18891
21,7.98702,-2.18889
21,8.01086,-2.19433
21,8.03471,-2.18418
21,8.05855,-2.18916
21,8.08239,-2.18957
21,8.10623,-2.19055
21,8.13007,-2.18511
21,8.15392,-2.1815
21,8.17776,-2.19112
21,8.2016,-2.18843
21,8.22544,-2.18724
21,8.24928,-2.18742
21,8.27312,-2.16958
21,8.29697,-2.1854
21,8.32081,-2.1861
21,8.34465,-2.18316
21,8.36849,-2.18126
21,8.39233,-2.18272
21,8.41618,-2.18235
21,8.44002,-2.18169
21,8.46386,-2.18274
21,8.4877,-2.18025
21,8.51154,-2.18084
21,8.53539,-2.17633
21,8.55923,-2.18089
21,8.58307,-2.18136
21,8.60691,-2.18714
21,8.63075,-2.18058
21,8.65459,-2.18312
21,8.67844,-2.17966
21,8.70228,-2.18082
21,8.72612,-2.17923
21,8.74996,-2.1805
21,8.7738,-2.17319
21,8.79765,-2.17304
21,8.82149,-2.17489
21,8.84533,-2.17559
21,8.86917,-2.17881
21,8.89301,-2.18228
21,8.91685,-2.17669
21,8.9407,-2.17754
21,8.96454,-2.17611
21,8.98838,-2.16802
21,9.01222,-2.17364
21,9.03606,-2.17114
21,9.05991,-2.17895
21,9.08375,-2.17266
21,9.10759,-2.17598
21,9.13143,-2.17081
21,9.15527,-2.17117
21,9.17912,-2.17096
21,9.20296,-2.16479
21,9.2268,-2.17469
21,9.25064,-2.17596
21,9.27448,-2.17539
21,9.29832,-2.17135
21,9.32217,-2.1733
21,9.34601,-2.16976
21,9.36985,-2.16381
21,9.39369,-2.16724
21,9.41753,-2.17059
21,9.44138,-2.16983
21,9.46522,-2.17439
21,9.48906,-2.17386
21,9.5129,-2.16845
21,9.53674,-2.16919
21,9.56059,-2.16819
21,9.58443,-2.1673
21,9.60827,-2.16668
21,9.63211,-2.16122
21,9.65595,-2.1677
21,9.67979,-2.16568
21,9.70364,-2.16484
21,9.72748,-2.16429
21,9.75132,-2.16519
21,9.77516,-2.16138
21,9.799,-2.1663
21,9.82285,-2.16616
21,9.84669,-2.16441
21,9.87053,-2.16863
21,9.89437,-2.16211
21,9.91821,-2.16448
21,9.94205,-2.15818
21,9.9659,-2.1654
21,9.98974,-2.16119
21,10.0136,-2.16017
21,10.0374,-2.15755
21,10.0613,-2.15844
21,10.0851,-2.16564
21,10.1089,-2.15903
21,10.1328,-2.1552
21,10.1566,-2.15771
21,10.1805,-2.16015
21,10.2043,-2.15853
21,10.2282,-2.16168
21,10.252,-2.15617
21,10.2758,-2.15574
21,10.2997,-2.15817
21,10.3235,-2.16266
21,10.3474,-2.15687
21,10.3712,-2.15405
21,10.3951,-2.15386
21,10.4189,-2.15727
21,10.4427,-2.15245
21,10.4666,-2.15067
21,10.4904,-2.14859
21,10.5143,-2.15062
21,10.5381,-2.14777
21,10.5619,-2.15594
21,10.5858,-2.15867
21,10.6096,-2.14951
21,10.6335,-2.15549
21,10.6573,-2.14832
21,10.6812,-2.15504
21,10.705,-2.14741
21,10.7288,-2.1517
21,10.7527,-2.15049
21,10.7765,-2.14773
21,10.8004,-2.14456
21,10.8242,-2.14685
21,10.848,-2.15146
21,10.8719,-2.14705
21,10.8957,-2.15338
21,10.9196,-2.14687
21,10.9434,-2.14255
21,10.9673,-2.14818
21,10.9911,-2.14436
21,11.0149,-2.14319
21,11.0388,-2.14369
21,11.0626,-2.13881
21,11.0865,-2.1442
21,11.1103,-2.14557
21,11.1341,-2.14741
21,11.158,-2.13564
21,11.1818,-2.14533
21,11.2057,-2.13859
21,11.2295,-2.14351
21,11.2534,-2.14353
21,11.2772,-2.14417
21,11.301,-2.14106
21,11.3249,-2.14412
21,11.3487,-2.13762
21,11.3726,-2.14012
21,11.3964,-2.13934
21,11.4202,-2.13617
21,11.4441,-2.13824
21,11.4679,-2.14655
21,11.4918,-2.13923
21,11.5156,-2.14603
21,11.5395,-2.1393
21,11.5633,-2.13686
21,11.5871,-2.13592
21,11.611,-2.13497
21,11.6348,-2.13934
21,11.6587,-2.13734
21,11.6825,-2.13686
21,11.7064,-2.14113
21,11.7302,-2.13185
21,11.754,-2.13152
21,11.7779,-2.13304
21,11.8017,-2.13439
21,11.8256,-2.13358
21,11.8494,-2.1312
21,11.8732,-2.14259
21,11.8971,-2.13314
21,11.9209,-2.12942
21,11.9448,-2.13385
21,11.9686,-2.13121
21,11.9925,-2.129
21,12.0163,-2.12124
21,12.0401,-2.12576
21,12.064,-2.13562
21,12.0878,-2.12794
21,12.1117,-2.12633
21,12.1355,-2.12683
21,12.1593,-2.13493
21,12.1832,-2.12199
21,12.207,-2.12709
21,12.2309,-2.12036
21,12.2547,-2.129
21,12.2786,-2.12472
21,12.3024,-2.12914
21,12.3262,-2.1262
21,12.3501,-2.12864
21,12.3739,-2.1239
21,12.3978,-2.12408
21,12.4216,-2.12371
21,12.4454,-2.11941
21,12.4693,-2.12215
21,12.4931,-2.12145
21,12.517,-2.1206
21,12.5408,-2.12054
21,12.5647,-2.12053
21,12.5885,-2.11883
21,12.6123,-2.1231
21,12.6362,-2.12297
21,12.66,-2.12055
21,12.6839,-2.11781
21,12.7077,-2.1201
21,12.7316,-2.11224
21,12.7554,-2.11646
21,12.7792,-2.11328
21,12.8031,-2.1217
21,12.8269,-2.12513
21,12.8508,-2.11306
21,12.8746,-2.12169
21,12.8984,-2.11764
21,12.9223,-2.11655
21,12.9461,-2.11878
21,12.97,-2.11633
21,12.9938,-2.11405
21,13.0177,-2.10933
21,13.0415,-2.11599
21,13.0653,-2.11014
21,13.0892,-2.11357
21,13.113,-2.11299
21,13.1369,-2.11264
21,13.1607,-2.11118
21,13.1845,-2.10726
21,13.2084,-2.10817
21,13.2322,-2.1097
21,13.2561,-2.11183
21,13.2799,-2.11052
21,13.3038,-2.10768
21,13.3276,-2.10412
21,13.3514,-2.10664
21,13.3753,-2.10946
21,13.3991,-2.10304
21,13.423,-2.10001
21,13.4468,-2.11027
21,13.4706,-2.10694
21,13.4945,-2.11016
21,13.5183,-2.10524
21,13.5422,-2.10051
21,13.566,-2.0964
21,13.5899,-2.1041
21,13.6137,-2.10741
21,13.6375,-2.11144
21,13.6614,-2.10792
21,13.6852,-2.09941
21,13.7091,-2.10409
21,13.7329,-2.10362
21,13.7568,-2.10054
21,13.7806,-2.09667
21,13.8044,-2.09335
21,13.8283,-2.09915
21,13.8521,-2.10073
21,13.876,-2.09659
21,13.8998,-2.10445
21,13.9236,-2.09985
21,13.9475,-2.09646
21,13.9713,-2.09273
21,13.9952,-2.10214
21,14.019,-2.09471
21,14.0429,-2.09845
21,14.0667,-2.09531
21,14.0905,-2.09397
21,14.1144,-2.09696
21,14.1382,-2.08967
21,14.1621,-2.09539
21,14.1859,-2.09032
21,14.2097,-2.09226
21,14.2336,-2.09165
21,14.2574,-2.08995
21,14.2813,-2.08833
21,14.3051,-2.09356
21,14.329,-2.09011
21,14.3528,-2.09104
21,14.3766,-2.08841
21,14.4005,-2.08892
21,14.4243,-2.0829
21,14.4482,-2.09477
21,14.472,-2.09738
21,14.4958,-2.09226
21,14.5197,-2.09122
21,14.5435,-2.09077
21,14.5674,-2.08692
21,14.5912,-2.08464
21,14.6151,-2.07925
21,14.6389,-2.08805
21,14.6627,-2.08292
21,14.6866,-2.08652
21,14.7104,-2.07909
21,14.7343,-2.08509
21,14.7581,-2.07912
21,14.782,-2.08428
21,14.8058,-2.08707
21,14.8296,-2.07772
21,14.8535,-2.0805
21,14.8773,-2.08405
21,14.9012,-2.07769
21,14.925,-2.08204
21,14.9488,-2.07529
21,14.9727,-2.08064
21,14.9965,-2.07706
20,-14.9965,0.591407
20,-14.9727,0.593166
20,-14.9488,0.589381
20,-14.925,0.587148
20,-14.9012,0.591908
20,-14.8773,0.590167
20,-14.8535,0.582339
20,-14.8296,0.58517
20,-14.8058,0.590573
20,-14.782,0.590198
20,-14.7581,0.596031
20,-14.7343,0.58871
20,-14.7104,0.591746
20,-14.6866,0.585981
20,-14.6627,0.595936
20,-14.6389,0.59332
20,-14.6151,0.59051
20,-14.5912,0.589291
20,-14.5674,0.592457
20,-14.5435,0.592429
20,-14.5197,0.58774
20,-14.4958,0.586339
20,-14.472,0.588445
20,-14.4482,0.587783
20,-14.4243,0.58844
20,-14.4005,0.591582
20,-14.3766,0.590444
20,-14.3528,0.58731
20,-14.329,0.592318
20,-14.3051,0.590078
20,-14.2813,0.588776
20,-14.2574,0.592355
20,-14.2336,0.587091
20,-14.2097,0.586478
20,-14.1859,0.587662
20,-14.1621,0.592232
20,-14.1382,0.585704
20,-14.1144,0.582933
20,-14.0905,0.585596
20,-14.0667,0.585813
20,-14.0429,0.582386
20,-14.019,0.585152
20,-13.9952,0.587435
20,-13.9713,0.586542
20,-13.9475,0.584514
20,-13.9236,0.592813
20,-13.8998,0.585733
20,-13.876,0.585688
20,-13.8521,0.588541
20,-13.8283,0.58845
20,-13.8044,0.585286
20,-13.7806,0.582769
20,-13.7568,0.584569
20,-13.7329,0.590091
20,-13.7091,0.588257
20,-13.6852,0.583217
20,-13.6614,0.587651
20,-13.6375,0.588514
20,-13.6137,0.588227
20,-13.5899,0.584016
20,-13.566,0.585829
20,-13.5422,0.586641
20,-13.5183,0.579665
20,-13.4945,0.581436
20,-13.4706,0.58707
20,-13.4468,0.585893
20,-13.423,0.586828
20,-13.3991,0.587014
20,-13.3753,0.579777
20,-13.3514,0.582068
20,-13.3276,0.590846
20,-13.3038,0.583547
20,-13.2799,0.588164
20,-13.2561,0.581685
20,-13.2322,0.582438
20,-13.2084,0.590747
20,-13.1845,0.582452
20,-13.1607,0.584331
20,-13.1369,0.57837
20,-13.113,0.583762
20,-13.0892,0.579089
20,-13.0653,0.585182
20,-13.0415,0.583995
20,-13.0177,0.581441
20,-12.9938,0.582914
20,-12.97,0.584116
20,-12.9461,0.581853
20,-12.9223,0.581546
20,-12.8984,0.583252
20,-12.8746,0.582156
20,-12.8508,0.582568
20,-12.8269,0.583431
20,-12.8031,0.584015
20,-12.7792,0.579808
20,-12.7554,0.580348
20,-12.7316,0.58047
20,-12.7077,0.58
20,-12.6839,0.58169
20,-12.66,0.579051
20,-12.6362,0.580239
20,-12.6123,0.582311
20,-12.5885,0.575261
20,-12.5647,0.583985
20,-12.5408,0.578378
20,-12.517,0.578527
20,-12.4931,0.578379
20,-12.4693,0.583275
20,-12.4454,0.578404
20,-12.4216,0.578644
20,-12.3978,0.586011
20,-12.3739,0.585259
20,-12.3501,0.575906
20,-12.3262,0.577449
20,-12.3024,0.577103
20,-12.2786,0.574211
20,-12.2547,0.57706
20,-12.2309,0.57765
20,-12.207,0.579355
20,-12.1832,0.576947
20,-12.1593,0.573073
20,-12.1355,0.574001
20,-12.1117,0.579057
20,-12.0878,0.578369
20,-12.064,0.576002
20,-12.0401,0.585911
20,-12.0163,0.574067
20,-11.9925,0.571779
20,-11.9686,0.578167
20,-11.9448,0.576305
20,-11.9209,0.576977
20,-11.8971,0.580826
20,-11.8732,0.577428
20,-11.8494,0.58308
20,-11.8256,0.573636
20,-11.8017,0.574321
20,-11.7779,0.577801
20,-11.754,0.57172
20,-11.7302,0.57176
20,-11.7064,0.572105
20,-11.6825,0.574215
20,-11.6587,0.575421
20,-11.6348,0.573708
20,-11.611,0.575479
20,-11.5871,0.573527
20,-11.5633,0.577331
20,-11.5395,0.575164
20,-11.5156,0.575021
20,-11.4918,0.574741
20,-11.4679,0.56884
20,-11.4441,0.57583
20,-11.4202,0.574035
20,-11.3964,0.573093
20,-11.3726,0.573617
20,-11.3487,0.572133
20,-11.3249,0.5751
20,-11.301,0.576829
20,-11.2772,0.571799
20,-11.2534,0.578277
20,-11.2295,0.570603
20,-11.2057,0.570041
20,-11.1818,0.575269
20,-11.158,0.574536
20,-11.1341,0.578818
20,-11.1103,0.571321
20,-11.0865,0.575073
20,-11.0626,0.567963
20,-11.0388,0.572366
20,-11.0149,0.569545
20,-10.9911,0.571921
20,-10.9673,0.577137
20,-10.9434,0.572835
20,-10.9196,0.571517
20,-10.8957,0.570558
20,-10.8719,0.572302
20,-10.848,0.572989
20,-10.8242,0.572023
20,-10.8004,0.567894
20,-10.7765,0.571941
20,-10.7527,0.57177
20,-10.7288,0.566271
20,-10.705,0.570424
20,-10.6812,0.567604
20,-10.6573,0.57372
20,-10.6335,0.565441
20,-10.6096,0.570242
20,-10.5858,0.567154
20,-10.5619,0.571721
20,-10.5381,0.572827
20,-10.5143,0.567787
20,-10.4904,0.573683
20,-10.4666,0.5698
20,-10.4427,0.569823
20,-10.4189,0.571453
20,-10.3951,0.567848
20,-10.3712,0.574781
20,-10.3474,0.568204
20,-10.3235,0.571264
20,-10.2997,0.56723
20,-10.2758,0.570511
20,-10.252,0.571606
20,-10.2282,0.561947
20,-10.2043,0.56938
20,-10.1805,0.565454
20,-10.1566,0.565238
20,-10.1328,0.564727
20,-10.1089,0.565044
20,-10.0851,0.568552
20,-10.0613,0.568411
20,-10.0374,0.568786
20,-10.0136,0.562858
20,-9.98974,0.566306
20,-9.9659,0.562598
20,-9.94205,0.562339
20,-9.91821,0.562181
20,-9.89437,0.561334
20,-9.87053,0.566699
20,-9.84669,0.565411
20,-9.82285,0.566516
20,-9.799,0.564226
20,-9.77516,0.562391
20,-9.75132,0.566426
20,-9.72748,0.560523
20,-9.70364,0.565094
20,-9.67979,0.56568
20,-9.65595,0.561453
20,-9.63211,0.56419
20,-9.60827,0.562793
20,-9.58443,0.559463
20,-9.56059,0.561466
20,-9.53674,0.565199
20,-9.5129,0.564814
20,-9.48906,0.565787
20,-9.46522,0.561776
20,-9.44138,0.564423
20,-9.41753,0.56077
20,-9.39369,0.558446
20,-9.36985,0.561806
20,-9.34601,0.559609
20,-9.32217,0.559889
20,-9.29832,0.562413
20,-9.27448,0.561842
20,-9.25064,0.564185
20,-9.2268,0.559863
20,-9.20296,0.5567
20,-9.17912,0.558048
20,-9.15527,0.562919
20,-9.13143,0.562481
20,-9.10759,0.558813
20,-9.08375,0.560921
20,-9.05991,0.558026
20,-9.03606,0.558468
20,-9.01222,0.557548
20,-8.98838,0.553948
20,-8.96454,0.560629
20,-8.9407,0.558279
20,-8.91685,0.563378
20,-8.89301,0.562229
20,-8.86917,0.558914
20,-8.84533,0.5612
20,-8.82149,0.560138
20,-8.79765,0.556458
20,-8.7738,0.563437
20,-8.74996,0.564099
20,-8.72612,0.558782
20,-8.70228,0.557958
20,-8.67844,0.559642
20,-8.65459,0.560373
20,-8.63075,0.556454
20,-8.60691,0.557179
20,-8.58307,0.555995
20,-8.55923,0.55762
20,-8.53539,0.557264
20,-8.51154,0.552543
20,-8.4877,0.552748
20,-8.46386,0.556512
20,-8.44002,0.555409
20,-8.41618,0.560424
20,-8.39233,0.55709
20,-8.36849,0.557668
20,-8.34465,0.560296
20,-8.32081,0.553428
20,-8.29697,0.551751
20,-8.27312,0.556158
20,-8.24928,0.557616
20,-8.22544,0.557388
20,-8.2016,0.55406
20,-8.17776,0.554085
20,-8.15392,0.554151
20,-8.13007,0.556796
20,-8.10623,0.549952
20,-8.08239,0.554843
20,-8.05855,0.552499
20,-8.03471,0.556516
20,-8.01086,0.550372
20,-7.98702,0.546922
20,-7.96318,0.554327
20,-7.93934,0.561388
20,-7.9155,0.553754
20,-7.89165,0.556529
20,-7.86781,0.557389
20,-7.84397,0.553786
20,-7.82013,0.557864
20,-7.79629,0.555852
20,-7.77245,0.554401
20,-7.7486,0.552853
20,-7.72476,0.554586
20,-7.70092,0.550015
20,-7.67708,0.553711
20,-7.65324,0.547581
20,-7.62939,0.555777
20,-7.60555,0.551578
20,-7.58171,0.556827
20,-7.55787,0.551722
20,-7.53403,0.551056
20,-7.51019,0.551067
20,-7.48634,0.552501
20,-7.4625,0.548895
20,-7.43866,0.550326
20,-7.41482,0.548881
20,-7.39098,0.5439
20,-7.36713,0.549452
20,-7.34329,0.54874
20,-7.31945,0.55033
20,-7.29561,0.550926
20,-7.27177,0.548134
20,-7.24792,0.548914
20,-7.22408,0.548823
20,-7.20024,0.551696
20,-7.1764,0.54752
20,-7.15256,0.547152
20,-7.12872,0.550449
20,-7.10487,0.552332
20,-7.08103,0.549756
20,-7.05719,0.548493
20,-7.03335,0.54913
20,-7.00951,0.551264
20,-6.98566,0.549493
20,-6.96182,0.54956
20,-6.93798,0.552242
20,-6.91414,0.549905
20,-6.8903,0.544964
20,-6.86646,0.546693
20,-6.84261,0.550784
20,-6.81877,0.548787
20,-6.79493,0.548854
20,-6.77109,0.544618
20,-6.74725,0.542232
20,-6.7234,0.547895
20,-6.69956,0.546433
20,-6.67572,0.552885
20,-6.65188,0.551535
20,-6.62804,0.539356
20,-6.60419,0.546871
20,-6.58035,0.549765
20,-6.55651,0.543931
20,-6.53267,0.540503
20,-6.50883,0.543911
20,-6.48499,0.542978
20,-6.46114,0.541784
20,-6.4373,0.553074
20,-6.41346,0.543757
20,-6.38962,0.539101
20,-6.36578,0.550089
20,-6.34193,0.546958
20,-6.31809,0.550481
20,-6.29425,0.543054
20,-6.27041,0.542569
20,-6.24657,0.540904
20,-6.22272,0.544714
20,-6.19888,0.545852
20,-6.17504,0.545479
20,-6.1512,0.542377
20,-6.12736,0.546196
20,-6.10352,0.544034
20,-6.07967,0.54562
20,-6.05583,0.543333
20,-6.03199,0.536479
20,-6.00815,0.541066
20,-5.98431,0.544999
20,-5.96046,0.543247
20,-5.93662,0.539577
20,-5.91278,0.539858
20,-5.88894,0.545807
20,-5.8651,0.541925
20,-5.84126,0.548055
20,-5.81741,0.542727
20,-5.79357,0.544782
20,-5.76973,0.542895
20,-5.74589,0.543493
20,-5.72205,0.540437
20,-5.6982,0.547166
20,-5.67436,0.543536
20,-5.65052,0.540824
20,-5.62668,0.538626
20,-5.60284,0.539648
20,-5.57899,0.54163
20,-5.55515,0.538065
20,-5.53131,0.538352
20,-5.50747,0.539015
20,-5.48363,0.540009
20,-5.45979,0.540369
20,-5.43594,0.536946
20,-5.4121,0.539381
20,-5.38826,0.540405
20,-5.36442,0.540278
20,-5.34058,0.540223
20,-5.31673,0.540691
20,-5.29289,0.550024
20,-5.26905,0.543603
20,-5.24521,0.54021
20,-5.22137,0.540011
20,-5.19753,0.547521
20,-5.17368,0.543456
20,-5.14984,0.532686
20,-5.126,0.538663
20,-5.10216,0.540671
20,-5.07832,0.540304
20,-5.05447,0.541806
20,-5.03063,0.534458
20,-5.00679,0.536885
20,-4.98295,0.542107
20,-4.95911,0.542897
20,-4.93526,0.535404
20,-4.91142,0.535696
20,-4.88758,0.542787
20,-4.86374,0.538036
20,-4.8399,0.534817
20,-4.81606,0.536576
20,-4.79221,0.54657
20,-4.76837,0.538183
20,-4.74453,0.539954
20,-4.72069,0.536566
20,-4.69685,0.542562
20,-4.673,0.545018
20,-4.64916,0.53682
20,-4.62532,0.537417
20,-4.60148,0.539237
20,-4.57764,0.540676
20,-4.55379,0.538144
20,-4.52995,0.538288
20,-4.50611,0.537833
20,-4.48227,0.534418
20,-4.45843,0.539882
20,-4.43459,0.537009
20,-4.41074,0.546971
20,-4.3869,0.564349
20,-4.36306,0.542418
20,-4.33922,0.54521
20,-4.31538,0.55254
20,-4.29153,0.57093
20,-4.26769,0.553895
20,-4.24385,0.540688
20,-4.22001,0.547763
20,-4.19617,0.568503
20,-4.17233,0.56826
20,-4.14848,0.55558
20,-4.12464,0.548187
20,-4.1008,0.723143
20,-4.07696,0.553998
20,-4.05312,0.551089
20,-4.02927,0.551409
20,-4.00543,0.554585
20,-3.98159,0.570458
20,-3.95775,0.551959
20,-3.93391,0.55238
20,-3.91006,0.561299
20,-3.88622,0.611628
20,-3.86238,0.561368
20,-3.83854,0.557928
20,-3.8147,0.574234
20,-3.79086,0.66213
20,-3.76701,0.586624
20,-3.74317,0.55862
20,-3.71933,0.558802
20,-3.69549,0.615312
20,-3.67165,0.598958
20,-3.6478,0.585213
20,-3.62396,0.569553
20,-3.60012,0.584588
20,-3.57628,0.582224
20,-3.55244,0.587046
20,-3.52859,0.581048
20,-3.50475,0.562682
20,-3.48091,0.559259
20,-3.45707,0.567868
20,-3.43323,0.564915
20,-3.40939,0.572765
20,-3.38554,0.649487
20,-3.3617,0.568838
20,-3.33786,0.555971
20,-3.31402,0.580443
20,-3.29018,0.633234
20,-3.26633,0.586007
20,-3.24249,0.575007
20,-3.21865,0.568222
20,-3.19481,0.595466
20,-3.17097,0.583822
20,-3.14713,0.559045
20,-3.12328,0.56544
20,-3.09944,0.561988
20,-3.0756,0.574453
20,-3.05176,0.567852
20,-3.02792,0.560428
20,-3.00407,0.551701
20,-2.98023,0.568846
20,-2.95639,0.566957
20,-2.93255,0.592847
20,-2.90871,0.616841
20,-2.88486,0.590961
20,-2.86102,0.553041
20,-2.83718,0.549841
20,-2.81334,0.551851
20,-2.7895,0.607345
20,-2.76566,0.560906
20,-2.74181,0.576848
20,-2.71797,0.557155
20,-2.69413,0.618984
20,-2.67029,0.657956
20,-2.64645,0.55632
20,-2.6226,0.555774
20,-2.59876,0.549809
20,-2.57492,0.549123
20,-2.55108,0.546708
20,-2.52724,0.598202
20,-2.5034,0.548977
20,-2.47955,0.547001
20,-2.45571,0.544156
20,-2.43187,0.544587
20,-2.40803,0.548179
20,-2.38419,0.591771
20,-2.36034,0.543092
20,-2.3365,0.641757
20,-2.31266,0.562555
20,-2.28882,0.580753
20,-2.26498,0.560266
20,-2.24113,0.557126
20,-2.21729,0.640438
20,-2.19345,0.666918
20,-2.16961,0.555869
20,-2.14577,0.543628
20,-2.12193,0.546109
20,-2.09808,0.563243
20,-2.07424,0.543203
20,-2.0504,0.544154
20,-2.02656,0.552779
20,-2.00272,0.547422
20,-1.97887,0.563441
20,-1.95503,0.554984
20,-1.93119,0.557255
20,-1.90735,0.546175
20,-1.88351,0.575777
20,-1.85966,0.542976
20,-1.83582,0.548352
20,-1.81198,0.557672
20,-1.78814,0.607724
20,-1.7643,0.562078
20,-1.74046,0.547259
20,-1.71661,0.570257
20,-1.69277,0.589403
20,-1.66893,0.560673
20,-1.64509,0.55579
20,-1.62125,0.555723
20,-1.5974,0.550431
20,-1.57356,0.551577
20,-1.54972,0.562527
20,-1.52588,0.607694
20,-1.50204,0.71292
20,-1.4782,0.569424
20,-1.45435,0.555891
20,-1.43051,0.563607
20,-1.40667,0.567771
20,-1.38283,0.617562
20,-1.35899,0.571386
20,-1.33514,0.556791
20,-1.3113,0.575333
20,-1.28746,0.616079
20,-1.26362,0.569616
20,-1.23978,0.577979
20,-1.21593,0.574881
20,-1.19209,0.604023
20,-1.16825,0.590537
20,-1.14441,0.571186
20,-1.12057,0.579854
20,-1.09673,0.580023
20,-1.07288,0.570038
20,-1.04904,0.562559
20,-1.0252,0.580136
20,-1.00136,0.584754
20,-0.977516,0.608043
20,-0.953674,0.578035
20,-0.929832,0.589836
20,-0.905991,0.608724
20,-0.882149,0.678395
20,-0.858307,0.600285
20,-0.834465,0.597957
20,-0.810623,0.640029
20,-0.786781,0.82934
20,-0.762939,0.647917
20,-0.739098,0.618683
20,-0.715256,0.64493
20,-0.691414,0.707998
20,-0.667572,0.702425
20,-0.64373,0.679181
20,-0.619888,0.701352
20,-0.596046,0.722397
20,-0.572205,0.765422
20,-0.548363,0.856194
20,-0.524521,0.903916
20,-0.500679,1.53271
20,-0.476837,1.29605
20,-0.452995,1.08498
20,-0.429153,1.17177
20,-0.405312,1.51335
20,-0.38147,2.03875
20,-0.357628,1.48209
20,-0.333786,1.40337
20,-0.309944,2.32704
20,-0.286102,3.09324
20,-0.26226,2.97398
20,-0.238419,2.70761
20,-0.214577,4.02539
20,-0.190735,6.35278
20,-0.166893,5.65419
20,-0.143051,6.85013
20,-0.119209,10.9381
20,-0.0953674,17.3772
20,-0.0715256,15.3676
20,-0.0476837,9.06116
20,-0.0238419,8.79831
20,0,12.4513
20,0.0238419,9.65598
20,0.0476837,10.1167
20,0.0715256,5.88047
20,0.0953674,4.98375
20,0.119209,8.12043
20,0.143051,8.821
20,0.166893,10.3653
20,0.190735,10.5777
20,0.214577,4.31511
20,0.238419,4.05576
20,0.26226,2.56169
20,0.286102,3.52762
20,0.309944,2.81065
20,0.333786,2.03093
20,0.357628,1.76321
20,0.38147,1.6469
20,0.405312,1.05352
20,0.429153,1.16841
20,0.452995,0.895409
20,0.476837,1.06539
20,0.500679,0.855648
20,0.524521,0.781558
20,0.548363,0.718739
20,0.572205,0.741206
20,0.596046,0.756736
20,0.619888,0.850186
20,0.64373,0.680127
20,0.667572,0.656792
20,0.691414,0.708676
20,0.715256,0.741391
20,0.739098,0.658635
20,0.762939,0.607676
20,0.786781,0.615282
20,0.810623,0.652627
20,0.834465,0.64141
20,0.858307,0.590553
20,0.882149,0.625644
20,0.905991,0.570601
20,0.929832,0.563946
20,0.953674,0.558241
20,0.977516,0.568116
20,1.00136,0.562668
20,1.0252,0.575617
20,1.04904,0.541508
20,1.07288,0.55555
20,1.09673,0.557233
20,1.12057,0.582679
20,1.14441,0.542918
20,1.16825,0.538881
20,1.19209,0.553873
20,1.21593,0.612668
20,1.23978,0.545884
20,1.26362,0.541409
20,1.28746,0.547978
20,1.3113,0.560998
20,1.33514,0.548077
20,1.35899,0.53654
20,1.38283,0.541611
20,1.40667,0.534199
20,1.43051,0.54134
20,1.45435,0.524467
20,1.4782,0.541282
20,1.50204,0.531467
20,1.52588,0.530857
20,1.54972,0.51948
20,1.57356,0.526296
20,1.5974,0.536256
20,1.62125,0.561149
20,1.64509,0.530838
20,1.66893,0.520565
20,1.69277,0.532716
20,1.71661,0.559089
20,1.74046,0.53203
20,1.7643,0.519144
20,1.78814,0.527134
20,1.81198,0.551251
20,1.83582,0.536152
20,1.85966,0.519986
20,1.88351,0.533361
20,1.90735,0.514621
20,1.93119,0.520773
20,1.95503,0.513018
20,1.97887,0.52237
20,2.00272,0.519938
20,2.02656,0.523618
20,2.0504,0.51335
20,2.07424,0.529031
20,2.09808,0.531108
20,2.12193,0.530215
20,2.14577,0.515508
20,2.16961,0.515412
20,2.19345,0.522614
20,2.21729,0.555232
20,2.24113,0.511061
20,2.26498,0.507638
20,2.28882,0.518527
20,2.31266,0.526427
20,2.3365,0.514128
20,2.36034,0.505253
20,2.38419,0.505308
20,2.40803,0.50451
20,2.43187,0.505059
20,2.45571,0.501743
20,2.47955,0.510289
20,2.5034,0.50644
20,2.52724,0.500184
20,2.55108,0.496922
20,2.57492,0.493639
20,2.59876,0.514089
20,2.6226,0.537525
20,2.64645,0.500933
20,2.67029,0.49449
20,2.69413,0.514672
20,2.71797,0.537832
20,2.74181,0.506204
20,2.76566,0.496185
20,2.7895,0.506203
20,2.81334,0.541858
20,2.83718,0.509825
20,2.86102,0.493108
20,2.88486,0.500091
20,2.90871,0.501669
20,2.93255,0.497993
20,2.95639,0.490356
20,2.98023,0.504943
20,3.00407,0.506848
20,3.02792,0.518111
20,3.05176,0.497798
20,3.0756,0.514231
20,3.09944,0.518561
20,3.12328,0.536272
20,3.14713,0.500753
20,3.17097,0.50194
20,3.19481,0.528558
20,3.21865,0.612818
20,3.24249,0.512591
20,3.26633,0.497815
20,3.29018,0.516175
20,3.31402,0.550501
20,3.33786,0.523239
20,3.3617,0.508744
20,3.38554,0.510218
20,3.40939,0.510789
20,3.43323,0.521349
20,3.45707,0.501737
20,3.48091,0.530708
20,3.50475,0.502961
20,3.52859,0.500132
20,3.55244,0.498585
20,3.57628,0.508741
20,3.60012,0.531411
20,3.62396,0.563549
20,3.6478,0.501795
20,3.67165,0.509802
20,3.69549,0.526644
20,3.71933,0.558263
20,3.74317,0.516793
20,3.76701,0.49831
20,3.79086,0.512472
20,3.8147,0.54332
20,3.83854,0.513211
20,3.86238,0.498145
20,3.88622,0.507765
20,3.91006,0.495204
20,3.93391,0.496275
20,3.95775,0.492579
20,3.98159,0.495235
20,4.00543,0.48613
20,4.02927,0.492439
20,4.05312,0.480688
20,4.07696,0.486736
20,4.1008,0.491891
20,4.12464,0.492555
20,4.14848,0.483928
20,4.17233,0.483673
20,4.19617,0.486631
20,4.22001,0.499832
20,4.24385,0.478466
20,4.26769,0.477196
20,4.29153,0.480894
20,4.31538,0.484334
20,4.33922,0.476335
20,4.36306,0.474803
20,4.3869,0.475125
20,4.41074,0.46847
20,4.43459,0.477679
20,4.45843,0.472988
20,4.48227,0.472847
20,4.50611,0.4692
20,4.52995,0.470305
20,4.55379,0.472529
20,4.57764,0.472607
20,4.60148,0.467209
20,4.62532,0.471076
20,4.64916,0.467671
20,4.673,0.470081
20,4.69685,0.470473
20,4.72069,0.467626
20,4.74453,0.46478
20,4.76837,0.468508
20,4.79221,0.479473
20,4.81606,0.479742
20,4.8399,0.4662
20,4.86374,0.469821
20,4.88758,0.462251
20,4.91142,0.464987
20,4.93526,0.459186
20,4.95911,0.461653
20,4.98295,0.455562
20,5.00679,0.461061
20,5.03063,0.462081
20,5.05447,0.460694
20,5.07832,0.461904
20,5.10216,0.463735
20,5.126,0.463398
20,5.14984,0.462976
20,5.17368,0.462239
20,5.19753,0.465851
20,5.22137,0.464735
20,5.24521,0.456809
20,5.26905,0.455409
20,5.29289,0.463412
20,5.31673,0.464208
20,5.34058,0.464703
20,5.36442,0.459886
20,5.38826,0.461797
20,5.4121,0.452652
20,5.43594,0.45579
20,5.45979,0.455676
20,5.48363,0.452782
20,5.50747,0.457953
20,5.53131,0.455461
20,5.55515,0.454628
20,5.57899,0.454534
20,5.60284,0.448887
20,5.62668,0.455762
20,5.65052,0.454061
20,5.67436,0.459372
20,5.6982,0.45098
20,5.72205,0.459489
20,5.74589,0.461916
20,5.76973,0.455051
20,5.79357,0.454294
20,5.81741,0.453453
20,5.84126,0.456666
20,5.8651,0.458419
20,5.88894,0.45429
20,5.91278,0.455916
20,5.93662,0.450755
20,5.96046,0.449189
20,5.98431,0.450961
20,6.00815,0.450487
20,6.03199,0.451898
20,6.05583,0.44956
20,6.07967,0.450875
20,6.10352,0.44683
20,6.12736,0.450588
20,6.1512,0.449485
20,6.17504,0.443691
20,6.19888,0.452247
20,6.22272,0.439494
20,6.24657,0.447909
20,6.27041,0.443937
20,6.29425,0.450448
20,6.31809,0.441094
20,6.34193,0.44378
20,6.36578,0.443441
20,6.38962,0.447303
20,6.41346,0.447901
20,6.4373,0.442635
20,6.46114,0.446887
20,6.48499,0.446212
20,6.50883,0.439564
20,6.53267,0.448729
20,6.55651,0.447813
20,6.58035,0.44507
20,6.60419,0.443673
20,6.62804,0.440591
20,6.65188,0.445653
20,6.67572,0.436783
20,6.69956,0.447201
20,6.7234,0.444245
20,6.74725,0.434706
20,6.77109,0.444221
20,6.79493,0.445983
20,6.81877,0.443632
20,6.84261,0.442613
20,6.86646,0.445108
20,6.8903,0.441075
20,6.91414,0.443104
20,6.93798,0.442709
20,6.96182,0.438987
20,6.98566,0.44217
20,7.00951,0.439815
20,7.03335,0.4412
20,7.05719,0.434281
20,7.08103,0.441098
20,7.10487,0.439433
20,7.12872,0.437525
20,7.15256,0.439349
20,7.1764,0.436048
20,7.20024,0.436543
20,7.22408,0.438285
20,7.24792,0.43395
20,7.27177,0.437028
20,7.29561,0.443026
20,7.31945,0.437334
20,7.34329,0.439432
20,7.36713,0.441105
20,7.39098,0.438549
20,7.41482,0.436667
20,7.43866,0.438149
20,7.4625,0.435488
20,7.48634,0.445542
20,7.51019,0.434767
20,7.53403,0.440197
20,7.55787,0.431334
20,7.58171,0.438128
20,7.60555,0.437338
20,7.62939,0.439842
20,7.65324,0.439281
20,7.67708,0.436041
20,7.70092,0.438989
20,7.72476,0.431349
20,7.7486,0.438837
20,7.77245,0.431964
20,7.79629,0.43412
20,7.82013,0.435504
20,7.84397,0.432627
20,7.86781,0.430137
20,7.89165,0.433259
20,7.9155,0.431566
20,7.93934,0.428525
20,7.96318,0.430298
20,7.98702,0.433256
20,8.01086,0.427178
20,8.03471,0.428862
20,8.05855,0.433919
20,8.08239,0.43208
20,8.10623,0.433178
20,8.13007,0.426539
20,8.15392,0.428663
20,8.17776,0.428658
20,8.2016,0.426622
20,8.22544,0.427678
20,8.24928,0.432878
20,8.27312,0.419999
20,8.29697,0.43594
20,8.32081,0.426014
20,8.34465,0.431937
20,8.36849,0.438662
20,8.39233,0.463364
20,8.41618,0.460401
20,8.44002,0.423561
20,8.46386,0.430413
20,8.4877,0.426692
20,8.51154,0.428201
20,8.53539,0.421937
20,8.55923,0.424722
20,8.58307,0.424214
20,8.60691,0.422917
20,8.63075,0.42395
20,8.65459,0.426609
20,8.67844,0.426844
20,8.70228,0.419858
20,8.72612,0.422872
20,8.74996,0.4221
20,8.7738,0.417562
20,8.79765,0.434191
20,8.82149,0.425287
20,8.84533,0.420595
20,8.86917,0.424297
20,8.89301,0.422315
20,8.91685,0.421519
20,8.9407,0.42253
20,8.96454,0.424227
20,8.98838,0.4209
20,9.01222,0.421408
20,9.03606,0.423743
20,9.05991,0.415243
20,9.08375,0.418224
20,9.10759,0.423197
20,9.13143,0.417621
20,9.15527,0.416314
20,9.17912,0.421003
20,9.20296,0.420676
20,9.2268,0.422819
20,9.25064,0.419883
20,9.27448,0.421734
20,9.29832,0.415934
20,9.32217,0.41939
20,9.34601,0.421418
20,9.36985,0.416707
20,9.39369,0.423395
20,9.41753,0.4123
20,9.44138,0.412693
20,9.46522,0.412418
20,9.48906,0.413623
20,9.5129,0.413838
20,9.53674,0.413124
20,9.56059,0.412962
20,9.58443,0.410704
20,9.60827,0.42017
20,9.63211,0.420506
20,9.65595,0.412789
20,9.67979,0.414437
20,9.70364,0.416147
20,9.72748,0.411338
20,9.75132,0.412165
20,9.77516,0.41516
20,9.799,0.410407
20,9.82285,0.419047
20,9.84669,0.418834
20,9.87053,0.416149
20,9.89437,0.41571
20,9.91821,0.415183
20,9.94205,0.412147
20,9.9659,0.405686
20,9.98974,0.410708
20,10.0136,0.406486
20,10.0374,0.412928
20,10.0613,0.406632
20,10.0851,0.406724
20,10.1089,0.407541
20,10.1328,0.407985
20,10.1566,0.412455
20,10.1805,0.403038
20,10.2043,0.408062
20,10.2282,0.407119
20,10.252,0.410142
20,10.2758,0.404718
20,10.2997,0.40685
20,10.3235,0.406958
20,10.3474,0.407459
20,10.3712,0.404678
20,10.3951,0.406855
20,10.4189,0.409635
20,10.4427,0.407067
20,10.4666,0.412994
20,10.4904,0.407477
20,10.5143,0.40233
20,10.5381,0.408098
20,10.5619,0.410729
20,10.5858,0.413975
20,10.6096,0.406439
20,10.6335,0.397906
20,10.6573,0.39935
20,10.6812,0.406746
20,10.705,0.403429
20,10.7288,0.404415
20,10.7527,0.404834
20,10.7765,0.404041
20,10.8004,0.401012
20,10.8242,0.398493
20,10.848,0.402212
20,10.8719,0.403661
20,10.8957,0.401059
20,10.9196,0.399198
20,10.9434,0.399171
20,10.9673,0.397863
20,10.9911,0.399292
20,11.0149,0.399855
20,11.0388,0.401771
20,11.0626,0.40007
20,11.0865,0.400757
20,11.1103,0.397756
20,11.1341,0.396213
20,11.158,0.401505
20,11.1818,0.397505
20,11.2057,0.395272
20,11.2295,0.39479
20,11.2534,0.398724
20,11.2772,0.397184
20,11.301,0.394744
20,11.3249,0.397845
20,11.3487,0.399386
20,11.3726,0.396417
20,11.3964,0.395681
20,11.4202,0.399528
20,11.4441,0.398892
20,11.4679,0.395893
20,11.4918,0.391035
20,11.5156,0.393553
20,11.5395,0.39036
20,11.5633,0.393666
20,11.5871,0.386908
20,11.611,0.394634
20,11.6348,0.390255
20,11.6587,0.386804
20,11.6825,0.39016
20,11.7064,0.388691
20,11.7302,0.395542
20,11.754,0.389459
20,11.7779,0.386591
20,11.8017,0.391541
20,11.8256,0.390772
20,11.8494,0.392704
20,11.8732,0.393369
20,11.8971,0.387307
20,11.9209,0.389497
20,11.9448,0.390124
20,11.9686,0.38745
20,11.9925,0.389999
20,12.0163,0.391691
20,12.0401,0.384596
20,12.064,0.390059
20,12.0878,0.391219
20,12.1117,0.384727
20,12.1355,0.386094
20,12.1593,0.393037
20,12.1832,0.383375
20,12.207,0.38614
20,12.2309,0.387666
20,12.2547,0.384721
20,12.2786,0.384262
20,12.3024,0.385763
20,12.3262,0.385321
20,12.3501,0.380685
20,12.3739,0.38687
20,12.3978,0.379716
20,12.4216,0.388187
20,12.4454,0.388536
20,12.4693,0.381477
20,12.4931,0.38268
20,12.517,0.383412
20,12.5408,0.381393
20,12.5647,0.382236
20,12.5885,0.38177
20,12.6123,0.379783
20,12.6362,0.378954
20,12.66,0.38063
20,12.6839,0.373611
20,12.7077,0.378806
20,12.7316,0.37775
20,12.7554,0.374662
20,12.7792,0.384443
20,12.8031,0.375104
20,12.8269,0.372722
20,12.8508,0.381463
20,12.8746,0.376563
20,12.8984,0.377565
20,12.9223,0.37935
20,12.9461,0.376696
20,12.97,0.377563
20,12.9938,0.378556
20,13.0177,0.376808
20,13.0415,0.377055
20,13.0653,0.374347
20,13.0892,0.383081
20,13.113,0.380581
20,13.1369,0.369546
20,13.1607,0.376529
20,13.1845,0.371197
20,13.2084,0.373322
20,13.2322,0.376873
20,13.2561,0.374561
20,13.2799,0.371651
20,13.3038,0.377393
20,13.3276,0.372141
20,13.3514,0.374509
20,13.3753,0.37098
20,13.3991,0.371033
20,13.423,0.374987
20,13.4468,0.375689
20,13.4706,0.375394
20,13.4945,0.375417
20,13.5183,0.377726
20,13.5422,0.36866
20,13.566,0.367915
20,13.5899,0.372031
20,13.6137,0.364173
20,13.6375,0.373358
20,13.6614,0.365994
20,13.6852,0.369204
20,13.7091,0.367281
20,13.7329,0.366394
20,13.7568,0.366661
20,13.7806,0.367634
20,13.8044,0.369463
20,13.8283,0.362799
20,13.8521,0.369795
20,13.876,0.369582
20,13.8998,0.365483
20,13.9236,0.366758
20,13.9475,0.367657
20,13.9713,0.364734
20,13.9952,0.365198
20,14.019,0.36385
20,14.0429,0.362761
20,14.0667,0.368968
20,14.0905,0.362149
20,14.1144,0.359102
20,14.1382,0.362394
20,14.1621,0.360562
20,14.1859,0.363139
20,14.2097,0.366031
20,14.2336,0.358731
20,14.2574,0.355729
20,14.2813,0.368309
20,14.3051,0.360284
20,14.329,0.363049
20,14.3528,0.36467
20,14.3766,0.358191
20,14.4005,0.355757
20,14.4243,0.354194
20,14.4482,0.363835
20,14.472,0.364377
20,14.4958,0.359184
20,14.5197,0.3641
20,14.5435,0.358443
20,14.5674,0.35696
20,14.5912,0.360981
20,14.6151,0.352965
20,14.6389,0.357403
20,14.6627,0.356807
20,14.6866,0.354563
20,14.7104,0.35208
20,14.7343,0.356874
20,14.7581,0.355029
20,14.782,0.355412
20,14.8058,0.359817
20,14.8296,0.360059
20,14.8535,0.352472
20,14.8773,0.354193
20,14.9012,0.354785
20,14.925,0.358135
20,14.9488,0.353419
20,14.9727,0.354214
20,14.9965,0.353853
19,-14.9965,-0.0870498
19,-14.9727,-0.0835774
19,-14.9488,-0.0875429
19,-14.925,-0.0780553
19,-14.9012,-0.0850446
19,-14.8773,-0.0821509
19,-14.8535,-0.083163
19,-14.8296,-0.0883366
19,-14.8058,-0.0777627
19,-14.782,-0.0815777
19,-14.7581,-0.0833887
19,-14.7343,-0.0819382
19,-14.7104,-0.0817743
19,-14.6866,-0.0809215
19,-14.6627,-0.0806741
19,-14.6389,-0.0818386
19,-14.6151,-0.0785248
19,-14.5912,-0.0699713
19,-14.5674,-0.0763293
19,-14.5435,-0.0791613
19,-14.5197,-0.0752333
19,-14.4958,-0.0818394
19,-14.472,-0.0777136
19,-14.4482,-0.0816412
19,-14.4243,-0.0779949
19,-14.4005,-0.0740973
19,-14.3766,-0.0797614
19,-14.3528,-0.0759831
19,-14.329,-0.0773444
19,-14.3051,-0.0764841
19,-14.2813,-0.0694277
19,-14.2574,-0.0674556
19,-14.2336,-0.0725756
19,-14.2097,-0.0709413
19,-14.1859,-0.0759668
19,-14.1621,-0.069651
19,-14.1382,-0.063636
19,-14.1144,-0.0683209
19,-14.0905,-0.0665616
19,-14.0667,-0.0662898
19,-14.0429,-0.0600506
19,-14.019,-0.061077
19,-13.9952,-0.065021
19,-13.9713,-0.0654133
19,-13.9475,-0.0657809
19,-13.9236,-0.0698881
19,-13.8998,-0.055087
19,-13.876,-0.056983
19,-13.8521,-0.0640053
19,-13.8283,-0.0646068
19,-13.8044,-0.0612018
19,-13.7806,-0.0730261
19,-13.7568,-0.0586129
19,-13.7329,-0.0582344
19,-13.7091,-0.0606632
19,-13.6852,-0.05911
19,-13.6614,-0.0574036
19,-13.6375,-0.0633751
19,-13.6137,-0.0558569
19,-13.5899,-0.0597863
19,-13.566,-0.0664238
19,-13.5422,-0.0579028
19,-13.5183,-0.0562176
19,-13.4945,-0.0546072
19,-13.4706,-0.0528348
19,-13.4468,-0.0571247
19,-13.423,-0.0571548
19,-13.3991,-0.0575491
19,-13.3753,-0.0553131
19,-13.3514,-0.0515689
19,-13.3276,-0.050895
19,-13.3038,-0.0496514
19,-13.2799,-0.0517097
19,-13.2561,-0.0555009
19,-13.2322,-0.0578053
19,-13.2084,-0.057193
19,-13.1845,-0.0505163
19,-13.1607,-0.0452349
19,-13.1369,-0.0475288
19,-13.113,-0.0472384
19,-13.0892,-0.0471685
19,-13.0653,-0.0489185
19,-13.0415,-0.0441981
19,-13.0177,-0.0464542
19,-12.9938,-0.0445731
19,-12.97,-0.0472574
19,-12.9461,-0.0540203
19,-12.9223,-0.0492167
19,-12.8984,-0.0497295
19,-12.8746,-0.0494728
19,-12.8508,-0.0446231
19,-12.8269,-0.0425346
19,-12.8031,-0.0485498
19,-12.7792,-0.0442405
19,-12.7554,-0.0436565
19,-12.7316,-0.0485149
19,-12.7077,-0.0402642
19,-12.6839,-0.0409508
19,-12.66,-0.0321241
19,-12.6362,-0.037056
19,-12.6123,-0.0385984
19,-12.5885,-0.0402011
19,-12.5647,-0.0402361
19,-12.5408,-0.0402629
19,-12.517,-0.0334139
19,-12.4931,-0.0387552
19,-12.4693,-0.037857
19,-12.4454,-0.031975
19,-12.4216,-0.0274614
19,-12.3978,-0.0300208
19,-12.3739,-0.0377264
19,-12.3501,-0.0309906
19,-12.3262,-0.0305121
19,-12.3024,-0.0327446
19,-12.2786,-0.0371124
19,-12.2547,-0.03308
19,-12.2309,-0.0351826
19,-12.207,-0.0373095
19,-12.1832,-0.0330833
19,-12.1593,-0.0280124
19,-12.1355,-0.0253443
19,-12.1117,-0.0278722
19,-12.0878,-0.0289711
19,-12.064,-0.0275475
19,-12.0401,-0.0273926
19,-12.0163,-0.0274663
19,-11.9925,-0.0199222
19,-11.9686,-0.0289332
19,-11.9448,-0.0263916
19,-11.9209,-0.0168565
19,-11.8971,-0.0271129
19,-11.8732,-0.0205233
19,-11.8494,-0.0269785
19,-11.8256,-0.0271161
19,-11.8017,-0.0298634
19,-11.7779,-0.0252414
19,-11.754,-0.0185644
19,-11.7302,-0.0217485
19,-11.7064,-0.0143729
19,-11.6825,-0.0168688
19,-11.6587,-0.0206971
19,-11.6348,-0.0207134
19,-11.611,-0.0225165
19,-11.5871,-0.0248745
19,-11.5633,-0.015062
19,-11.5395,-0.0207378
19,-11.5156,-0.00947773
19,-11.4918,-0.0209657
19,-11.4679,-0.0170823
19,-11.4441,-0.0192278
19,-11.4202,-0.0175219
19,-11.3964,-0.0185409
19,-11.3726,-0.0103492
19,-11.3487,-0.0159717
19,-11.3249,-0.00825163
19,-11.301,-0.0164795
19,-11.2772,-0.0169654
19,-11.2534,-0.00705015
19,-11.2295,-0.0167475
19,-11.2057,-0.0111746
19,-11.1818,-0.0170746
19,-11.158,-0.0145972
19,-11.1341,-0.00758812
19,-11.1103,-0.00811554
19,-11.0865,-0.0166927
19,-11.0626,-0.0102934
19,-11.0388,-0.0081897
19,-11.0149,-0.00747983
19,-10.9911,-0.0153405
19,-10.9673,-0.00641227
19,-10.9434,-0.00267904
19,-10.9196,-0.00151309
19,-10.8957,-0.00525621
19,-10.8719,-0.0112424
19,-10.848,-0.00717627
19,-10.8242,-0.0062439
19,-10.8004,-0.00529502
19,-10.7765,-0.00530578
19,-10.7527,0.000256126
19,-10.7288,-0.0036364
19,-10.705,-0.00184285
19,-10.6812,-0.00266678
19,-10.6573,-0.00452611
19,-10.6335,-0.00284125
19,-10.6096,-0.00423581
19,-10.5858,0.00211529
19,-10.5619,-0.00168195
19,-10.5381,-0.00426898
19,-10.5143,-0.000386249
19,-10.4904,-0.00192725
19,-10.4666,0.0042877
19,-10.4427,0.0010271
19,-10.4189,0.000531213
19,-10.3951,-0.000256141
19,-10.3712,0.00515746
19,-10.3474,0.00491964
19,-10.3235,0.00511015
19,-10.2997,0.0102663
19,-10.2758,0.00582669
19,-10.252,0.00215604
19,-10.2282,0.0106363
19,-10.2043,0.00961912
19,-10.1805,0.00677363
19,-10.1566,0.00445862
19,-10.1328,0.0104766
19,-10.1089,0.0109583
19,-10.0851,0.01002
19,-10.0613,0.0123769
19,-10.0374,0.0140116
19,-10.0136,0.0128968
19,-9.98974,0.0192048
19,-9.9659,0.0213588
19,-9.94205,0.0242507
19,-9.91821,0.0216155
19,-9.89437,0.0251492
19,-9.87053,0.0178819
19,-9.84669,0.0144483
19,-9.82285,0.0161167
19,-9.799,0.0151579
19,-9.77516,0.0208147
19,-9.75132,0.0146984
19,-9.72748,0.0152248
19,-9.70364,0.0162212
19,-9.67979,0.0214916
19,-9.65595,0.0103353
19,-9.63211,0.021648
19,-9.60827,0.0213434
19,-9.58443,0.0171288
19,-9.56059,0.0198924
19,-9.53674,0.0236118
19,-9.5129,0.0169559
19,-9.48906,0.0238285
19,-9.46522,0.0164878
19,-9.44138,0.0241027
19,-9.41753,0.0190038
19,-9.39369,0.0219639
19,-9.36985,0.0218956
19,-9.34601,0.0179564
19,-9.32217,0.0243315
19,-9.29832,0.0272726
19,-9.27448,0.0213957
19,-9.25064,0.0228277
19,-9.2268,0.0201449
19,-9.20296,0.0286696
19,-9.17912,0.0224583
19,-9.15527,0.0195497
19,-9.13143,0.0246756
19,-9.10759,0.0317824
19,-9.08375,0.0288816
19,-9.05991,0.030443
19,-9.03606,0.0289815
19,-9.01222,0.0372332
19,-8.98838,0.0283513
19,-8.96454,0.0265569
19,-8.9407,0.0306349
19,-8.91685,0.0323354
19,-8.89301,0.0314865
19,-8.86917,0.0339644
19,-8.84533,0.0297812
19,-8.82149,0.0340032
19,-8.79765,0.0296742
19,-8.7738,0.0324778
19,-8.74996,0.0378682
19,-8.72612,0.0270462
19,-8.70228,0.0409757
19,-8.67844,0.0370721
19,-8.65459,0.0381498
19,-8.63075,0.0364985
19,-8.60691,0.0388184
19,-8.58307,0.0393289
19,-8.55923,0.0359516
19,-8.53539,0.0437708
19,-8.51154,0.0411946
19,-8.4877,0.0376793
19,-8.46386,0.0467014
19,-8.44002,0.0387021
19,-8.41618,0.0435672
19,-8.39233,0.0388545
19,-8.36849,0.0401757
19,-8.34465,0.0395545
19,-8.32081,0.038061
19,-8.29697,0.0468282
19,-8.27312,0.0415051
19,-8.24928,0.0418609
19,-8.22544,0.0489512
19,-8.2016,0.0440486
19,-8.17776,0.0492752
19,-8.15392,0.0437081
19,-8.13007,0.0445411
19,-8.10623,0.0535858
19,-8.08239,0.0519396
19,-8.05855,0.0521423
19,-8.03471,0.0475097
19,-8.01086,0.0520003
19,-7.98702,0.0588841
19,-7.96318,0.0539593
19,-7.93934,0.0507895
19,-7.9155,0.0495955
19,-7.89165,0.047814
19,-7.86781,0.0531258
19,-7.84397,0.056817
19,-7.82013,0.0553656
19,-7.79629,0.0560033
19,-7.77245,0.0511941
19,-7.7486,0.0588719
19,-7.72476,0.0512733
19,-7.70092,0.059285
19,-7.67708,0.0524352
19,-7.65324,0.0538689
19,-7.62939,0.0584139
19,-7.60555,0.0550519
19,-7.58171,0.0643261
19,-7.55787,0.0623031
19,-7.53403,0.0634538
19,-7.51019,0.0640549
19,-7.48634,0.0662532
19,-7.4625,0.0672919
19,-7.43866,0.065743
19,-7.41482,0.0674462
19,-7.39098,0.0657018
19,-7.36713,0.0608015
19,-7.34329,0.0606028
19,-7.31945,0.0756873
19,-7.29561,0.0632473
19,-7.27177,0.0594491
19,-7.24792,0.0582043
19,-7.22408,0.0618027
19,-7.20024,0.0623987
19,-7.1764,0.0643769
19,-7.15256,0.0683693
19,-7.12872,0.0621063
19,-7.10487,0.0682199
19,-7.08103,0.0643649
19,-7.05719,0.0662698
19,-7.03335,0.0698933
19,-7.00951,0.0756682
19,-6.98566,0.065229
19,-6.96182,0.073618
19,-6.93798,0.0743026
19,-6.91414,0.0753814
19,-6.8903,0.0780195
19,-6.86646,0.0655931
19,-6.84261,0.0709607
19,-6.81877,0.0695161
19,-6.79493,0.0756337
19,-6.77109,0.0705469
19,-6.74725,0.0754214
19,-6.7234,0.0708703
19,-6.69956,0.0716326
19,-6.67572,0.0746691
19,-6.65188,0.0782688
19,-6.62804,0.0823959
19,-6.60419,0.0777174
19,-6.58035,0.0895538
19,-6.55651,0.0841957
19,-6.53267,0.0760288
19,-6.50883,0.0824428
19,-6.48499,0.0831556
19,-6.46114,0.083284
19,-6.4373,0.0849539
19,-6.41346,0.0845067
19,-6.38962,0.0825635
19,-6.36578,0.0747358
19,-6.34193,0.0814029
19,-6.31809,0.0782017
19,-6.29425,0.0864194
19,-6.27041,0.0873845
19,-6.24657,0.080971
19,-6.22272,0.075425
19,-6.19888,0.0851431
19,-6.17504,0.0867694
19,-6.1512,0.0827834
19,-6.12736,0.084335
19,-6.10352,0.0824469
19,-6.07967,0.0884361
19,-6.05583,0.0856951
19,-6.03199,0.0954997
19,-6.00815,0.0959304
19,-5.98431,0.0949674
19,-5.96046,0.0930531
19,-5.93662,0.100071
19,-5.91278,0.0939985
19,-5.88894,0.0884761
19,-5.8651,0.0855784
19,-5.84126,0.0969361
19,-5.81741,0.0994901
19,-5.79357,0.0943174
19,-5.76973,0.105947
19,-5.74589,0.100153
19,-5.72205,0.103747
19,-5.6982,0.0967279
19,-5.67436,0.0984606
19,-5.65052,0.0949621
19,-5.62668,0.0955582
19,-5.60284,0.102615
19,-5.57899,0.10446
19,-5.55515,0.104743
19,-5.53131,0.111991
19,-5.50747,0.100931
19,-5.48363,0.101183
19,-5.45979,0.103987
19,-5.43594,0.103838
19,-5.4121,0.103293
19,-5.38826,0.10322
19,-5.36442,0.110633
19,-5.34058,0.109931
19,-5.31673,0.1094
19,-5.29289,0.107026
19,-5.26905,0.115031
19,-5.24521,0.112308
19,-5.22137,0.116809
19,-5.19753,0.121466
19,-5.17368,0.121986
19,-5.14984,0.126626
19,-5.126,0.128823
19,-5.10216,0.123907
19,-5.07832,0.128244
19,-5.05447,0.118657
19,-5.03063,0.124618
19,-5.00679,0.131383
19,-4.98295,0.123349
19,-4.95911,0.119294
19,-4.93526,0.11703
19,-4.91142,0.121317
19,-4.88758,0.12646
19,-4.86374,0.127394
19,-4.8399,0.133338
19,-4.81606,0.134676
19,-4.79221,0.142077
19,-4.76837,0.159406
19,-4.74453,0.156359
19,-4.72069,0.160254
19,-4.69685,0.157866
19,-4.673,0.162386
19,-4.64916,0.166251
19,-4.62532,0.17813
19,-4.60148,0.180093
19,-4.57764,0.161933
19,-4.55379,0.160333
19,-4.52995,0.158055
19,-4.50611,0.169756
19,-4.48227,0.157986
19,-4.45843,0.156216
19,-4.43459,0.157907
19,-4.41074,0.164275
19,-4.3869,0.18316
19,-4.36306,0.197082
19,-4.33922,0.195486
19,-4.31538,0.201699
19,-4.29153,0.2275
19,-4.26769,0.246555
19,-4.24385,0.2583
19,-4.22001,0.291825
19,-4.19617,0.283757
19,-4.17233,0.298713
19,-4.14848,0.288953
19,-4.12464,0.323638
19,-4.1008,0.296947
19,-4.07696,0.285147
19,-4.05312,0.252753
19,-4.02927,0.286079
19,-4.00543,0.291112
19,-3.98159,0.275226
19,-3.95775,0.258431
19,-3.93391,0.259427
19,-3.91006,0.278744
19,-3.88622,0.335435
19,-3.86238,0.356729
19,-3.83854,0.376452
19,-3.8147,0.41305
19,-3.79086,0.503078
19,-3.76701,0.554926
19,-3.74317,0.550472
19,-3.71933,0.575402
19,-3.69549,0.571115
19,-3.67165,0.580102
19,-3.6478,0.55751
19,-3.62396,0.702074
19,-3.60012,0.603873
19,-3.57628,0.499661
19,-3.55244,0.407508
19,-3.52859,0.450536
19,-3.50475,0.431891
19,-3.48091,0.399134
19,-3.45707,0.351626
19,-3.43323,0.336711
19,-3.40939,0.356461
19,-3.38554,0.419644
19,-3.3617,0.454687
19,-3.33786,0.435001
19,-3.31402,0.404449
19,-3.29018,0.469132
19,-3.26633,0.498803
19,-3.24249,0.515134
19,-3.21865,0.646763
19,-3.19481,0.573728
19,-3.17097,0.531077
19,-3.14713,0.465567
19,-3.12328,0.538985
19,-3.09944,0.459247
19,-3.0756,0.396545
19,-3.05176,0.329201
19,-3.02792,0.374456
19,-3.00407,0.341584
19,-2.98023,0.310075
19,-2.95639,0.263124
19,-2.93255,0.248382
19,-2.90871,0.257686
19,-2.88486,0.286285
19,-2.86102,0.313076
19,-2.83718,0.322496
19,-2.81334,0.339674
19,-2.7895,0.379105
19,-2.76566,0.396183
19,-2.74181,0.382307
19,-2.71797,0.404148
19,-2.69413,0.387707
19,-2.67029,0.369018
19,-2.64645,0.361285
19,-2.6226,0.444479
19,-2.59876,0.371631
19,-2.57492,0.310666
19,-2.55108,0.268071
19,-2.52724,0.289066
19,-2.5034,0.269263
19,-2.47955,0.263053
19,-2.45571,0.245174
19,-2.43187,0.24558
19,-2.40803,0.251681
19,-2.38419,0.289203
19,-2.36034,0.302324
19,-2.3365,0.304661
19,-2.31266,0.296198
19,-2.28882,0.328726
19,-2.26498,0.344148
19,-2.24113,0.353076
19,-2.21729,0.412612
19,-2.19345,0.382909
19,-2.16961,0.359162
19,-2.14577,0.327371
19,-2.12193,0.383208
19,-2.09808,0.335973
19,-2.07424,0.307805
19,-2.0504,0.283966
19,-2.02656,0.30576
19,-2.00272,0.293306
19,-1.97887,0.284173
19,-1.95503,0.263223
19,-1.93119,0.261033
19,-1.90735,0.266854
19,-1.88351,0.297987
19,-1.85966,0.3184
19,-1.83582,0.338177
19,-1.81198,0.354132
19,-1.78814,0.392184
19,-1.7643,0.403065
19,-1.74046,0.406136
19,-1.71661,0.42061
19,-1.69277,0.410437
19,-1.66893,0.409815
19,-1.64509,0.403126
19,-1.62125,0.480721
19,-1.5974,0.415269
19,-1.57356,0.362474
19,-1.54972,0.315285
19,-1.52588,0.348171
19,-1.50204,0.352541
19,-1.4782,0.336135
19,-1.45435,0.32679
19,-1.43051,0.342729
19,-1.40667,0.364372
19,-1.38283,0.429299
19,-1.35899,0.452125
19,-1.33514,0.455328
19,-1.3113,0.466118
19,-1.28746,0.505705
19,-1.26362,0.557733
19,-1.23978,0.670957
19,-1.21593,0.765512
19,-1.19209,0.644046
19,-1.16825,0.616923
19,-1.14441,0.595425
19,-1.12057,0.741105
19,-1.09673,0.633553
19,-1.07288,0.558866
19,-1.04904,0.580346
19,-1.0252,0.778322
19,-1.00136,0.787478
19,-0.977516,0.82337
19,-0.953674,0.959549
19,-0.929832,2.17285
19,-0.905991,8.82461
19,-0.882149,1.45374
19,-0.858307,1.03238
19,-0.834465,1.01477
19,-0.810623,1.24327
19,-0.786781,1.1342
19,-0.762939,1.20327
19,-0.739098,1.19684
19,-0.715256,1.32588
19,-0.691414,1.20236
19,-0.667572,1.20586
19,-0.64373,1.26415
19,-0.619888,1.57796
19,-0.596046,1.36816
19,-0.572205,1.66126
19,-0.548363,1.32087
19,-0.524521,1.36863
19,-0.500679,1.42724
19,-0.476837,1.65814
19,-0.452995,1.89781
19,-0.429153,1.68166
19,-0.405312,2.17189
19,-0.38147,3.05738
19,-0.357628,3.44725
19,-0.333786,3.359
19,-0.309944,3.85788
19,-0.286102,4.70017
19,-0.26226,5.61292
19,-0.238419,7.92673
19,-0.214577,6.49633
19,-0.190735,7.32285
19,-0.166893,8.90815
19,-0.143051,9.21649
19,-0.119209,12.8458
19,-0.0953674,18.5893
19,-0.0715256,21.2049
19,-0.0476837,21.5303
19,-0.0238419,20.3287
19,0,20.8287
19,0.0238419,21.4132
19,0.0476837,21.1449
19,0.0715256,23.7957
19,0.0953674,22.9287
19,0.119209,20.4726
19,0.143051,15.5563
19,0.166893,10.3374
19,0.190735,9.19934
19,0.214577,8.02983
19,0.238419,6.69332
19,0.26226,5.98116
19,0.286102,5.91797
19,0.309944,4.96748
19,0.333786,4.17667
19,0.357628,3.63948
19,0.38147,4.12942
19,0.405312,3.2554
19,0.429153,2.46927
19,0.452995,1.77586
19,0.476837,1.76825
19,0.500679,1.59404
19,0.524521,1.43125
19,0.548363,1.29424
19,0.572205,1.18544
19,0.596046,1.19186
19,0.619888,1.25188
19,0.64373,1.23748
19,0.667572,1.16907
19,0.691414,1.16014
19,0.715256,1.1653
19,0.739098,1.14605
19,0.762939,1.22756
19,0.786781,1.34072
19,0.810623,1.16612
19,0.834465,0.999357
19,0.858307,0.88854
19,0.882149,0.986742
19,0.905991,0.816475
19,0.929832,0.700829
19,0.953674,0.614583
19,0.977516,0.674065
19,1.00136,0.620752
19,1.0252,0.563097
19,1.04904,0.499127
19,1.07288,0.473538
19,1.09673,0.493008
19,1.12057,0.535391
19,1.14441,0.54597
19,1.16825,0.566571
19,1.19209,0.592833
19,1.21593,0.630803
19,1.23978,0.605568
19,1.26362,0.626585
19,1.28746,0.620471
19,1.3113,0.590563
19,1.33514,0.54012
19,1.35899,0.538209
19,1.38283,0.61176
19,1.40667,0.513005
19,1.43051,0.439622
19,1.45435,0.395228
19,1.4782,0.412839
19,1.50204,0.385679
19,1.52588,0.380571
19,1.54972,0.353695
19,1.57356,0.351701
19,1.5974,0.370033
19,1.62125,0.410136
19,1.64509,0.415772
19,1.66893,0.395831
19,1.69277,0.41296
19,1.71661,0.434803
19,1.74046,0.443332
19,1.7643,0.480863
19,1.78814,0.51888
19,1.81198,0.476118
19,1.83582,0.443402
19,1.85966,0.42056
19,1.88351,0.457199
19,1.90735,0.408795
19,1.93119,0.370169
19,1.95503,0.347659
19,1.97887,0.380723
19,2.00272,0.350065
19,2.02656,0.338111
19,2.0504,0.318854
19,2.07424,0.309243
19,2.09808,0.336967
19,2.12193,0.349791
19,2.14577,0.359045
19,2.16961,0.369116
19,2.19345,0.392097
19,2.21729,0.427275
19,2.24113,0.425913
19,2.26498,0.43811
19,2.28882,0.446805
19,2.31266,0.422865
19,2.3365,0.412844
19,2.36034,0.421912
19,2.38419,0.480213
19,2.40803,0.407172
19,2.43187,0.355955
19,2.45571,0.3305
19,2.47955,0.357869
19,2.5034,0.342735
19,2.52724,0.32916
19,2.55108,0.321528
19,2.57492,0.328591
19,2.59876,0.346056
19,2.6226,0.385113
19,2.64645,0.391734
19,2.67029,0.379617
19,2.69413,0.393113
19,2.71797,0.441233
19,2.74181,0.449652
19,2.76566,0.491504
19,2.7895,0.523097
19,2.81334,0.489777
19,2.83718,0.483724
19,2.86102,0.45795
19,2.88486,0.494777
19,2.90871,0.448836
19,2.93255,0.412293
19,2.95639,0.389593
19,2.98023,0.434627
19,3.00407,0.394869
19,3.02792,0.38524
19,3.05176,0.360309
19,3.0756,0.360044
19,3.09944,0.389127
19,3.12328,0.437147
19,3.14713,0.459803
19,3.17097,0.476524
19,3.19481,0.528165
19,3.21865,0.612322
19,3.24249,0.6374
19,3.26633,0.642035
19,3.29018,0.636912
19,3.31402,0.648245
19,3.33786,0.637462
19,3.3617,0.677864
19,3.38554,0.759766
19,3.40939,0.63587
19,3.43323,0.541538
19,3.45707,0.477994
19,3.48091,0.560296
19,3.50475,0.513585
19,3.52859,0.469944
19,3.55244,0.429545
19,3.57628,0.443112
19,3.60012,0.49009
19,3.62396,0.559077
19,3.6478,0.564557
19,3.67165,0.526676
19,3.69549,0.559333
19,3.71933,0.609252
19,3.74317,0.622615
19,3.76701,0.722236
19,3.79086,0.738924
19,3.8147,0.685438
19,3.83854,0.617307
19,3.86238,0.608509
19,3.88622,0.653869
19,3.91006,0.571965
19,3.93391,0.500313
19,3.95775,0.463239
19,3.98159,0.502623
19,4.00543,0.444335
19,4.02927,0.397148
19,4.05312,0.360189
19,4.07696,0.359102
19,4.1008,0.364985
19,4.12464,0.369846
19,4.14848,0.372187
19,4.17233,0.369163
19,4.19617,0.387409
19,4.22001,0.397147
19,4.24385,0.392536
19,4.26769,0.396427
19,4.29153,0.394228
19,4.31538,0.385548
19,4.33922,0.36982
19,4.36306,0.380547
19,4.3869,0.406569
19,4.41074,0.356408
19,4.43459,0.327092
19,4.45843,0.305527
19,4.48227,0.320958
19,4.50611,0.304842
19,4.52995,0.301318
19,4.55379,0.286665
19,4.57764,0.286795
19,4.60148,0.288336
19,4.62532,0.288341
19,4.64916,0.293073
19,4.673,0.286414
19,4.69685,0.288568
19,4.72069,0.292605
19,4.74453,0.293884
19,4.76837,0.307202
19,4.79221,0.293183
19,4.81606,0.302694
19,4.8399,0.290053
19,4.86374,0.295174
19,4.88758,0.295928
19,4.91142,0.294387
19,4.93526,0.289492
19,4.95911,0.284983
19,4.98295,0.285463
19,5.00679,0.28053
19,5.03063,0.276812
19,5.05447,0.272214
19,5.07832,0.271463
19,5.10216,0.273809
19,5.126,0.279428
19,5.14984,0.270079
19,5.17368,0.271135
19,5.19753,0.26751
19,5.22137,0.27687
19,5.24521,0.278162
19,5.26905,0.287438
19,5.29289,0.277947
19,5.31673,0.270266
19,5.34058,0.272695
19,5.36442,0.276611
19,5.38826,0.283046
19,5.4121,0.275703
19,5.43594,0.272569
19,5.45979,0.270771
19,5.48363,0.268578
19,5.50747,0.267975
19,5.53131,0.271301
19,5.55515,0.268724
19,5.57899,0.270241
19,5.60284,0.265678
19,5.62668,0.272015
19,5.65052,0.268115
19,5.67436,0.275749
19,5.6982,0.274915
19,5.72205,0.272787
19,5.74589,0.273854
19,5.76973,0.275321
19,5.79357,0.27356
19,5.81741,0.270383
19,5.84126,0.274733
19,5.8651,0.27688
19,5.88894,0.267757
19,5.91278,0.276473
19,5.93662,0.273462
19,5.96046,0.281927
19,5.98431,0.27428
19,6.00815,0.27365
19,6.03199,0.271371
19,6.05583,0.267728
19,6.07967,0.279152
19,6.10352,0.276538
19,6.12736,0.269814
19,6.1512,0.274271
19,6.17504,0.266851
19,6.19888,0.268953
19,6.22272,0.273966
19,6.24657,0.271132
19,6.27041,0.275151
19,6.29425,0.274045
19,6.31809,0.277988
19,6.34193,0.277567
19,6.36578,0.277964
19,6.38962,0.281156
19,6.41346,0.285117
19,6.4373,0.279547
19,6.46114,0.274264
19,6.48499,0.281771
19,6.50883,0.286687
19,6.53267,0.283211
19,6.55651,0.289835
19,6.58035,0.282711
19,6.60419,0.27721
19,6.62804,0.275973
19,6.65188,0.272162
19,6.67572,0.277879
19,6.69956,0.277011
19,6.7234,0.278213
19,6.74725,0.276028
19,6.77109,0.281253
19,6.79493,0.280288
19,6.81877,0.284019
19,6.84261,0.276682
19,6.86646,0.283644
19,6.8903,0.281947
19,6.91414,0.280604
19,6.93798,0.277191
19,6.96182,0.284644
19,6.98566,0.280282
19,7.00951,0.284336
19,7.03335,0.28531
19,7.05719,0.28155
19,7.08103,0.279899
19,7.10487,0.289089
19,7.12872,0.283378
19,7.15256,0.284435
19,7.1764,0.290788
19,7.20024,0.284055
19,7.22408,0.281049
19,7.24792,0.283123
19,7.27177,0.284001
19,7.29561,0.288657
19,7.31945,0.282204
19,7.34329,0.281843
19,7.36713,0.282892
19,7.39098,0.286706
19,7.41482,0.28498
19,7.43866,0.283514
19,7.4625,0.292794
19,7.48634,0.286643
19,7.51019,0.286277
19,7.53403,0.287832
19,7.55787,0.29389
19,7.58171,0.289667
19,7.60555,0.297786
19,7.62939,0.294521
19,7.65324,0.294316
19,7.67708,0.304244
19,7.70092,0.304966
19,7.72476,0.30077
19,7.7486,0.299809
19,7.77245,0.291596
19,7.79629,0.294521
19,7.82013,0.293049
19,7.84397,0.288723
19,7.86781,0.290291
19,7.89165,0.296554
19,7.9155,0.287128
19,7.93934,0.294225
19,7.96318,0.294668
19,7.98702,0.311526
19,8.01086,0.303077
19,8.03471,0.296072
19,8.05855,0.290787
19,8.08239,0.296591
19,8.10623,0.295132
19,8.13007,0.29902
19,8.15392,0.291112
19,8.17776,0.302174
19,8.2016,0.297487
19,8.22544,0.294968
19,8.24928,0.294077
19,8.27312,0.302363
19,8.29697,0.296095
19,8.32081,0.291197
19,8.34465,0.299508
19,8.36849,0.302027
19,8.39233,0.301476
19,8.41618,0.296537
19,8.44002,0.304245
19,8.46386,0.292135
19,8.4877,0.299962
19,8.51154,0.300767
19,8.53539,0.302574
19,8.55923,0.299466
19,8.58307,0.303464
19,8.60691,0.295261
19,8.63075,0.303534
19,8.65459,0.305951
19,8.67844,0.297184
19,8.70228,0.295685
19,8.72612,0.303459
19,8.74996,0.302437
19,8.7738,0.300428
19,8.79765,0.302747
19,8.82149,0.298663
19,8.84533,0.299194
19,8.86917,0.30585
19,8.89301,0.307914
19,8.91685,0.305688
19,8.9407,0.311193
19,8.96454,0.297854
19,8.98838,0.301572
19,9.01222,0.304976
19,9.03606,0.299338
19,9.05991,0.297773
19,9.08375,0.302777
19,9.10759,0.30069
19,9.13143,0.301054
19,9.15527,0.307643
19,9.17912,0.305159
19,9.20296,0.304297
19,9.2268,0.305663
19,9.25064,0.307768
19,9.27448,0.305825
19,9.29832,0.302195
19,9.32217,0.310862
19,9.34601,0.30609
19,9.36985,0.306427
19,9.39369,0.310386
19,9.41753,0.310824
19,9.44138,0.305614
19,9.46522,0.311572
19,9.48906,0.306524
19,9.5129,0.310043
19,9.53674,0.315398
19,9.56059,0.314761
19,9.58443,0.310798
19,9.60827,0.318328
19,9.63211,0.307012
19,9.65595,0.313947
19,9.67979,0.322025
19,9.70364,0.312848
19,9.72748,0.324921
19,9.75132,0.312719
19,9.77516,0.317479
19,9.799,0.311952
19,9.82285,0.310037
19,9.84669,0.317535
19,9.87053,0.318334
19,9.89437,0.322979
19,9.91821,0.315933
19,9.94205,0.322033
19,9.9659,0.320386
19,9.98974,0.320744
19,10.0136,0.32316
19,10.0374,0.322674
19,10.0613,0.323569
19,10.0851,0.329846
19,10.1089,0.326335
19,10.1328,0.325594
19,10.1566,0.324057
19,10.1805,0.323594
19,10.2043,0.316849
19,10.2282,0.31906
19,10.252,0.323257
19,10.2758,0.313343
19,10.2997,0.320832
19,10.3235,0.320703
19,10.3474,0.321533
19,10.3712,0.318131
19,10.3951,0.315052
19,10.4189,0.315529
19,10.4427,0.314751
19,10.4666,0.316015
19,10.4904,0.32058
19,10.5143,0.328159
19,10.5381,0.323053
19,10.5619,0.325942
19,10.5858,0.311739
19,10.6096,0.326336
19,10.6335,0.317427
19,10.6573,0.321383
19,10.6812,0.323146
19,10.705,0.32221
19,10.7288,0.325273
19,10.7527,0.325539
19,10.7765,0.326866
19,10.8004,0.319456
19,10.8242,0.326348
19,10.848,0.328707
19,10.8719,0.329259
19,10.8957,0.324013
19,10.9196,0.328121
19,10.9434,0.331951
19,10.9673,0.322328
19,10.9911,0.322981
19,11.0149,0.327272
19,11.0388,0.318192
19,11.0626,0.334647
19,11.0865,0.329361
19,11.1103,0.329694
19,11.1341,0.328015
19,11.158,0.325956
19,11.1818,0.331023
19,11.2057,0.327337
19,11.2295,0.325319
19,11.2534,0.322995
19,11.2772,0.327407
19,11.301,0.325783
19,11.3249,0.333906
19,11.3487,0.335032
19,11.3726,0.332175
19,11.3964,0.324027
19,11.4202,0.329932
19,11.4441,0.333212
19,11.4679,0.330907
19,11.4918,0.33333
19,11.5156,0.331373
19,11.5395,0.33636
19,11.5633,0.333272
19,11.5871,0.335475
19,11.611,0.326576
19,11.6348,0.327992
19,11.6587,0.336768
19,11.6825,0.32296
19,11.7064,0.339605
19,11.7302,0.338447
19,11.754,0.342032
19,11.7779,0.340394
19,11.8017,0.343294
19,11.8256,0.333887
19,11.8494,0.333668
19,11.8732,0.339205
19,11.8971,0.334698
19,11.9209,0.337799
19,11.9448,0.338951
19,11.9686,0.337093
19,11.9925,0.330037
19,12.0163,0.334904
19,12.0401,0.33495
19,12.064,0.33923
19,12.0878,0.339029
19,12.1117,0.343358
19,12.1355,0.341906
19,12.1593,0.338043
19,12.1832,0.339551
19,12.207,0.340347
19,12.2309,0.349021
19,12.2547,0.337577
19,12.2786,0.351543
19,12.3024,0.345226
19,12.3262,0.337162
19,12.3501,0.345042
19,12.3739,0.34606
19,12.3978,0.342736
19,12.4216,0.340519
19,12.4454,0.340657
19,12.4693,0.342288
19,12.4931,0.345438
19,12.517,0.34274
19,12.5408,0.348289
19,12.5647,0.3433
19,12.5885,0.343266
19,12.6123,0.349778
19,12.6362,0.346812
19,12.66,0.346139
19,12.6839,0.347324
19,12.7077,0.343892
19,12.7316,0.346408
19,12.7554,0.345511
19,12.7792,0.34359
19,12.8031,0.345415
19,12.8269,0.351346
19,12.8508,0.340168
19,12.8746,0.347582
19,12.8984,0.344386
19,12.9223,0.349885
19,12.9461,0.34703
19,12.97,0.35535
19,12.9938,0.348505
19,13.0177,0.349966
19,13.0415,0.352933
19,13.0653,0.349662
19,13.0892,0.346426
19,13.113,0.348462
19,13.1369,0.347843
19,13.1607,0.345009
19,13.1845,0.35084
19,13.2084,0.35574
19,13.2322,0.346902
19,13.2561,0.349349
19,13.2799,0.35623
19,13.3038,0.358003
19,13.3276,0.354841
19,13.3514,0.355045
19,13.3753,0.361247
19,13.3991,0.353746
19,13.423,0.351428
19,13.4468,0.35098
19,13.4706,0.358674
19,13.4945,0.355436
19,13.5183,0.358524
19,13.5422,0.353877
19,13.566,0.35492
19,13.5899,0.354928
19,13.6137,0.35804
19,13.6375,0.357485
19,13.6614,0.352127
19,13.6852,0.352606
19,13.7091,0.357253
19,13.7329,0.360242
19,13.7568,0.358489
19,13.7806,0.355826
19,13.8044,0.352629
19,13.8283,0.365519
19,13.8521,0.361213
19,13.876,0.361086
19,13.8998,0.360937
19,13.9236,0.361761
19,13.9475,0.3638
19,13.9713,0.36148
19,13.9952,0.366285
19,14.019,0.368381
19,14.0429,0.364834
19,14.0667,0.361326
19,14.0905,0.357932
19,14.1144,0.365449
19,14.1382,0.360795
19,14.1621,0.357329
19,14.1859,0.359414
19,14.2097,0.364396
19,14.2336,0.357281
19,14.2574,0.363532
19,14.2813,0.35485
19,14.3051,0.366236
19,14.329,0.36497
19,14.3528,0.359343
19,14.3766,0.358465
19,14.4005,0.372875
19,14.4243,0.369063
19,14.4482,0.365906
19,14.472,0.364366
19,14.4958,0.364842
19,14.5197,0.370696
19,14.5435,0.362325
19,14.5674,0.367112
19,14.5912,0.364096
19,14.6151,0.367529
19,14.6389,0.363537
19,14.6627,0.364221
19,14.6866,0.365512
19,14.7104,0.367668
19,14.7343,0.363594
19,14.7581,0.360046
19,14.782,0.36774
19,14.8058,0.367074
19,14.8296,0.362387
19,14.8535,0.370805
19,14.8773,0.372225
19,14.9012,0.366794
19,14.925,0.37238
19,14.9488,0.366871
19,14.9727,0.372089
19,14.9965,0.367933
18,-14.9965,-1.49491
18,-14.9727,-1.48775
18,-14.9488,-1.49729
18,-14.925,-1.50088
18,-14.9012,-1.50225
18,-14.8773,-1.49666
18,-14.8535,-1.49608
18,-14.8296,-1.48553
18,-14.8058,-1.49592
18,-14.782,-1.49991
18,-14.7581,-1.50742
18,-14.7343,-1.49496
18,-14.7104,-1.50461
18,-14.6866,-1.50311
18,-14.6627,-1.5073
18,-14.6389,-1.50231
18,-14.6151,-1.49982
18,-14.5912,-1.5079
18,-14.5674,-1.51278
18,-14.5435,-1.49901
18,-14.5197,-1.50606
18,-14.4958,-1.50834
18,-14.472,-1.5091
18,-14.4482,-1.5099
18,-14.4243,-1.50957
18,-14.4005,-1.50386
18,-14.3766,-1.50263
18,-14.3528,-1.51851
18,-14.329,-1.50795
18,-14.3051,-1.51001
18,-14.2813,-1.51667
18,-14.2574,-1.51295
18,-14.2336,-1.51704
18,-14.2097,-1.51943
18,-14.1859,-1.52289
18,-14.1621,-1.50756
18,-14.1382,-1.51766
18,-14.1144,-1.51619
18,-14.0905,-1.52532
18,-14.0667,-1.51981
18,-14.0429,-1.51742
18,-14.019,-1.51242
18,-13.9952,-1.51955
18,-13.9713,-1.52278
18,-13.9475,-1.52791
18,-13.9236,-1.51756
18,-13.8998,-1.52039
18,-13.876,-1.53105
18,-13.8521,-1.52606
18,-13.8283,-1.52886
18,-13.8044,-1.52553
18,-13.7806,-1.52764
18,-13.7568,-1.52868
18,-13.7329,-1.52827
18,-13.7091,-1.53203
18,-13.6852,-1.53232
18,-13.6614,-1.52897
18,-13.6375,-1.5368
18,-13.6137,-1.53269
18,-13.5899,-1.53616
18,-13.566,-1.5432
18,-13.5422,-1.5346
18,-13.5183,-1.53836
18,-13.4945,-1.54198
18,-13.4706,-1.54743
18,-13.4468,-1.54009
18,-13.423,-1.53529
18,-13.3991,-1.5435
18,-13.3753,-1.53928
18,-13.3514,-1.54033
18,-13.3276,-1.54296
18,-13.3038,-1.55187
18,-13.2799,-1.54922
18,-13.2561,-1.53833
18,-13.2322,-1.55194
18,-13.2084,-1.54602
18,-13.1845,-1.54856
18,-13.1607,-1.54629
18,-13.1369,-1.5393
18,-13.113,-1.54848
18,-13.0892,-1.54334
18,-13.0653,-1.54215
18,-13.0415,-1.54529
18,-13.0177,-1.5578
18,-12.9938,-1.54342
18,-12.97,-1.55425
18,-12.9461,-1.55185
18,-12.9223,-1.5542
18,-12.8984,-1.55493
18,-12.8746,-1.55877
18,-12.8508,-1.5549
18,-12.8269,-1.56647
18,-12.8031,-1.55166
18,-12.7792,-1.55493
18,-12.7554,-1.56011
18,-12.7316,-1.55202
18,-12.7077,-1.56188
18,-12.6839,-1.56755
18,-12.66,-1.55928
18,-12.6362,-1.56482
18,-12.6123,-1.56276
18,-12.5885,-1.5591
18,-12.5647,-1.56829
18,-12.5408,-1.56828
18,-12.517,-1.56329
18,-12.4931,-1.56835
18,-12.4693,-1.56561
18,-12.4454,-1.56758
18,-12.4216,-1.57079
18,-12.3978,-1.57293
18,-12.3739,-1.56759
18,-12.3501,-1.56531
18,-12.3262,-1.57286
18,-12.3024,-1.56581
18,-12.2786,-1.57104
18,-12.2547,-1.56643
18,-12.2309,-1.57278
18,-12.207,-1.57742
18,-12.1832,-1.57386
18,-12.1593,-1.56883
18,-12.1355,-1.58226
18,-12.1117,-1.57747
18,-12.0878,-1.57376
18,-12.064,-1.57846
18,-12.0401,-1.56939
18,-12.0163,-1.58101
18,-11.9925,-1.58189
18,-11.9686,-1.57989
18,-11.9448,-1.58454
18,-11.9209,-1.58449
18,-11.8971,-1.58032
18,-11.8732,-1.58526
18,-11.8494,-1.58485
18,-11.8256,-1.58279
18,-11.8017,-1.58536
18,-11.7779,-1.58032
18,-11.754,-1.59473
18,-11.7302,-1.58725
18,-11.7064,-1.58302
18,-11.6825,-1.58981
18,-11.6587,-1.59366
18,-11.6348,-1.60352
18,-11.611,-1.59182
18,-11.5871,-1.59309
18,-11.5633,-1.59624
18,-11.5395,-1.59333
18,-11.5156,-1.59065
18,-11.4918,-1.59509
18,-11.4679,-1.58329
18,-11.4441,-1.59499
18,-11.4202,-1.59469
18,-11.3964,-1.58756
18,-11.3726,-1.5997
18,-11.3487,-1.60307
18,-11.3249,-1.59934
18,-11.301,-1.60134
18,-11.2772,-1.60534
18,-11.2534,-1.60446
18,-11.2295,-1.59736
18,-11.2057,-1.60746
18,-11.1818,-1.5987
18,-11.158,-1.60351
18,-11.1341,-1.60498
18,-11.1103,-1.60301
18,-11.0865,-1.60773
18,-11.0626,-1.60661
18,-11.0388,-1.60639
18,-11.0149,-1.60979
18,-10.9911,-1.60362
18,-10.9673,-1.61825
18,-10.9434,-1.6157
18,-10.9196,-1.60749
18,-10.8957,-1.60782
18,-10.8719,-1.60593
18,-10.848,-1.61246
18,-10.8242,-1.61616
18,-10.8004,-1.62158
18,-10.7765,-1.6132
18,-10.7527,-1.61813
18,-10.7288,-1.60968
18,-10.705,-1.62239
18,-10.6812,-1.61802
18,-10.6573,-1.61117
18,-10.6335,-1.62677
18,-10.6096,-1.61218
18,-10.5858,-1.62351
18,-10.5619,-1.61797
18,-10.5381,-1.62414
18,-10.5143,-1.62151
18,-10.4904,-1.61692
18,-10.4666,-1.6249
18,-10.4427,-1.62067
18,-10.4189,-1.62278
18,-10.3951,-1.62053
18,-10.3712,-1.62017
18,-10.3474,-1.63039
18,-10.3235,-1.63051
18,-10.2997,-1.63559
18,-10.2758,-1.63454
18,-10.252,-1.62656
18,-10.2282,-1.63664
18,-10.2043,-1.63067
18,-10.1805,-1.62436
18,-10.1566,-1.62351
18,-10.1328,-1.63575
18,-10.1089,-1.63294
18,-10.0851,-1.63856
18,-10.0613,-1.63499
18,-10.0374,-1.63275
18,-10.0136,-1.63431
18,-9.98974,-1.63472
18,-9.9659,-1.63956
18,-9.94205,-1.64584
18,-9.91821,-1.64098
18,-9.89437,-1.63639
18,-9.87053,-1.63269
18,-9.84669,-1.63772
18,-9.82285,-1.63994
18,-9.799,-1.63691
18,-9.77516,-1.64263
18,-9.75132,-1.64434
18,-9.72748,-1.64363
18,-9.70364,-1.64345
18,-9.67979,-1.64287
18,-9.65595,-1.64864
18,-9.63211,-1.64336
18,-9.60827,-1.64546
18,-9.58443,-1.65385
18,-9.56059,-1.64615
18,-9.53674,-1.64181
18,-9.5129,-1.64736
18,-9.48906,-1.64085
18,-9.46522,-1.65618
18,-9.44138,-1.65511
18,-9.41753,-1.65342
18,-9.39369,-1.65007
18,-9.36985,-1.65701
18,-9.34601,-1.64936
18,-9.32217,-1.65039
18,-9.29832,-1.66236
18,-9.27448,-1.66047
18,-9.25064,-1.65619
18,-9.2268,-1.65936
18,-9.20296,-1.65737
18,-9.17912,-1.66548
18,-9.15527,-1.65602
18,-9.13143,-1.65976
18,-9.10759,-1.66053
18,-9.08375,-1.65575
18,-9.05991,-1.66693
18,-9.03606,-1.65872
18,-9.01222,-1.66516
18,-8.98838,-1.66707
18,-8.96454,-1.67024
18,-8.9407,-1.6667
18,-8.91685,-1.65978
18,-8.89301,-1.66822
18,-8.86917,-1.66873
18,-8.84533,-1.67448
18,-8.82149,-1.67163
18,-8.79765,-1.67217
18,-8.7738,-1.67224
18,-8.74996,-1.66352
18,-8.72612,-1.66926
18,-8.70228,-1.67397
18,-8.67844,-1.67278
18,-8.65459,-1.67137
18,-8.63075,-1.67502
18,-8.60691,-1.67741
18,-8.58307,-1.67319
18,-8.55923,-1.66738
18,-8.53539,-1.67266
18,-8.51154,-1.67682
18,-8.4877,-1.68357
18,-8.46386,-1.67586
18,-8.44002,-1.67859
18,-8.41618,-1.67433
18,-8.39233,-1.67832
18,-8.36849,-1.67149
18,-8.34465,-1.67998
18,-8.32081,-1.67649
18,-8.29697,-1.68718
18,-8.27312,-1.68187
18,-8.24928,-1.6836
18,-8.22544,-1.6821
18,-8.2016,-1.69136
18,-8.17776,-1.68741
18,-8.15392,-1.68871
18,-8.13007,-1.69052
18,-8.10623,-1.6906
18,-8.08239,-1.68648
18,-8.05855,-1.68375
18,-8.03471,-1.69083
18,-8.01086,-1.69231
18,-7.98702,-1.69388
18,-7.96318,-1.68433
18,-7.93934,-1.69749
18,-7.9155,-1.68571
18,-7.89165,-1.69729
18,-7.86781,-1.6848
18,-7.84397,-1.69482
18,-7.82013,-1.70083
18,-7.79629,-1.70588
18,-7.77245,-1.70395
18,-7.7486,-1.70315
18,-7.72476,-1.70186
18,-7.70092,-1.69503
18,-7.67708,-1.69172
18,-7.65324,-1.69964
18,-7.62939,-1.70385
18,-7.60555,-1.7027
18,-7.58171,-1.70477
18,-7.55787,-1.70859
18,-7.53403,-1.70068
18,-7.51019,-1.69864
18,-7.48634,-1.70723
18,-7.4625,-1.69695
18,-7.43866,-1.71248
18,-7.41482,-1.7045
18,-7.39098,-1.70534
18,-7.36713,-1.71239
18,-7.34329,-1.7116
18,-7.31945,-1.71171
18,-7.29561,-1.71474
18,-7.27177,-1.71499
18,-7.24792,-1.70893
18,-7.22408,-1.71171
18,-7.20024,-1.71109
18,-7.1764,-1.71135
18,-7.15256,-1.71602
18,-7.12872,-1.71598
18,-7.10487,-1.71625
18,-7.08103,-1.71403
18,-7.05719,-1.71745
18,-7.03335,-1.72543
18,-7.00951,-1.71139
18,-6.98566,-1.72555
18,-6.96182,-1.7105
18,-6.93798,-1.71471
18,-6.91414,-1.71815
18,-6.8903,-1.71209
18,-6.86646,-1.72487
18,-6.84261,-1.72041
18,-6.81877,-1.71626
18,-6.79493,-1.7251
18,-6.77109,-1.73075
18,-6.74725,-1.72264
18,-6.7234,-1.72545
18,-6.69956,-1.72481
18,-6.67572,-1.7227
18,-6.65188,-1.72443
18,-6.62804,-1.73292
18,-6.60419,-1.72792
18,-6.58035,-1.72996
18,-6.55651,-1.72939
18,-6.53267,-1.7307
18,-6.50883,-1.72889
18,-6.48499,-1.73166
18,-6.46114,-1.72711
18,-6.4373,-1.73792
18,-6.41346,-1.74002
18,-6.38962,-1.73225
18,-6.36578,-1.74804
18,-6.34193,-1.73739
18,-6.31809,-1.73365
18,-6.29425,-1.74078
18,-6.27041,-1.73056
18,-6.24657,-1.74133
18,-6.22272,-1.72982
18,-6.19888,-1.73643
18,-6.17504,-1.73677
18,-6.1512,-1.73925
18,-6.12736,-1.73364
18,-6.10352,-1.74714
18,-6.07967,-1.74297
18,-6.05583,-1.73729
18,-6.03199,-1.74217
18,-6.00815,-1.74898
18,-5.98431,-1.73618
18,-5.96046,-1.74377
18,-5.93662,-1.73896
18,-5.91278,-1.73824
18,-5.88894,-1.73541
18,-5.8651,-1.74291
18,-5.84126,-1.74771
18,-5.81741,-1.7492
18,-5.79357,-1.74873
18,-5.76973,-1.7379
18,-5.74589,-1.74786
18,-5.72205,-1.75163
18,-5.6982,-1.7511
18,-5.67436,-1.74878
18,-5.65052,-1.75278
18,-5.62668,-1.74973
18,-5.60284,-1.76125
18,-5.57899,-1.75317
18,-5.55515,-1.7503
18,-5.53131,-1.75536
18,-5.50747,-1.76011
18,-5.48363,-1.7573
18,-5.45979,-1.76843
18,-5.43594,-1.74759
18,-5.4121,-1.74817
18,-5.38826,-1.75167
18,-5.36442,-1.76176
18,-5.34058,-1.75751
18,-5.31673,-1.75762
18,-5.29289,-1.76617
18,-5.26905,-1.77028
18,-5.24521,-1.76033
18,-5.22137,-1.75629
18,-5.19753,-1.76699
18,-5.17368,-1.76491
18,-5.14984,-1.76793
18,-5.126,-1.76084
18,-5.10216,-1.768
18,-5.07832,-1.75647
18,-5.05447,-1.76658
18,-5.03063,-1.76498
18,-5.00679,-1.7701
18,-4.98295,-1.77027
18,-4.95911,-1.76463
18,-4.93526,-1.76237
18,-4.91142,-1.76897
18,-4.88758,-1.76197
18,-4.86374,-1.76868
18,-4.8399,-1.75259
18,-4.81606,-1.7557
18,-4.79221,-1.7757
18,-4.76837,-1.77043
18,-4.74453,-1.76187
18,-4.72069,-1.75735
18,-4.69685,-1.75732
18,-4.673,-1.75837
18,-4.64916,-1.7774
18,-4.62532,-1.76311
18,-4.60148,-1.77719
18,-4.57764,-1.76961
18,-4.55379,-1.77875
18,-4.52995,-1.77014
18,-4.50611,-1.77888
18,-4.48227,-1.77177
18,-4.45843,-1.77052
18,-4.43459,-1.7647
18,-4.41074,-1.7664
18,-4.3869,-1.77049
18,-4.36306,-1.75728
18,-4.33922,-1.7359
18,-4.31538,-1.74887
18,-4.29153,-1.75563
18,-4.26769,-1.7577
18,-4.24385,-1.72202
18,-4.22001,-1.71789
18,-4.19617,-1.73757
18,-4.17233,-1.74985
18,-4.14848,-1.75322
18,-4.12464,-1.74527
18,-4.1008,-1.76283
18,-4.07696,-1.75595
18,-4.05312,-1.75997
18,-4.02927,-1.75369
18,-4.00543,-1.75211
18,-3.98159,-1.75004
18,-3.95775,-1.7327
18,-3.93391,-1.70597
18,-3.91006,-1.73374
18,-3.88622,-1.7436
18,-3.86238,-1.73496
18,-3.83854,-1.6249
18,-3.8147,-1.65872
18,-3.79086,-1.70406
18,-3.76701,-1.72842
18,-3.74317,-1.62388
18,-3.71933,-1.63455
18,-3.69549,-1.68084
18,-3.67165,-1.7084
18,-3.6478,-1.71998
18,-3.62396,-1.71275
18,-3.60012,-1.72997
18,-3.57628,-1.75078
18,-3.55244,-1.74655
18,-3.52859,-1.74354
18,-3.50475,-1.75557
18,-3.48091,-1.75988
18,-3.45707,-1.7508
18,-3.43323,-1.70744
18,-3.40939,-1.72533
18,-3.38554,-1.75497
18,-3.3617,-1.75648
18,-3.33786,-1.63177
18,-3.31402,-1.69199
18,-3.29018,-1.70278
18,-3.26633,-1.73394
18,-3.24249,-1.67018
18,-3.21865,-1.70303
18,-3.19481,-1.74515
18,-3.17097,-1.74719
18,-3.14713,-1.76333
18,-3.12328,-1.7412
18,-3.09944,-1.77101
18,-3.0756,-1.77068
18,-3.05176,-1.77872
18,-3.02792,-1.7872
18,-3.00407,-1.79478
18,-2.98023,-1.7948
18,-2.95639,-1.78402
18,-2.93255,-1.74635
18,-2.90871,-1.79426
18,-2.88486,-1.77732
18,-2.86102,-1.79349
18,-2.83718,-1.72542
18,-2.81334,-1.74174
18,-2.7895,-1.77506
18,-2.76566,-1.77781
18,-2.74181,-1.73252
18,-2.71797,-1.77019
18,-2.69413,-1.7681
18,-2.67029,-1.77824
18,-2.64645,-1.78944
18,-2.6226,-1.80013
18,-2.59876,-1.79582
18,-2.57492,-1.79691
18,-2.55108,-1.80501
18,-2.52724,-1.80692
18,-2.5034,-1.81397
18,-2.47955,-1.81243
18,-2.45571,-1.80851
18,-2.43187,-1.77798
18,-2.40803,-1.79309
18,-2.38419,-1.81565
18,-2.36034,-1.79524
18,-2.3365,-1.73977
18,-2.31266,-1.77409
18,-2.28882,-1.78823
18,-2.26498,-1.79184
18,-2.24113,-1.76006
18,-2.21729,-1.7739
18,-2.19345,-1.78337
18,-2.16961,-1.79195
18,-2.14577,-1.80167
18,-2.12193,-1.80282
18,-2.09808,-1.80772
18,-2.07424,-1.80393
18,-2.0504,-1.80932
18,-2.02656,-1.80709
18,-2.00272,-1.81681
18,-1.97887,-1.81477
18,-1.95503,-1.8127
18,-1.93119,-1.77858
18,-1.90735,-1.80354
18,-1.88351,-1.80543
18,-1.85966,-1.79166
18,-1.83582,-1.73207
18,-1.81198,-1.76125
18,-1.78814,-1.765
18,-1.7643,-1.7922
18,-1.74046,-1.7488
18,-1.71661,-1.76472
18,-1.69277,-1.77832
18,-1.66893,-1.77396
18,-1.64509,-1.77241
18,-1.62125,-1.77213
18,-1.5974,-1.76208
18,-1.57356,-1.74673
18,-1.54972,-1.76381
18,-1.52588,-1.78011
18,-1.50204,-1.77868
18,-1.4782,-1.7686
18,-1.45435,-1.64308
18,-1.43051,-1.68115
18,-1.40667,-1.74617
18,-1.38283,-1.75095
18,-1.35899,-1.7179
18,-1.33514,-1.59834
18,-1.3113,-1.71342
18,-1.28746,-1.72432
18,-1.26362,-1.7448
18,-1.23978,-1.6772
18,-1.21593,-1.73721
18,-1.19209,-1.73982
18,-1.16825,-1.75631
18,-1.14441,-1.74799
18,-1.12057,-1.75339
18,-1.09673,-1.76422
18,-1.07288,-1.7413
18,-1.04904,-1.76222
18,-1.0252,-1.73465
18,-1.00136,-1.75144
18,-0.977516,-1.73809
18,-0.953674,-1.69488
18,-0.929832,-1.57229
18,-0.905991,-1.58005
18,-0.882149,-1.65184
18,-0.858307,-1.62859
18,-0.834465,-1.40314
18,-0.810623,-1.41279
18,-0.786781,-1.5098
18,-0.762939,-1.49842
18,-0.739098,-1.33852
18,-0.715256,-1.18495
18,-0.691414,-1.40327
18,-0.667572,-1.09062
18,-0.64373,-1.31634
18,-0.619888,-1.23049
18,-0.596046,-1.25555
18,-0.572205,-1.29334
18,-0.548363,-1.28473
18,-0.524521,-0.871434
18,-0.500679,-1.1192
18,-0.476837,-0.890218
18,-0.452995,-0.744292
18,-0.429153,0.773498
18,-0.405312,1.23893
18,-0.38147,0.776765
18,-0.357628,0.23899
18,-0.333786,1.29765
18,-0.309944,2.08637
18,-0.286102,3.06863
18,-0.26226,1.6315
18,-0.238419,4.81726
18,-0.214577,3.56447
18,-0.190735,3.97124
18,-0.166893,7.44024
18,-0.143051,13.6953
18,-0.119209,15.398
18,-0.0953674,10.6523
18,-0.0715256,10.2708
18,-0.0476837,15.3279
18,-0.0238419,16.6845
18,0,13.2676
18,0.0238419,13.8015
18,0.0476837,9.7163
18,0.0715256,6.29309
18,0.0953674,4.43297
18,0.119209,3.7229
18,0.143051,2.26587
18,0.166893,2.45893
18,0.190735,1.60226
18,0.214577,1.63375
18,0.238419,0.21874
18,0.26226,0.859652
18,0.286102,0.286966
18,0.309944,0.0367187
18,0.333786,-0.223756
18,0.357628,-0.549493
18,0.38147,-0.965076
18,0.405312,-1.07147
18,0.429153,-1.29881
18,0.452995,-1.34272
18,0.476837,-1.39839
18,0.500679,-1.48884
18,0.524521,-1.53041
18,0.548363,-1.53998
18,0.572205,-1.43224
18,0.596046,-1.59443
18,0.619888,-1.60623
18,0.64373,-1.62558
18,0.667572,-1.42826
18,0.691414,-1.63717
18,0.715256,-1.58979
18,0.739098,-1.68339
18,0.762939,-1.57315
18,0.786781,-1.65158
18,0.810623,-1.70265
18,0.834465,-1.76224
18,0.858307,-1.73499
18,0.882149,-1.78198
18,0.905991,-1.79891
18,0.929832,-1.81678
18,0.953674,-1.82344
18,0.977516,-1.80977
18,1.00136,-1.83053
18,1.0252,-1.83677
18,1.04904,-1.8254
18,1.07288,-1.77526
18,1.09673,-1.83473
18,1.12057,-1.82556
18,1.14441,-1.81724
18,1.16825,-1.7368
18,1.19209,-1.81013
18,1.21593,-1.82283
18,1.23978,-1.84488
18,1.26362,-1.77329
18,1.28746,-1.81934
18,1.3113,-1.81723
18,1.33514,-1.84857
18,1.35899,-1.85241
18,1.38283,-1.87603
18,1.40667,-1.85656
18,1.43051,-1.87011
18,1.45435,-1.87063
18,1.4782,-1.87907
18,1.50204,-1.89279
18,1.52588,-1.89062
18,1.54972,-1.86097
18,1.57356,-1.84735
18,1.5974,-1.86882
18,1.62125,-1.8752
18,1.64509,-1.87334
18,1.66893,-1.82273
18,1.69277,-1.86328
18,1.71661,-1.86429
18,1.74046,-1.87841
18,1.7643,-1.8411
18,1.78814,-1.8618
18,1.81198,-1.87384
18,1.83582,-1.88852
18,1.85966,-1.88053
18,1.88351,-1.89018
18,1.90735,-1.89648
18,1.93119,-1.90264
18,1.95503,-1.89952
18,1.97887,-1.90027
18,2.00272,-1.9063
18,2.02656,-1.90506
18,2.0504,-1.89057
18,2.07424,-1.86553
18,2.09808,-1.89124
18,2.12193,-1.8949
18,2.14577,-1.8935
18,2.16961,-1.85424
18,2.19345,-1.88888
18,2.21729,-1.88977
18,2.24113,-1.89362
18,2.26498,-1.85202
18,2.28882,-1.89321
18,2.31266,-1.89691
18,2.3365,-1.9089
18,2.36034,-1.89333
18,2.38419,-1.90333
18,2.40803,-1.91494
18,2.43187,-1.91475
18,2.45571,-1.91767
18,2.47955,-1.92399
18,2.5034,-1.92211
18,2.52724,-1.9219
18,2.55108,-1.90229
18,2.57492,-1.88115
18,2.59876,-1.91576
18,2.6226,-1.91865
18,2.64645,-1.9136
18,2.67029,-1.83131
18,2.69413,-1.8931
18,2.71797,-1.88969
18,2.74181,-1.90446
18,2.76566,-1.84341
18,2.7895,-1.89707
18,2.81334,-1.88911
18,2.83718,-1.92588
18,2.86102,-1.89366
18,2.88486,-1.90649
18,2.90871,-1.92061
18,2.93255,-1.92192
18,2.95639,-1.91696
18,2.98023,-1.925
18,3.00407,-1.9314
18,3.02792,-1.92624
18,3.05176,-1.90981
18,3.0756,-1.87092
18,3.09944,-1.9118
18,3.12328,-1.9047
18,3.14713,-1.87869
18,3.17097,-1.79216
18,3.19481,-1.87473
18,3.21865,-1.89492
18,3.24249,-1.89454
18,3.26633,-1.77306
18,3.29018,-1.86097
18,3.31402,-1.8623
18,3.33786,-1.89694
18,3.3617,-1.87308
18,3.38554,-1.88845
18,3.40939,-1.89881
18,3.43323,-1.91449
18,3.45707,-1.91423
18,3.48091,-1.91587
18,3.50475,-1.9186
18,3.52859,-1.9246
18,3.55244,-1.88741
18,3.57628,-1.867
18,3.60012,-1.91389
18,3.62396,-1.92429
18,3.6478,-1.87993
18,3.67165,-1.79438
18,3.69549,-1.88241
18,3.71933,-1.87236
18,3.74317,-1.88754
18,3.76701,-1.832
18,3.79086,-1.8915
18,3.8147,-1.90025
18,3.83854,-1.92503
18,3.86238,-1.8995
18,3.88622,-1.92594
18,3.91006,-1.92614
18,3.93391,-1.94262
18,3.95775,-1.94515
18,3.98159,-1.95517
18,4.00543,-1.95365
18,4.02927,-1.96226
18,4.05312,-1.95406
18,4.07696,-1.94089
18,4.1008,-1.94807
18,4.12464,-1.95781
18,4.14848,-1.95301
18,4.17233,-1.92132
18,4.19617,-1.94759
18,4.22001,-1.96544
18,4.24385,-1.96394
18,4.26769,-1.93645
18,4.29153,-1.96308
18,4.31538,-1.95582
18,4.33922,-1.97313
18,4.36306,-1.97381
18,4.3869,-1.98063
18,4.41074,-1.97354
18,4.43459,-1.98345
18,4.45843,-1.97889
18,4.48227,-1.98298
18,4.50611,-1.98034
18,4.52995,-1.98932
18,4.55379,-1.97727
18,4.57764,-1.9799
18,4.60148,-1.98515
18,4.62532,-1.99933
18,4.64916,-1.98788
18,4.673,-1.9699
18,4.69685,-1.98548
18,4.72069,-1.98688
18,4.74453,-1.99548
18,4.76837,-1.97967
18,4.79221,-1.99591
18,4.81606,-1.99074
18,4.8399,-1.99321
18,4.86374,-1.99731
18,4.88758,-1.99025
18,4.91142,-1.98771
18,4.93526,-2.00522
18,4.95911,-1.99629
18,4.98295,-1.99954
18,5.00679,-1.99706
18,5.03063,-1.99739
18,5.05447,-2.00641
18,5.07832,-2.00549
18,5.10216,-2.00307
18,5.126,-2.00506
18,5.14984,-2.01515
18,5.17368,-2.00065
18,5.19753,-2.00732
18,5.22137,-2.00185
18,5.24521,-2.00532
18,5.26905,-2.00276
18,5.29289,-2.00523
18,5.31673,-2.00477
18,5.34058,-2.00632
18,5.36442,-2.00889
18,5.38826,-2.0164
18,5.4121,-2.00596
18,5.43594,-2.00894
18,5.45979,-2.00606
18,5.48363,-2.0109
18,5.50747,-2.01328
18,5.53131,-2.01392
18,5.55515,-2.01349
18,5.57899,-2.01084
18,5.60284,-2.01562
18,5.62668,-2.01577
18,5.65052,-2.01416
18,5.67436,-2.0157
18,5.6982,-2.01598
18,5.72205,-2.01695
18,5.74589,-2.0209
18,5.76973,-2.01639
18,5.79357,-2.02426
18,5.81741,-2.01519
18,5.84126,-2.02282
18,5.8651,-2.01266
18,5.88894,-2.02091
18,5.91278,-2.01327
18,5.93662,-2.0199
18,5.96046,-2.01434
18,5.98431,-2.02198
18,6.00815,-2.03077
18,6.03199,-2.02497
18,6.05583,-2.0188
18,6.07967,-2.02918
18,6.10352,-2.02673
18,6.12736,-2.02465
18,6.1512,-2.03307
18,6.17504,-2.02548
18,6.19888,-2.02361
18,6.22272,-2.03493
18,6.24657,-2.03146
18,6.27041,-2.03115
18,6.29425,-2.02824
18,6.31809,-2.03111
18,6.34193,-2.02483
18,6.36578,-2.02844
18,6.38962,-2.03248
18,6.41346,-2.03452
18,6.4373,-2.03584
18,6.46114,-2.02625
18,6.48499,-2.0341
18,6.50883,-2.03767
18,6.53267,-2.04168
18,6.55651,-2.03241
18,6.58035,-2.04583
18,6.60419,-2.03336
18,6.62804,-2.03619
18,6.65188,-2.03958
18,6.67572,-2.03086
18,6.69956,-2.03723
18,6.7234,-2.04057
18,6.74725,-2.0371
18,6.77109,-2.04024
18,6.79493,-2.03816
18,6.81877,-2.0318
18,6.84261,-2.0319
18,6.86646,-2.03654
18,6.8903,-2.03953
18,6.91414,-2.04067
18,6.93798,-2.04593
18,6.96182,-2.03417
18,6.98566,-2.04669
18,7.00951,-2.0409
18,7.03335,-2.04502
18,7.05719,-2.03979
18,7.08103,-2.04593
18,7.10487,-2.05078
18,7.12872,-2.05221
18,7.15256,-2.04324
18,7.1764,-2.05306
18,7.20024,-2.05123
18,7.22408,-2.04571
18,7.24792,-2.03868
18,7.27177,-2.04233
18,7.29561,-2.05094
18,7.31945,-2.05369
18,7.34329,-2.05051
18,7.36713,-2.05202
18,7.39098,-2.05492
18,7.41482,-2.05532
18,7.43866,-2.04608
18,7.4625,-2.05134
18,7.48634,-2.0571
18,7.51019,-2.04835
18,7.53403,-2.05432
18,7.55787,-2.05627
18,7.58171,-2.05611
18,7.60555,-2.05224
18,7.62939,-2.05484
18,7.65324,-2.05602
18,7.67708,-2.05139
18,7.70092,-2.05786
18,7.72476,-2.05232
18,7.7486,-2.06341
18,7.77245,-2.06157
18,7.79629,-2.06262
18,7.82013,-2.05659
18,7.84397,-2.05278
18,7.86781,-2.06038
18,7.89165,-2.05608
18,7.9155,-2.05462
18,7.93934,-2.0559
18,7.96318,-2.06022
18,7.98702,-2.06803
18,8.01086,-2.05548
18,8.03471,-2.07376
18,8.05855,-2.06463
18,8.08239,-2.06724
18,8.10623,-2.06656
18,8.13007,-2.05967
18,8.15392,-2.07011
18,8.17776,-2.06109
18,8.2016,-2.05665
18,8.22544,-2.0706
18,8.24928,-2.07008
18,8.27312,-2.07071
18,8.29697,-2.06997
18,8.32081,-2.06019
18,8.34465,-2.06193
18,8.36849,-2.0701
18,8.39233,-2.06577
18,8.41618,-2.06049
18,8.44002,-2.06781
18,8.46386,-2.06531
18,8.4877,-2.07511
18,8.51154,-2.07852
18,8.53539,-2.07815
18,8.55923,-2.07399
18,8.58307,-2.06872
18,8.60691,-2.07626
18,8.63075,-2.07223
18,8.65459,-2.07092
18,8.67844,-2.07365
18,8.70228,-2.07452
18,8.72612,-2.0703
18,8.74996,-2.07512
18,8.7738,-2.0789
18,8.79765,-2.06685
18,8.82149,-2.07154
18,8.84533,-2.07788
18,8.86917,-2.07036
18,8.89301,-2.07843
18,8.91685,-2.08083
18,8.9407,-2.07947
18,8.96454,-2.07945
18,8.98838,-2.08117
18,9.01222,-2.08101
18,9.03606,-2.08019
18,9.05991,-2.07273
18,9.08375,-2.08775
18,9.10759,-2.08996
18,9.13143,-2.08203
18,9.15527,-2.08181
18,9.17912,-2.08046
18,9.20296,-2.08244
18,9.2268,-2.07727
18,9.25064,-2.08293
18,9.27448,-2.08353
18,9.29832,-2.08642
18,9.32217,-2.08013
18,9.34601,-2.08608
18,9.36985,-2.08449
18,9.39369,-2.08428
18,9.41753,-2.08922
18,9.44138,-2.09229
18,9.46522,-2.08892
18,9.48906,-2.08434
18,9.5129,-2.08552
18,9.53674,-2.09047
18,9.56059,-2.08983
18,9.58443,-2.09023
18,9.60827,-2.09493
18,9.63211,-2.0935
18,9.65595,-2.08432
18,9.67979,-2.08857
18,9.70364,-2.08574
18,9.72748,-2.09806
18,9.75132,-2.08756
18,9.77516,-2.08642
18,9.799,-2.08702
18,9.82285,-2.09705
18,9.84669,-2.09769
18,9.87053,-2.09728
18,9.89437,-2.10373
18,9.91821,-2.09654
18,9.94205,-2.09422
18,9.9659,-2.10051
18,9.98974,-2.09498
18,10.0136,-2.09626
18,10.0374,-2.09782
18,10.0613,-2.1017
18,10.0851,-2.1022
18,10.1089,-2.10018
18,10.1328,-2.0964
18,10.1566,-2.10051
18,10.1805,-2.10209
18,10.2043,-2.09731
18,10.2282,-2.09793
18,10.252,-2.09821
18,10.2758,-2.10685
18,10.2997,-2.09905
18,10.3235,-2.10446
18,10.3474,-2.10348
18,10.3712,-2.09915
18,10.3951,-2.09799
18,10.4189,-2.10659
18,10.4427,-2.1068
18,10.4666,-2.101
18,10.4904,-2.1012
18,10.5143,-2.1013
18,10.5381,-2.09977
18,10.5619,-2.10239
18,10.5858,-2.10371
18,10.6096,-2.10948
18,10.6335,-2.10418
18,10.6573,-2.10514
18,10.6812,-2.10477
18,10.705,-2.11218
18,10.7288,-2.11273
18,10.7527,-2.10835
18,10.7765,-2.10992
18,10.8004,-2.11039
18,10.8242,-2.10856
18,10.848,-2.10814
18,10.8719,-2.11186
18,10.8957,-2.1102
18,10.9196,-2.10495
18,10.9434,-2.11179
18,10.9673,-2.10904
18,10.9911,-2.11815
18,11.0149,-2.10922
18,11.0388,-2.11185
18,11.0626,-2.11504
18,11.0865,-2.10716
18,11.1103,-2.11386
18,11.1341,-2.11953
18,11.158,-2.11489
18,11.1818,-2.11934
18,11.2057,-2.1149
18,11.2295,-2.11473
18,11.2534,-2.11932
18,11.2772,-2.11556
18,11.301,-2.11949
18,11.3249,-2.12379
18,11.3487,-2.11666
18,11.3726,-2.11836
18,11.3964,-2.12221
18,11.4202,-2.11752
18,11.4441,-2.12385
18,11.4679,-2.12305
18,11.4918,-2.11949
18,11.5156,-2.11782
18,11.5395,-2.12274
18,11.5633,-2.11803
18,11.5871,-2.11852
18,11.611,-2.12385
18,11.6348,-2.12259
18,11.6587,-2.12405
18,11.6825,-2.12642
18,11.7064,-2.12203
18,11.7302,-2.12479
18,11.754,-2.12596
18,11.7779,-2.13375
18,11.8017,-2.12962
18,11.8256,-2.11778
18,11.8494,-2.12496
18,11.8732,-2.12937
18,11.8971,-2.12503
18,11.9209,-2.12825
18,11.9448,-2.13303
18,11.9686,-2.12388
18,11.9925,-2.12212
18,12.0163,-2.12558
18,12.0401,-2.12652
18,12.064,-2.1321
18,12.0878,-2.13036
18,12.1117,-2.13257
18,12.1355,-2.13875
18,12.1593,-2.13929
18,12.1832,-2.13436
18,12.207,-2.13129
18,12.2309,-2.13573
18,12.2547,-2.12412
18,12.2786,-2.13319
18,12.3024,-2.12877
18,12.3262,-2.12948
18,12.3501,-2.14189
18,12.3739,-2.14295
18,12.3978,-2.14166
18,12.4216,-2.13912
18,12.4454,-2.13938
18,12.4693,-2.13383
18,12.4931,-2.13495
18,12.517,-2.13907
18,12.5408,-2.12899
18,12.5647,-2.14188
18,12.5885,-2.13911
18,12.6123,-2.13504
18,12.6362,-2.1363
18,12.66,-2.13259
18,12.6839,-2.14727
18,12.7077,-2.1357
18,12.7316,-2.14072
18,12.7554,-2.13373
18,12.7792,-2.14673
18,12.8031,-2.14131
18,12.8269,-2.1374
18,12.8508,-2.14097
18,12.8746,-2.14053
18,12.8984,-2.14848
18,12.9223,-2.14259
18,12.9461,-2.14184
18,12.97,-2.13434
18,12.9938,-2.14024
18,13.0177,-2.14734
18,13.0415,-2.14812
18,13.0653,-2.13708
18,13.0892,-2.14567
18,13.113,-2.14635
18,13.1369,-2.14447
18,13.1607,-2.14659
18,13.1845,-2.14126
18,13.2084,-2.14626
18,13.2322,-2.15502
18,13.2561,-2.14516
18,13.2799,-2.14308
18,13.3038,-2.1478
18,13.3276,-2.14491
18,13.3514,-2.14751
18,13.3753,-2.1487
18,13.3991,-2.14954
18,13.423,-2.14966
18,13.4468,-2.14858
18,13.4706,-2.15245
18,13.4945,-2.14836
18,13.5183,-2.14309
18,13.5422,-2.1483
18,13.566,-2.14893
18,13.5899,-2.14525
18,13.6137,-2.15205
18,13.6375,-2.15451
18,13.6614,-2.15092
18,13.6852,-2.15466
18,13.7091,-2.15644
18,13.7329,-2.15255
18,13.7568,-2.1523
18,13.7806,-2.15363
18,13.8044,-2.15632
18,13.8283,-2.15589
18,13.8521,-2.14913
18,13.876,-2.15871
18,13.8998,-2.16215
18,13.9236,-2.15562
18,13.9475,-2.15739
18,13.9713,-2.15393
18,13.9952,-2.16224
18,14.019,-2.16129
18,14.0429,-2.14997
18,14.0667,-2.16122
18,14.0905,-2.15538
18,14.1144,-2.16025
18,14.1382,-2.16363
18,14.1621,-2.15538
18,14.1859,-2.15798
18,14.2097,-2.16183
18,14.2336,-2.16498
18,14.2574,-2.15422
18,14.2813,-2.1589
18,14.3051,-2.16001
18,14.329,-2.16528
18,14.3528,-2.16076
18,14.3766,-2.15929
18,14.4005,-2.16177
18,14.4243,-2.169
18,14.4482,-2.16949
18,14.472,-2.15898
18,14.4958,-2.17008
18,14.5197,-2.16732
18,14.5435,-2.16605
18,14.5674,-2.1647
18,14.5912,-2.15857
18,14.6151,-2.17001
18,14.6389,-2.17643
18,14.6627,-2.1596
18,14.6866,-2.16444
18,14.7104,-2.15351
18,14.7343,-2.16764
18,14.7581,-2.16753
18,14.782,-2.17242
18,14.8058,-2.17164
18,14.8296,-2.1694
18,14.8535,-2.17326
18,14.8773,-2.16017
18,14.9012,-2.16871
18,14.925,-2.16859
18,14.9488,-2.17237
18,14.9727,-2.17283
18,14.9965,-2.16372
17,-14.9965,0.658695
17,-14.9727,0.647474
17,-14.9488,0.665505
17,-14.925,0.659517
17,-14.9012,0.655209
17,-14.8773,0.663304
17,-14.8535,0.65609
17,-14.8296,0.656205
17,-14.8058,0.669237
17,-14.782,0.662848
17,-14.7581,0.657606
17,-14.7343,0.66439
17,-14.7104,0.662742
17,-14.6866,0.660506
17,-14.6627,0.66035
17,-14.6389,0.669032
17,-14.6151,0.6652
17,-14.5912,0.668506
17,-14.5674,0.666387
17,-14.5435,0.656969
17,-14.5197,0.665131
17,-14.4958,0.655848
17,-14.472,0.660955
17,-14.4482,0.667008
17,-14.4243,0.66322
17,-14.4005,0.674035
17,-14.3766,0.658414
17,-14.3528,0.65838
17,-14.329,0.668395
17,-14.3051,0.658322
17,-14.2813,0.669594
17,-14.2574,0.665866
17,-14.2336,0.670968
17,-14.2097,0.662898
17,-14.1859,0.657873
17,-14.1621,0.66675
17,-14.1382,0.663755
17,-14.1144,0.664104
17,-14.0905,0.662815
17,-14.0667,0.662502
17,-14.0429,0.656831
17,-14.019,0.665504
17,-13.9952,0.667209
17,-13.9713,0.664625
17,-13.9475,0.674463
17,-13.9236,0.668433
17,-13.8998,0.656416
17,-13.876,0.661773
17,-13.8521,0.663696
17,-13.8283,0.654668
17,-13.8044,0.667059
17,-13.7806,0.663421
17,-13.7568,0.671229
17,-13.7329,0.673844
17,-13.7091,0.667082
17,-13.6852,0.666605
17,-13.6614,0.661623
17,-13.6375,0.666523
17,-13.6137,0.66897
17,-13.5899,0.662249
17,-13.566,0.666954
17,-13.5422,0.663123
17,-13.5183,0.666618
17,-13.4945,0.662866
17,-13.4706,0.665741
17,-13.4468,0.659723
17,-13.423,0.671772
17,-13.3991,0.668627
17,-13.3753,0.66346
17,-13.3514,0.668916
17,-13.3276,0.660615
17,-13.3038,0.665632
17,-13.2799,0.657579
17,-13.2561,0.664974
17,-13.2322,0.669826
17,-13.2084,0.67123
17,-13.1845,0.666343
17,-13.1607,0.674813
17,-13.1369,0.67034
17,-13.113,0.670222
17,-13.0892,0.657
17,-13.0653,0.66871
17,-13.0415,0.660935
17,-13.0177,0.670289
17,-12.9938,0.656225
17,-12.97,0.667323
17,-12.9461,0.667747
17,-12.9223,0.663335
17,-12.8984,0.669112
17,-12.8746,0.663184
17,-12.8508,0.663085
17,-12.8269,0.667355
17,-12.8031,0.661071
17,-12.7792,0.668049
17,-12.7554,0.67219
17,-12.7316,0.662693
17,-12.7077,0.662089
17,-12.6839,0.669953
17,-12.66,0.668689
17,-12.6362,0.66604
17,-12.6123,0.665592
17,-12.5885,0.666836
17,-12.5647,0.656316
17,-12.5408,0.672495
17,-12.517,0.670523
17,-12.4931,0.669478
17,-12.4693,0.676607
17,-12.4454,0.66847
17,-12.4216,0.674634
17,-12.3978,0.661122
17,-12.3739,0.662139
17,-12.3501,0.665654
17,-12.3262,0.662457
17,-12.3024,0.663185
17,-12.2786,0.668676
17,-12.2547,0.673207
17,-12.2309,0.680947
17,-12.207,0.667678
17,-12.1832,0.665381
17,-12.1593,0.660448
17,-12.1355,0.668767
17,-12.1117,0.666183
17,-12.0878,0.655086
17,-12.064,0.670309
17,-12.0401,0.666049
17,-12.0163,0.66452
17,-11.9925,0.653976
17,-11.9686,0.659912
17,-11.9448,0.662619
17,-11.9209,0.663771
17,-11.8971,0.671207
17,-11.8732,0.662777
17,-11.8494,0.662595
17,-11.8256,0.669607
17,-11.8017,0.673794
17,-11.7779,0.663627
17,-11.754,0.665916
17,-11.7302,0.669923
17,-11.7064,0.659956
17,-11.6825,0.663887
17,-11.6587,0.658746
17,-11.6348,0.669729
17,-11.611,0.671436
17,-11.5871,0.672982
17,-11.5633,0.677272
17,-11.5395,0.678397
17,-11.5156,0.676968
17,-11.4918,0.673324
17,-11.4679,0.666682
17,-11.4441,0.662431
17,-11.4202,0.673944
17,-11.3964,0.674787
17,-11.3726,0.663655
17,-11.3487,0.665094
17,-11.3249,0.673242
17,-11.301,0.663696
17,-11.2772,0.667269
17,-11.2534,0.674276
17,-11.2295,0.67543
17,-11.2057,0.666237
17,-11.1818,0.671127
17,-11.158,0.673445
17,-11.1341,0.672402
17,-11.1103,0.675837
17,-11.0865,0.672094
17,-11.0626,0.670464
17,-11.0388,0.667
17,-11.0149,0.665352
17,-10.9911,0.666987
17,-10.9673,0.677635
17,-10.9434,0.668092
17,-10.9196,0.679213
17,-10.8957,0.670746
17,-10.8719,0.669148
17,-10.848,0.674393
17,-10.8242,0.668737
17,-10.8004,0.675136
17,-10.7765,0.669122
17,-10.7527,0.667396
17,-10.7288,0.668869
17,-10.705,0.672237
17,-10.6812,0.66198
17,-10.6573,0.667444
17,-10.6335,0.6709
17,-10.6096,0.668787
17,-10.5858,0.685161
17,-10.5619,0.675999
17,-10.5381,0.681958
17,-10.5143,0.669192
17,-10.4904,0.668512
17,-10.4666,0.677545
17,-10.4427,0.666287
17,-10.4189,0.673052
17,-10.3951,0.669978
17,-10.3712,0.66556
17,-10.3474,0.67725
17,-10.3235,0.670547
17,-10.2997,0.682432
17,-10.2758,0.671395
17,-10.252,0.684783
17,-10.2282,0.709778
17,-10.2043,0.688213
17,-10.1805,0.689942
17,-10.1566,0.683964
17,-10.1328,0.683821
17,-10.1089,0.693848
17,-10.0851,0.692309
17,-10.0613,0.693125
17,-10.0374,0.684383
17,-10.0136,0.701574
17,-9.98974,0.676033
17,-9.9659,0.684542
17,-9.94205,0.684434
17,-9.91821,0.682044
17,-9.89437,0.687025
17,-9.87053,0.682157
17,-9.84669,0.687037
17,-9.82285,0.674165
17,-9.799,0.679832
17,-9.77516,0.682717
17,-9.75132,0.6764
17,-9.72748,0.672955
17,-9.70364,0.675219
17,-9.67979,0.670824
17,-9.65595,0.685955
17,-9.63211,0.675366
17,-9.60827,0.680016
17,-9.58443,0.674596
17,-9.56059,0.676906
17,-9.53674,0.677031
17,-9.5129,0.672564
17,-9.48906,0.677556
17,-9.46522,0.675
17,-9.44138,0.67765
17,-9.41753,0.677615
17,-9.39369,0.681927
17,-9.36985,0.6737
17,-9.34601,0.67853
17,-9.32217,0.673221
17,-9.29832,0.681057
17,-9.27448,0.673586
17,-9.25064,0.68943
17,-9.2268,0.676215
17,-9.20296,0.676557
17,-9.17912,0.677457
17,-9.15527,0.674943
17,-9.13143,0.683638
17,-9.10759,0.682312
17,-9.08375,0.672947
17,-9.05991,0.686313
17,-9.03606,0.691813
17,-9.01222,0.675627
17,-8.98838,0.678787
17,-8.96454,0.685712
17,-8.9407,0.69142
17,-8.91685,0.690919
17,-8.89301,0.690172
17,-8.86917,0.674367
17,-8.84533,0.683498
17,-8.82149,0.686871
17,-8.79765,0.696822
17,-8.7738,0.676736
17,-8.74996,0.686064
17,-8.72612,0.679979
17,-8.70228,0.681822
17,-8.67844,0.682131
17,-8.65459,0.682203
17,-8.63075,0.672738
17,-8.60691,0.683851
17,-8.58307,0.68102
17,-8.55923,0.686009
17,-8.53539,0.682159
17,-8.51154,0.686989
17,-8.4877,0.687435
17,-8.46386,0.677003
17,-8.44002,0.674788
17,-8.41618,0.685626
17,-8.39233,0.691273
17,-8.36849,0.682462
17,-8.34465,0.684161
17,-8.32081,0.688738
17,-8.29697,0.683855
17,-8.27312,0.684075
17,-8.24928,0.683832
17,-8.22544,0.689326
17,-8.2016,0.685554
17,-8.17776,0.691068
17,-8.15392,0.683139
17,-8.13007,0.692017
17,-8.10623,0.689524
17,-8.08239,0.675726
17,-8.05855,0.695156
17,-8.03471,0.699634
17,-8.01086,0.689443
17,-7.98702,0.688945
17,-7.96318,0.673903
17,-7.93934,0.689681
17,-7.9155,0.691383
17,-7.89165,0.688854
17,-7.86781,0.699438
17,-7.84397,0.684291
17,-7.82013,0.684988
17,-7.79629,0.682887
17,-7.77245,0.690824
17,-7.7486,0.694424
17,-7.72476,0.707677
17,-7.70092,0.684538
17,-7.67708,0.698185
17,-7.65324,0.689696
17,-7.62939,0.70327
17,-7.60555,0.690383
17,-7.58171,0.700954
17,-7.55787,0.71083
17,-7.53403,0.699945
17,-7.51019,0.699861
17,-7.48634,0.701109
17,-7.4625,0.690808
17,-7.43866,0.706817
17,-7.41482,0.7035
17,-7.39098,0.68899
17,-7.36713,0.694425
17,-7.34329,0.697459
17,-7.31945,0.700446
17,-7.29561,0.693706
17,-7.27177,0.683136
17,-7.24792,0.700065
17,-7.22408,0.698034
17,-7.20024,0.702914
17,-7.1764,0.695707
17,-7.15256,0.698206
17,-7.12872,0.706854
17,-7.10487,0.701006
17,-7.08103,0.690179
17,-7.05719,0.696503
17,-7.03335,0.706701
17,-7.00951,0.704396
17,-6.98566,0.704182
17,-6.96182,0.700121
17,-6.93798,0.70383
17,-6.91414,0.704675
17,-6.8903,0.693278
17,-6.86646,0.694837
17,-6.84261,0.702439
17,-6.81877,0.712968
17,-6.79493,0.699455
17,-6.77109,0.702532
17,-6.74725,0.702077
17,-6.7234,0.703495
17,-6.69956,0.693074
17,-6.67572,0.704381
17,-6.65188,0.692314
17,-6.62804,0.706855
17,-6.60419,0.706892
17,-6.58035,0.703572
17,-6.55651,0.707152
17,-6.53267,0.701628
17,-6.50883,0.708567
17,-6.48499,0.703036
17,-6.46114,0.703284
17,-6.4373,0.713835
17,-6.41346,0.719021
17,-6.38962,0.700382
17,-6.36578,0.711376
17,-6.34193,0.709344
17,-6.31809,0.717075
17,-6.29425,0.717645
17,-6.27041,0.705722
17,-6.24657,0.714897
17,-6.22272,0.715949
17,-6.19888,0.705252
17,-6.17504,0.697507
17,-6.1512,0.714365
17,-6.12736,0.714392
17,-6.10352,0.728694
17,-6.07967,0.71007
17,-6.05583,0.706533
17,-6.03199,0.710252
17,-6.00815,0.717605
17,-5.98431,0.714227
17,-5.96046,0.707429
17,-5.93662,0.720386
17,-5.91278,0.73369
17,-5.88894,0.735824
17,-5.8651,0.718071
17,-5.84126,0.719759
17,-5.81741,0.728494
17,-5.79357,0.723657
17,-5.76973,0.721988
17,-5.74589,0.724969
17,-5.72205,0.731583
17,-5.6982,0.731045
17,-5.67436,0.72674
17,-5.65052,0.728287
17,-5.62668,0.725165
17,-5.60284,0.722321
17,-5.57899,0.719385
17,-5.55515,0.732453
17,-5.53131,0.747198
17,-5.50747,0.736772
17,-5.48363,0.736001
17,-5.45979,0.731116
17,-5.43594,0.757413
17,-5.4121,0.756496
17,-5.38826,0.752727
17,-5.36442,0.755597
17,-5.34058,0.780119
17,-5.31673,0.781613
17,-5.29289,0.758402
17,-5.26905,0.759886
17,-5.24521,0.761045
17,-5.22137,0.772378
17,-5.19753,0.759117
17,-5.17368,0.764267
17,-5.14984,0.77468
17,-5.126,0.774407
17,-5.10216,0.771787
17,-5.07832,0.749585
17,-5.05447,0.762078
17,-5.03063,0.795383
17,-5.00679,0.789251
17,-4.98295,0.780537
17,-4.95911,0.791827
17,-4.93526,0.871694
17,-4.91142,0.854081
17,-4.88758,0.817985
17,-4.86374,0.805427
17,-4.8399,0.855784
17,-4.81606,0.876617
17,-4.79221,0.834206
17,-4.76837,0.836832
17,-4.74453,0.863016
17,-4.72069,0.89623
17,-4.69685,0.851283
17,-4.673,0.853016
17,-4.64916,0.844807
17,-4.62532,0.850089
17,-4.60148,0.865197
17,-4.57764,0.815736
17,-4.55379,0.916001
17,-4.52995,1.04676
17,-4.50611,1.00234
17,-4.48227,0.938727
17,-4.45843,0.984256
17,-4.43459,1.18463
17,-4.41074,1.12662
17,-4.3869,1.05957
17,-4.36306,1.0933
17,-4.33922,1.2681
17,-4.31538,1.34424
17,-4.29153,1.14566
17,-4.26769,1.14368
17,-4.24385,1.12352
17,-4.22001,1.21044
17,-4.19617,1.09898
17,-4.17233,1.11971
17,-4.14848,1.22804
17,-4.12464,1.34283
17,-4.1008,1.27936
17,-4.07696,1.17868
17,-4.05312,1.33436
17,-4.02927,1.58981
17,-4.00543,1.51216
17,-3.98159,1.3585
17,-3.95775,1.56122
17,-3.93391,2.20603
17,-3.91006,2.03275
17,-3.88622,1.68865
17,-3.86238,1.69571
17,-3.83854,1.87507
17,-3.8147,2.04435
17,-3.79086,1.7344
17,-3.76701,1.80553
17,-3.74317,1.70957
17,-3.71933,2.09052
17,-3.69549,1.59417
17,-3.67165,1.56398
17,-3.6478,1.5247
17,-3.62396,1.5891
17,-3.60012,1.56197
17,-3.57628,1.29252
17,-3.55244,1.56944
17,-3.52859,1.9753
17,-3.50475,1.81726
17,-3.48091,1.51615
17,-3.45707,1.5754
17,-3.43323,1.91029
17,-3.40939,1.76405
17,-3.38554,1.60574
17,-3.3617,1.6643
17,-3.33786,1.74913
17,-3.31402,2.09601
17,-3.29018,1.53993
17,-3.26633,1.54683
17,-3.24249,1.38607
17,-3.21865,1.66531
17,-3.19481,1.34668
17,-3.17097,1.28133
17,-3.14713,1.31064
17,-3.12328,1.44943
17,-3.09944,1.32368
17,-3.0756,1.1469
17,-3.05176,1.23532
17,-3.02792,1.36345
17,-3.00407,1.30541
17,-2.98023,1.16525
17,-2.95639,1.27404
17,-2.93255,1.58775
17,-2.90871,1.50203
17,-2.88486,1.29846
17,-2.86102,1.29317
17,-2.83718,1.30833
17,-2.81334,1.45449
17,-2.7895,1.26661
17,-2.76566,1.27756
17,-2.74181,1.20039
17,-2.71797,1.47307
17,-2.69413,1.14956
17,-2.67029,1.11661
17,-2.64645,1.10196
17,-2.6226,1.15004
17,-2.59876,1.10589
17,-2.57492,0.993978
17,-2.55108,1.15044
17,-2.52724,1.35123
17,-2.5034,1.26507
17,-2.47955,1.13099
17,-2.45571,1.17739
17,-2.43187,1.35135
17,-2.40803,1.28043
17,-2.38419,1.22301
17,-2.36034,1.26953
17,-2.3365,1.31555
17,-2.31266,1.49198
17,-2.28882,1.20243
17,-2.26498,1.19549
17,-2.24113,1.12666
17,-2.21729,1.28586
17,-2.19345,1.10947
17,-2.16961,1.10092
17,-2.14577,1.14442
17,-2.12193,1.25728
17,-2.09808,1.17927
17,-2.07424,1.09858
17,-2.0504,1.18279
17,-2.02656,1.29469
17,-2.00272,1.24253
17,-1.97887,1.16781
17,-1.95503,1.30876
17,-1.93119,1.58509
17,-1.90735,1.48873
17,-1.88351,1.32707
17,-1.85966,1.32038
17,-1.83582,1.35692
17,-1.81198,1.4772
17,-1.78814,1.325
17,-1.7643,1.38354
17,-1.74046,1.278
17,-1.71661,1.55296
17,-1.69277,1.25548
17,-1.66893,1.26861
17,-1.64509,1.2773
17,-1.62125,1.36128
17,-1.5974,1.28449
17,-1.57356,1.19474
17,-1.54972,1.50205
17,-1.52588,1.77044
17,-1.50204,1.6305
17,-1.4782,1.48902
17,-1.45435,1.60388
17,-1.43051,1.87513
17,-1.40667,1.74921
17,-1.38283,1.69266
17,-1.35899,1.77162
17,-1.33514,1.88033
17,-1.3113,2.11946
17,-1.28746,1.74341
17,-1.26362,1.74482
17,-1.23978,1.63035
17,-1.21593,1.91494
17,-1.19209,1.65317
17,-1.16825,1.7095
17,-1.14441,1.90514
17,-1.12057,2.13932
17,-1.09673,1.94925
17,-1.07288,1.87697
17,-1.04904,2.24758
17,-1.0252,2.50355
17,-1.00136,2.3785
17,-0.977516,2.29112
17,-0.953674,2.80303
17,-0.929832,3.54304
17,-0.905991,3.25881
17,-0.882149,2.89114
17,-0.858307,2.969
17,-0.834465,3.11582
17,-0.810623,3.40493
17,-0.786781,3.18056
17,-0.762939,3.42399
17,-0.739098,3.27479
17,-0.715256,4.07095
17,-0.691414,3.46825
17,-0.667572,3.66
17,-0.64373,4.04311
17,-0.619888,4.35862
17,-0.596046,4.26697
17,-0.572205,4.32583
17,-0.548363,6.59524
17,-0.524521,7.71671
17,-0.500679,7.1948
17,-0.476837,7.07398
17,-0.452995,8.40345
17,-0.429153,9.97313
17,-0.405312,9.8068
17,-0.38147,10.1405
17,-0.357628,11.5695
17,-0.333786,13.857
17,-0.309944,14.5671
17,-0.286102,15.7572
17,-0.26226,21.6146
17,-0.238419,29.2123
17,-0.214577,28.667
17,-0.190735,26.4339
17,-0.166893,25.0202
17,-0.143051,24.7505
17,-0.119209,23.8266
17,-0.0953674,24.2596
17,-0.0715256,25.8216
17,-0.0476837,24.9864
17,-0.0238419,26.4662
17,0,24.7984
17,0.0238419,22.5934
17,0.0476837,21.4609
17,0.0715256,21.4868
17,0.0953674,23.4435
17,0.119209,15.8091
17,0.143051,11.8602
17,0.166893,10.3082
17,0.190735,10.9005
17,0.214577,8.62096
17,0.238419,7.88048
17,0.26226,6.79208
17,0.286102,8.22251
17,0.309944,5.85332
17,0.333786,5.2874
17,0.357628,4.84835
17,0.38147,5.19303
17,0.405312,4.50131
17,0.429153,3.54587
17,0.452995,3.95217
17,0.476837,4.18956
17,0.500679,3.73375
17,0.524521,3.28709
17,0.548363,3.3485
17,0.572205,3.52693
17,0.596046,3.27192
17,0.619888,3.03902
17,0.64373,3.07869
17,0.667572,2.96603
17,0.691414,3.41808
17,0.715256,2.64375
17,0.739098,2.55363
17,0.762939,2.31133
17,0.786781,2.77764
17,0.810623,2.09451
17,0.834465,1.99961
17,0.858307,2.05701
17,0.882149,2.67243
17,0.905991,1.91986
17,0.929832,1.71256
17,0.953674,1.89738
17,0.977516,1.97336
17,1.00136,1.80185
17,1.0252,1.69941
17,1.04904,1.96835
17,1.07288,2.13784
17,1.09673,1.94519
17,1.12057,1.73589
17,1.14441,1.72353
17,1.16825,1.71445
17,1.19209,1.84613
17,1.21593,1.59362
17,1.23978,1.59931
17,1.26362,1.46463
17,1.28746,1.8534
17,1.3113,1.3793
17,1.33514,1.40089
17,1.35899,1.32199
17,1.38283,1.43247
17,1.40667,1.26341
17,1.43051,1.18786
17,1.45435,1.43689
17,1.4782,1.55341
17,1.50204,1.38506
17,1.52588,1.2913
17,1.54972,1.39016
17,1.57356,1.49815
17,1.5974,1.41276
17,1.62125,1.3368
17,1.64509,1.39235
17,1.66893,1.43892
17,1.69277,1.53415
17,1.71661,1.2918
17,1.74046,1.28409
17,1.7643,1.17098
17,1.78814,1.38885
17,1.81198,1.14679
17,1.83582,1.14434
17,1.85966,1.18111
17,1.88351,1.31714
17,1.90735,1.12716
17,1.93119,1.08818
17,1.95503,1.2215
17,1.97887,1.26284
17,2.00272,1.16429
17,2.02656,1.11925
17,2.0504,1.31687
17,2.07424,1.49027
17,2.09808,1.34409
17,2.12193,1.22841
17,2.14577,1.25097
17,2.16961,1.27941
17,2.19345,1.3254
17,2.21729,1.21966
17,2.24113,1.23519
17,2.26498,1.14374
17,2.28882,1.39634
17,2.31266,1.11148
17,2.3365,1.11017
17,2.36034,1.08302
17,2.38419,1.17692
17,2.40803,1.04212
17,2.43187,1.00797
17,2.45571,1.32202
17,2.47955,1.4133
17,2.5034,1.24915
17,2.52724,1.16571
17,2.55108,1.33996
17,2.57492,1.44324
17,2.59876,1.33067
17,2.6226,1.29368
17,2.64645,1.39444
17,2.67029,1.48336
17,2.69413,1.53862
17,2.71797,1.31056
17,2.74181,1.29351
17,2.76566,1.19258
17,2.7895,1.42675
17,2.81334,1.17321
17,2.83718,1.2062
17,2.86102,1.27485
17,2.88486,1.48013
17,2.90871,1.22938
17,2.93255,1.20093
17,2.95639,1.45703
17,2.98023,1.5407
17,3.00407,1.38767
17,3.02792,1.32228
17,3.05176,1.81261
17,3.0756,2.08203
17,3.09944,1.78963
17,3.12328,1.61694
17,3.14713,1.68126
17,3.17097,1.82227
17,3.19481,1.83859
17,3.21865,1.7097
17,3.24249,1.74412
17,3.26633,1.58428
17,3.29018,2.07396
17,3.31402,1.51462
17,3.33786,1.54048
17,3.3617,1.45037
17,3.38554,1.70906
17,3.40939,1.3572
17,3.43323,1.3203
17,3.45707,1.85724
17,3.48091,2.00086
17,3.50475,1.69816
17,3.52859,1.53328
17,3.55244,1.80488
17,3.57628,1.94339
17,3.60012,1.74013
17,3.62396,1.70875
17,3.6478,1.79954
17,3.67165,1.88764
17,3.69549,1.91234
17,3.71933,1.61698
17,3.74317,1.59375
17,3.76701,1.46087
17,3.79086,1.79364
17,3.8147,1.35533
17,3.83854,1.34067
17,3.86238,1.29236
17,3.88622,1.54269
17,3.91006,1.19414
17,3.93391,1.13327
17,3.95775,1.20713
17,3.98159,1.26362
17,4.00543,1.13648
17,4.02927,1.06094
17,4.05312,1.20212
17,4.07696,1.28539
17,4.1008,1.15743
17,4.12464,1.08227
17,4.14848,1.08882
17,4.17233,1.11925
17,4.19617,1.11222
17,4.22001,1.0575
17,4.24385,1.04569
17,4.26769,0.977776
17,4.29153,1.1112
17,4.31538,0.932508
17,4.33922,0.923455
17,4.36306,0.878056
17,4.3869,0.94894
17,4.41074,0.857869
17,4.43459,0.831003
17,4.45843,0.889923
17,4.48227,0.893889
17,4.50611,0.848965
17,4.52995,0.832709
17,4.55379,0.854114
17,4.57764,0.856586
17,4.60148,0.849243
17,4.62532,0.840211
17,4.64916,0.847543
17,4.673,0.856471
17,4.69685,0.839501
17,4.72069,0.818408
17,4.74453,0.824372
17,4.76837,0.800674
17,4.79221,0.836865
17,4.81606,0.791522
17,4.8399,0.789435
17,4.86374,0.780061
17,4.88758,0.816734
17,4.91142,0.77424
17,4.93526,0.765024
17,4.95911,0.771522
17,4.98295,0.78403
17,5.00679,0.763341
17,5.03063,0.753966
17,5.05447,0.778608
17,5.07832,0.772626
17,5.10216,0.766789
17,5.126,0.757717
17,5.14984,0.765474
17,5.17368,0.76131
17,5.19753,0.769527
17,5.22137,0.753197
17,5.24521,0.748025
17,5.26905,0.756011
17,5.29289,0.75911
17,5.31673,0.756558
17,5.34058,0.749961
17,5.36442,0.732447
17,5.38826,0.758625
17,5.4121,0.739719
17,5.43594,0.738599
17,5.45979,0.751719
17,5.48363,0.746618
17,5.50747,0.750795
17,5.53131,0.736518
17,5.55515,0.745941
17,5.57899,0.737844
17,5.60284,0.738058
17,5.62668,0.736713
17,5.65052,0.741965
17,5.67436,0.734102
17,5.6982,0.749834
17,5.72205,0.725946
17,5.74589,0.736033
17,5.76973,0.741797
17,5.79357,0.737479
17,5.81741,0.737444
17,5.84126,0.735672
17,5.8651,0.729508
17,5.88894,0.730154
17,5.91278,0.735981
17,5.93662,0.721104
17,5.96046,0.731266
17,5.98431,0.724992
17,6.00815,0.724211
17,6.03199,0.716603
17,6.05583,0.729775
17,6.07967,0.719581
17,6.10352,0.735841
17,6.12736,0.72207
17,6.1512,0.723111
17,6.17504,0.725958
17,6.19888,0.722749
17,6.22272,0.718938
17,6.24657,0.722801
17,6.27041,0.734745
17,6.29425,0.732115
17,6.31809,0.716816
17,6.34193,0.71995
17,6.36578,0.726297
17,6.38962,0.72583
17,6.41346,0.716427
17,6.4373,0.728156
17,6.46114,0.724942
17,6.48499,0.719904
17,6.50883,0.71978
17,6.53267,0.711252
17,6.55651,0.720243
17,6.58035,0.719438
17,6.60419,0.713832
17,6.62804,0.717167
17,6.65188,0.717731
17,6.67572,0.709517
17,6.69956,0.71954
17,6.7234,0.720431
17,6.74725,0.71369
17,6.77109,0.729997
17,6.79493,0.709315
17,6.81877,0.722448
17,6.84261,0.71178
17,6.86646,0.705971
17,6.8903,0.726778
17,6.91414,0.732628
17,6.93798,0.728395
17,6.96182,0.705705
17,6.98566,0.723235
17,7.00951,0.712718
17,7.03335,0.720906
17,7.05719,0.716078
17,7.08103,0.72726
17,7.10487,0.721304
17,7.12872,0.711997
17,7.15256,0.718956
17,7.1764,0.725034
17,7.20024,0.715932
17,7.22408,0.710125
17,7.24792,0.715103
17,7.27177,0.718415
17,7.29561,0.721881
17,7.31945,0.721472
17,7.34329,0.714593
17,7.36713,0.714749
17,7.39098,0.713185
17,7.41482,0.71145
17,7.43866,0.713565
17,7.4625,0.714926
17,7.48634,0.713172
17,7.51019,0.723337
17,7.53403,0.714377
17,7.55787,0.72289
17,7.58171,0.707056
17,7.60555,0.707068
17,7.62939,0.711063
17,7.65324,0.707531
17,7.67708,0.718875
17,7.70092,0.70887
17,7.72476,0.705949
17,7.7486,0.712853
17,7.77245,0.708102
17,7.79629,0.717442
17,7.82013,0.705684
17,7.84397,0.716148
17,7.86781,0.719638
17,7.89165,0.703647
17,7.9155,0.710529
17,7.93934,0.71042
17,7.96318,0.707436
17,7.98702,0.712728
17,8.01086,0.720904
17,8.03471,0.710481
17,8.05855,0.705717
17,8.08239,0.713082
17,8.10623,0.704248
17,8.13007,0.712361
17,8.15392,0.711485
17,8.17776,0.708571
17,8.2016,0.703775
17,8.22544,0.705352
17,8.24928,0.701805
17,8.27312,0.71137
17,8.29697,0.70694
17,8.32081,0.708782
17,8.34465,0.708729
17,8.36849,0.708471
17,8.39233,0.714389
17,8.41618,0.702867
17,8.44002,0.710191
17,8.46386,0.706438
17,8.4877,0.705765
17,8.51154,0.701821
17,8.53539,0.711715
17,8.55923,0.701495
17,8.58307,0.701531
17,8.60691,0.710528
17,8.63075,0.705652
17,8.65459,0.702222
17,8.67844,0.707457
17,8.70228,0.697874
17,8.72612,0.71503
17,8.74996,0.710521
17,8.7738,0.707105
17,8.79765,0.70433
17,8.82149,0.701029
17,8.84533,0.705502
17,8.86917,0.704688
17,8.89301,0.711691
17,8.91685,0.709262
17,8.9407,0.706294
17,8.96454,0.70637
17,8.98838,0.707158
17,9.01222,0.715943
17,9.03606,0.700104
17,9.05991,0.700771
17,9.08375,0.712914
17,9.10759,0.707663
17,9.13143,0.704784
17,9.15527,0.70097
17,9.17912,0.701314
17,9.20296,0.713105
17,9.2268,0.703515
17,9.25064,0.705736
17,9.27448,0.706492
17,9.29832,0.697964
17,9.32217,0.70533
17,9.34601,0.697477
17,9.36985,0.706937
17,9.39369,0.712444
17,9.41753,0.706974
17,9.44138,0.705485
17,9.46522,0.709857
17,9.48906,0.71495
17,9.5129,0.707
17,9.53674,0.708857
17,9.56059,0.712264
17,9.58443,0.725492
17,9.60827,0.724562
17,9.63211,0.705052
17,9.65595,0.706269
17,9.67979,0.698035
17,9.70364,0.710762
17,9.72748,0.703156
17,9.75132,0.733223
17,9.77516,0.74562
17,9.799,0.720943
17,9.82285,0.715078
17,9.84669,0.714731
17,9.87053,0.708679
17,9.89437,0.705843
17,9.91821,0.71517
17,9.94205,0.720081
17,9.9659,0.708567
17,9.98974,0.729992
17,10.0136,0.698611
17,10.0374,0.718676
17,10.0613,0.712324
17,10.0851,0.717216
17,10.1089,0.712293
17,10.1328,0.708618
17,10.1566,0.701334
17,10.1805,0.701288
17,10.2043,0.70398
17,10.2282,0.710049
17,10.252,0.701888
17,10.2758,0.704376
17,10.2997,0.704933
17,10.3235,0.714807
17,10.3474,0.704697
17,10.3712,0.692563
17,10.3951,0.701255
17,10.4189,0.702599
17,10.4427,0.707457
17,10.4666,0.693311
17,10.4904,0.698318
17,10.5143,0.706526
17,10.5381,0.700498
17,10.5619,0.699885
17,10.5858,0.709904
17,10.6096,0.696418
17,10.6335,0.696536
17,10.6573,0.704347
17,10.6812,0.704432
17,10.705,0.692708
17,10.7288,0.697952
17,10.7527,0.696023
17,10.7765,0.702883
17,10.8004,0.710139
17,10.8242,0.70145
17,10.848,0.702335
17,10.8719,0.713815
17,10.8957,0.702339
17,10.9196,0.698674
17,10.9434,0.701715
17,10.9673,0.711228
17,10.9911,0.70424
17,11.0149,0.703456
17,11.0388,0.69553
17,11.0626,0.69987
17,11.0865,0.695497
17,11.1103,0.707985
17,11.1341,0.701413
17,11.158,0.7061
17,11.1818,0.68927
17,11.2057,0.703008
17,11.2295,0.697206
17,11.2534,0.707948
17,11.2772,0.700189
17,11.301,0.700171
17,11.3249,0.702717
17,11.3487,0.699337
17,11.3726,0.701235
17,11.3964,0.708316
17,11.4202,0.702558
17,11.4441,0.708069
17,11.4679,0.70273
17,11.4918,0.702167
17,11.5156,0.708242
17,11.5395,0.704544
17,11.5633,0.696217
17,11.5871,0.696666
17,11.611,0.702181
17,11.6348,0.696621
17,11.6587,0.701924
17,11.6825,0.69623
17,11.7064,0.704078
17,11.7302,0.701113
17,11.754,0.698842
17,11.7779,0.708388
17,11.8017,0.705025
17,11.8256,0.701541
17,11.8494,0.69216
17,11.8732,0.699265
17,11.8971,0.70596
17,11.9209,0.701131
17,11.9448,0.703312
17,11.9686,0.704278
17,11.9925,0.697816
17,12.0163,0.704318
17,12.0401,0.708324
17,12.064,0.70677
17,12.0878,0.695305
17,12.1117,0.701463
17,12.1355,0.708676
17,12.1593,0.706928
17,12.1832,0.698102
17,12.207,0.695279
17,12.2309,0.705355
17,12.2547,0.701245
17,12.2786,0.69321
17,12.3024,0.707199
17,12.3262,0.700669
17,12.3501,0.696573
17,12.3739,0.703908
17,12.3978,0.711614
17,12.4216,0.701927
17,12.4454,0.70418
17,12.4693,0.707093
17,12.4931,0.700139
17,12.517,0.702253
17,12.5408,0.701899
17,12.5647,0.702931
17,12.5885,0.700002
17,12.6123,0.700336
17,12.6362,0.705505
17,12.66,0.693478
17,12.6839,0.691656
17,12.7077,0.699576
17,12.7316,0.699587
17,12.7554,0.70957
17,12.7792,0.697812
17,12.8031,0.701475
17,12.8269,0.700556
17,12.8508,0.697936
17,12.8746,0.707957
17,12.8984,0.689207
17,12.9223,0.708195
17,12.9461,0.695902
17,12.97,0.70497
17,12.9938,0.705711
17,13.0177,0.70598
17,13.0415,0.694117
17,13.0653,0.694455
17,13.0892,0.701509
17,13.113,0.703352
17,13.1369,0.70851
17,13.1607,0.696438
17,13.1845,0.704515
17,13.2084,0.708553
17,13.2322,0.700847
17,13.2561,0.689872
17,13.2799,0.696519
17,13.3038,0.706482
17,13.3276,0.708834
17,13.3514,0.706729
17,13.3753,0.704322
17,13.3991,0.708811
17,13.423,0.711002
17,13.4468,0.713364
17,13.4706,0.703735
17,13.4945,0.697673
17,13.5183,0.704819
17,13.5422,0.710252
17,13.566,0.704318
17,13.5899,0.711862
17,13.6137,0.703403
17,13.6375,0.704283
17,13.6614,0.706514
17,13.6852,0.694699
17,13.7091,0.698298
17,13.7329,0.708664
17,13.7568,0.704734
17,13.7806,0.700089
17,13.8044,0.702792
17,13.8283,0.694225
17,13.8521,0.696096
17,13.876,0.711752
17,13.8998,0.694891
17,13.9236,0.703097
17,13.9475,0.705607
17,13.9713,0.69373
17,13.9952,0.703154
17,14.019,0.692019
17,14.0429,0.708508
17,14.0667,0.698498
17,14.0905,0.698273
17,14.1144,0.707242
17,14.1382,0.697634
17,14.1621,0.708467
17,14.1859,0.696346
17,14.2097,0.702519
17,14.2336,0.68721
17,14.2574,0.71078
17,14.2813,0.695443
17,14.3051,0.704242
17,14.329,0.701304
17,14.3528,0.720769
17,14.3766,0.703613
17,14.4005,0.692454
17,14.4243,0.696422
17,14.4482,0.701279
17,14.472,0.700554
17,14.4958,0.686628
17,14.5197,0.700736
17,14.5435,0.69539
17,14.5674,0.709392
17,14.5912,0.695893
17,14.6151,0.704754
17,14.6389,0.700225
17,14.6627,0.694722
17,14.6866,0.706338
17,14.7104,0.702845
17,14.7343,0.692687
17,14.7581,0.703207
17,14.782,0.695266
17,14.8058,0.712565
17,14.8296,0.699535
17,14.8535,0.700539
17,14.8773,0.695371
17,14.9012,0.701893
17,14.925,0.698636
17,14.9488,0.707693
17,14.9727,0.686915
17,14.9965,0.70838
16,-14.9965,-0.738282
16,-14.9727,-0.733534
16,-14.9488,-0.741602
16,-14.925,-0.735376
16,-14.9012,-0.735163
16,-14.8773,-0.730143
16,-14.8535,-0.731575
16,-14.8296,-0.735737
16,-14.8058,-0.735539
16,-14.782,-0.732522
16,-14.7581,-0.730759
16,-14.7343,-0.725034
16,-14.7104,-0.73275
16,-14.6866,-0.734827
16,-14.6627,-0.733664
16,-14.6389,-0.740537
16,-14.6151,-0.725897
16,-14.5912,-0.726724
16,-14.5674,-0.732103
16,-14.5435,-0.723859
16,-14.5197,-0.726922
16,-14.4958,-0.72808
16,-14.472,-0.723885
16,-14.4482,-0.724404
16,-14.4243,-0.714986
16,-14.4005,-0.723325
16,-14.3766,-0.720841
16,-14.3528,-0.724756
16,-14.329,-0.72288
16,-14.3051,-0.723445
16,-14.2813,-0.719668
16,-14.2574,-0.718414
16,-14.2336,-0.712536
16,-14.2097,-0.720086
16,-14.1859,-0.717171
16,-14.1621,-0.713536
16,-14.1382,-0.709757
16,-14.1144,-0.711373
16,-14.0905,-0.70566
16,-14.0667,-0.712663
16,-14.0429,-0.706287
16,-14.019,-0.710696
16,-13.9952,-0.706854
16,-13.9713,-0.704636
16,-13.9475,-0.714532
16,-13.9236,-0.709706
16,-13.8998,-0.709728
16,-13.876,-0.703794
16,-13.8521,-0.701946
16,-13.8283,-0.703242
16,-13.8044,-0.707846
16,-13.7806,-0.706173
16,-13.7568,-0.702762
16,-13.7329,-0.701488
16,-13.7091,-0.698283
16,-13.6852,-0.706247
16,-13.6614,-0.697755
16,-13.6375,-0.691613
16,-13.6137,-0.699811
16,-13.5899,-0.700594
16,-13.566,-0.699063
16,-13.5422,-0.691666
16,-13.5183,-0.695002
16,-13.4945,-0.697356
16,-13.4706,-0.692529
16,-13.4468,-0.690004
16,-13.423,-0.690504
16,-13.3991,-0.698138
16,-13.3753,-0.690204
16,-13.3514,-0.693886
16,-13.3276,-0.695233
16,-13.3038,-0.696222
16,-13.2799,-0.690928
16,-13.2561,-0.688816
16,-13.2322,-0.683978
16,-13.2084,-0.684621
16,-13.1845,-0.683179
16,-13.1607,-0.682613
16,-13.1369,-0.684133
16,-13.113,-0.680536
16,-13.0892,-0.681398
16,-13.0653,-0.683221
16,-13.0415,-0.684683
16,-13.0177,-0.675981
16,-12.9938,-0.683987
16,-12.97,-0.684946
16,-12.9461,-0.675195
16,-12.9223,-0.670519
16,-12.8984,-0.677824
16,-12.8746,-0.682024
16,-12.8508,-0.683119
16,-12.8269,-0.669187
16,-12.8031,-0.679596
16,-12.7792,-0.672516
16,-12.7554,-0.672899
16,-12.7316,-0.671129
16,-12.7077,-0.674123
16,-12.6839,-0.668803
16,-12.66,-0.673348
16,-12.6362,-0.675827
16,-12.6123,-0.67007
16,-12.5885,-0.669876
16,-12.5647,-0.668614
16,-12.5408,-0.672148
16,-12.517,-0.667248
16,-12.4931,-0.668514
16,-12.4693,-0.665196
16,-12.4454,-0.66899
16,-12.4216,-0.659982
16,-12.3978,-0.663414
16,-12.3739,-0.663745
16,-12.3501,-0.664069
16,-12.3262,-0.66271
16,-12.3024,-0.66379
16,-12.2786,-0.666542
16,-12.2547,-0.664038
16,-12.2309,-0.656738
16,-12.207,-0.661311
16,-12.1832,-0.660489
16,-12.1593,-0.661301
16,-12.1355,-0.660675
16,-12.1117,-0.658692
16,-12.0878,-0.656115
16,-12.064,-0.657007
16,-12.0401,-0.652353
16,-12.0163,-0.649978
16,-11.9925,-0.652398
16,-11.9686,-0.653941
16,-11.9448,-0.650088
16,-11.9209,-0.649369
16,-11.8971,-0.645192
16,-11.8732,-0.65203
16,-11.8494,-0.6479
16,-11.8256,-0.648914
16,-11.8017,-0.643178
16,-11.7779,-0.644894
16,-11.754,-0.649844
16,-11.7302,-0.650629
16,-11.7064,-0.639741
16,-11.6825,-0.645948
16,-11.6587,-0.642916
16,-11.6348,-0.632804
16,-11.611,-0.636595
16,-11.5871,-0.641522
16,-11.5633,-0.643674
16,-11.5395,-0.63709
16,-11.5156,-0.638091
16,-11.4918,-0.640533
16,-11.4679,-0.641035
16,-11.4441,-0.632617
16,-11.4202,-0.633404
16,-11.3964,-0.635246
16,-11.3726,-0.633612
16,-11.3487,-0.642607
16,-11.3249,-0.631326
16,-11.301,-0.638664
16,-11.2772,-0.63243
16,-11.2534,-0.633909
16,-11.2295,-0.636008
16,-11.2057,-0.637296
16,-11.1818,-0.640193
16,-11.158,-0.634904
16,-11.1341,-0.631152
16,-11.1103,-0.622796
16,-11.0865,-0.626226
16,-11.0626,-0.62563
16,-11.0388,-0.628534
16,-11.0149,-0.632919
16,-10.9911,-0.619164
16,-10.9673,-0.622954
16,-10.9434,-0.623964
16,-10.9196,-0.624117
16,-10.8957,-0.619892
16,-10.8719,-0.620886
16,-10.848,-0.622916
16,-10.8242,-0.619999
16,-10.8004,-0.620315
16,-10.7765,-0.617525
16,-10.7527,-0.62096
16,-10.7288,-0.620765
16,-10.705,-0.614085
16,-10.6812,-0.614305
16,-10.6573,-0.6148
16,-10.6335,-0.61631
16,-10.6096,-0.613872
16,-10.5858,-0.621472
16,-10.5619,-0.619502
16,-10.5381,-0.611357
16,-10.5143,-0.609342
16,-10.4904,-0.608082
16,-10.4666,-0.612036
16,-10.4427,-0.611089
16,-10.4189,-0.604889
16,-10.3951,-0.610596
16,-10.3712,-0.603596
16,-10.3474,-0.604816
16,-10.3235,-0.609068
16,-10.2997,-0.602821
16,-10.2758,-0.609461
16,-10.252,-0.597455
16,-10.2282,-0.604896
16,-10.2043,-0.600655
16,-10.1805,-0.605449
16,-10.1566,-0.601798
16,-10.1328,-0.603228
16,-10.1089,-0.59775
16,-10.0851,-0.596466
16,-10.0613,-0.594915
16,-10.0374,-0.597683
16,-10.0136,-0.595889
16,-9.98974,-0.596099
16,-9.9659,-0.600289
16,-9.94205,-0.59567
16,-9.91821,-0.593904
16,-9.89437,-0.593021
16,-9.87053,-0.591978
16,-9.84669,-0.593876
16,-9.82285,-0.590972
16,-9.799,-0.585806
16,-9.77516,-0.597624
16,-9.75132,-0.590941
16,-9.72748,-0.582808
16,-9.70364,-0.591625
16,-9.67979,-0.582597
16,-9.65595,-0.595525
16,-9.63211,-0.586241
16,-9.60827,-0.591358
16,-9.58443,-0.589959
16,-9.56059,-0.592912
16,-9.53674,-0.589342
16,-9.5129,-0.58497
16,-9.48906,-0.582427
16,-9.46522,-0.585656
16,-9.44138,-0.578193
16,-9.41753,-0.585128
16,-9.39369,-0.580468
16,-9.36985,-0.575079
16,-9.34601,-0.577226
16,-9.32217,-0.581799
16,-9.29832,-0.576192
16,-9.27448,-0.581952
16,-9.25064,-0.572303
16,-9.2268,-0.573239
16,-9.20296,-0.580214
16,-9.17912,-0.576282
16,-9.15527,-0.57654
16,-9.13143,-0.574773
16,-9.10759,-0.574593
16,-9.08375,-0.574681
16,-9.05991,-0.568288
16,-9.03606,-0.572714
16,-9.01222,-0.562592
16,-8.98838,-0.567784
16,-8.96454,-0.562342
16,-8.9407,-0.568855
16,-8.91685,-0.563796
16,-8.89301,-0.574042
16,-8.86917,-0.565021
16,-8.84533,-0.56633
16,-8.82149,-0.567995
16,-8.79765,-0.564252
16,-8.7738,-0.561637
16,-8.74996,-0.551454
16,-8.72612,-0.559221
16,-8.70228,-0.565973
16,-8.67844,-0.557657
16,-8.65459,-0.557281
16,-8.63075,-0.556883
16,-8.60691,-0.556709
16,-8.58307,-0.554913
16,-8.55923,-0.56077
16,-8.53539,-0.551179
16,-8.51154,-0.549906
16,-8.4877,-0.556516
16,-8.46386,-0.552506
16,-8.44002,-0.558889
16,-8.41618,-0.554027
16,-8.39233,-0.55211
16,-8.36849,-0.549412
16,-8.34465,-0.549521
16,-8.32081,-0.553508
16,-8.29697,-0.553189
16,-8.27312,-0.550779
16,-8.24928,-0.544847
16,-8.22544,-0.549599
16,-8.2016,-0.553209
16,-8.17776,-0.54837
16,-8.15392,-0.550264
16,-8.13007,-0.549955
16,-8.10623,-0.542224
16,-8.08239,-0.546932
16,-8.05855,-0.543869
16,-8.03471,-0.538995
16,-8.01086,-0.541852
16,-7.98702,-0.5406
16,-7.96318,-0.53944
16,-7.93934,-0.53663
16,-7.9155,-0.539147
16,-7.89165,-0.541593
16,-7.86781,-0.537007
16,-7.84397,-0.534604
16,-7.82013,-0.542168
16,-7.79629,-0.5365
16,-7.77245,-0.531148
16,-7.7486,-0.5421
16,-7.72476,-0.541669
16,-7.70092,-0.537491
16,-7.67708,-0.528098
16,-7.65324,-0.533774
16,-7.62939,-0.529916
16,-7.60555,-0.532688
16,-7.58171,-0.530693
16,-7.55787,-0.525785
16,-7.53403,-0.531038
16,-7.51019,-0.525729
16,-7.48634,-0.531027
16,-7.4625,-0.528258
16,-7.43866,-0.525566
16,-7.41482,-0.519251
16,-7.39098,-0.516754
16,-7.36713,-0.525572
16,-7.34329,-0.519642
16,-7.31945,-0.528232
16,-7.29561,-0.521436
16,-7.27177,-0.526353
16,-7.24792,-0.53118
16,-7.22408,-0.516778
16,-7.20024,-0.523147
16,-7.1764,-0.524714
16,-7.15256,-0.524985
16,-7.12872,-0.51098
16,-7.10487,-0.522716
16,-7.08103,-0.517736
16,-7.05719,-0.522392
16,-7.03335,-0.518696
16,-7.00951,-0.512351
16,-6.98566,-0.513626
16,-6.96182,-0.510898
16,-6.93798,-0.506087
16,-6.91414,-0.512728
16,-6.8903,-0.505708
16,-6.86646,-0.517966
16,-6.84261,-0.51309
16,-6.81877,-0.510472
16,-6.79493,-0.510668
16,-6.77109,-0.504129
16,-6.74725,-0.505139
16,-6.7234,-0.511889
16,-6.69956,-0.505373
16,-6.67572,-0.493499
16,-6.65188,-0.506809
16,-6.62804,-0.502992
16,-6.60419,-0.504557
16,-6.58035,-0.501391
16,-6.55651,-0.498032
16,-6.53267,-0.49771
16,-6.50883,-0.506064
16,-6.48499,-0.50174
16,-6.46114,-0.502167
16,-6.4373,-0.494293
16,-6.41346,-0.498532
16,-6.38962,-0.502374
16,-6.36578,-0.497322
16,-6.34193,-0.497255
16,-6.31809,-0.497358
16,-6.29425,-0.50084
16,-6.27041,-0.498573
16,-6.24657,-0.492207
16,-6.22272,-0.492442
16,-6.19888,-0.49685
16,-6.17504,-0.495642
16,-6.1512,-0.500398
16,-6.12736,-0.491318
16,-6.10352,-0.487062
16,-6.07967,-0.484159
16,-6.05583,-0.488811
16,-6.03199,-0.495405
16,-6.00815,-0.484078
16,-5.98431,-0.49116
16,-5.96046,-0.475633
16,-5.93662,-0.4858
16,-5.91278,-0.482876
16,-5.88894,-0.482887
16,-5.8651,-0.478455
16,-5.84126,-0.483617
16,-5.81741,-0.478344
16,-5.79357,-0.475454
16,-5.76973,-0.475732
16,-5.74589,-0.48413
16,-5.72205,-0.48496
16,-5.6982,-0.47839
16,-5.67436,-0.481268
16,-5.65052,-0.476699
16,-5.62668,-0.481779
16,-5.60284,-0.474346
16,-5.57899,-0.468569
16,-5.55515,-0.479775
16,-5.53131,-0.476821
16,-5.50747,-0.476845
16,-5.48363,-0.4791
16,-5.45979,-0.473365
16,-5.43594,-0.474965
16,-5.4121,-0.470097
16,-5.38826,-0.464774
16,-5.36442,-0.470411
16,-5.34058,-0.469982
16,-5.31673,-0.473084
16,-5.29289,-0.469417
16,-5.26905,-0.472359
16,-5.24521,-0.469991
16,-5.22137,-0.467024
16,-5.19753,-0.47857
16,-5.17368,-0.464456
16,-5.14984,-0.463676
16,-5.126,-0.46579
16,-5.10216,-0.46302
16,-5.07832,-0.465534
16,-5.05447,-0.460093
16,-5.03063,-0.467616
16,-5.00679,-0.461177
16,-4.98295,-0.456177
16,-4.95911,-0.459175
16,-4.93526,-0.461252
16,-4.91142,-0.465588
16,-4.88758,-0.456106
16,-4.86374,-0.464239
16,-4.8399,-0.458189
16,-4.81606,-0.45387
16,-4.79221,-0.448663
16,-4.76837,-0.452217
16,-4.74453,-0.452624
16,-4.72069,-0.448646
16,-4.69685,-0.446721
16,-4.673,-0.452769
16,-4.64916,-0.452172
16,-4.62532,-0.449331
16,-4.60148,-0.447421
16,-4.57764,-0.441008
16,-4.55379,-0.447708
16,-4.52995,-0.447286
16,-4.50611,-0.452844
16,-4.48227,-0.448381
16,-4.45843,-0.447363
16,-4.43459,-0.449826
16,-4.41074,-0.441526
16,-4.3869,-0.441039
16,-4.36306,-0.448944
16,-4.33922,-0.448982
16,-4.31538,-0.439336
16,-4.29153,-0.441388
16,-4.26769,-0.44679
16,-4.24385,-0.442584
16,-4.22001,-0.440761
16,-4.19617,-0.432281
16,-4.17233,-0.436459
16,-4.14848,-0.433504
16,-4.12464,-0.42681
16,-4.1008,-0.442337
16,-4.07696,-0.436025
16,-4.05312,-0.434657
16,-4.02927,-0.427758
16,-4.00543,-0.434001
16,-3.98159,-0.42638
16,-3.95775,-0.439146
16,-3.93391,-0.435603
16,-3.91006,-0.429323
16,-3.88622,-0.424294
16,-3.86238,-0.427459
16,-3.83854,-0.426816
16,-3.8147,-0.429439
16,-3.79086,-0.425029
16,-3.76701,-0.433294
16,-3.74317,-0.425186
16,-3.71933,-0.420226
16,-3.69549,-0.418962
16,-3.67165,-0.415335
16,-3.6478,-0.421025
16,-3.62396,-0.422985
16,-3.60012,-0.418483
16,-3.57628,-0.41865
16,-3.55244,-0.422342
16,-3.52859,-0.418388
16,-3.50475,-0.4118
16,-3.48091,-0.411326
16,-3.45707,-0.408894
16,-3.43323,-0.425887
16,-3.40939,-0.42912
16,-3.38554,-0.409484
16,-3.3617,-0.409375
16,-3.33786,-0.406121
16,-3.31402,-0.411599
16,-3.29018,-0.408193
16,-3.26633,-0.417056
16,-3.24249,-0.41352
16,-3.21865,-0.401127
16,-3.19481,-0.410132
16,-3.17097,-0.414502
16,-3.14713,-0.409036
16,-3.12328,-0.406721
16,-3.09944,-0.403095
16,-3.0756,-0.406127
16,-3.05176,-0.410616
16,-3.02792,-0.405905
16,-3.00407,-0.404172
16,-2.98023,-0.398894
16,-2.95639,-0.403789
16,-2.93255,-0.408118
16,-2.90871,-0.404421
16,-2.88486,-0.409348
16,-2.86102,-0.407466
16,-2.83718,-0.398751
16,-2.81334,-0.404046
16,-2.7895,-0.405488
16,-2.76566,-0.398111
16,-2.74181,-0.392836
16,-2.71797,-0.397083
16,-2.69413,-0.396777
16,-2.67029,-0.399101
16,-2.64645,-0.405712
16,-2.6226,-0.397232
16,-2.59876,-0.392306
16,-2.57492,-0.394718
16,-2.55108,-0.389094
16,-2.52724,-0.397144
16,-2.5034,-0.392745
16,-2.47955,-0.39435
16,-2.45571,-0.386562
16,-2.43187,-0.394769
16,-2.40803,-0.39311
16,-2.38419,-0.396761
16,-2.36034,-0.387457
16,-2.3365,-0.391161
16,-2.31266,-0.395069
16,-2.28882,-0.386186
16,-2.26498,-0.386011
16,-2.24113,-0.378659
16,-2.21729,-0.386772
16,-2.19345,-0.377459
16,-2.16961,-0.380837
16,-2.14577,-0.384225
16,-2.12193,-0.385389
16,-2.09808,-0.38528
16,-2.07424,-0.382624
16,-2.0504,-0.380297
16,-2.02656,-0.377
16,-2.00272,-0.376925
16,-1.97887,-0.360827
16,-1.95503,-0.381251
16,-1.93119,-0.378198
16,-1.90735,-0.377365
16,-1.88351,-0.370743
16,-1.85966,-0.368991
16,-1.83582,-0.37983
16,-1.81198,-0.36659
16,-1.78814,-0.370158
16,-1.7643,-0.364991
16,-1.74046,-0.364215
16,-1.71661,-0.366289
16,-1.69277,-0.366
16,-1.66893,-0.364802
16,-1.64509,-0.364782
16,-1.62125,-0.363886
16,-1.5974,-0.36531
16,-1.57356,-0.368833
16,-1.54972,-0.371549
16,-1.52588,-0.358342
16,-1.50204,-0.358461
16,-1.4782,-0.364571
16,-1.45435,-0.357381
16,-1.43051,-0.362795
16,-1.40667,-0.354704
16,-1.38283,-0.364415
16,-1.35899,-0.365252
16,-1.33514,-0.358976
16,-1.3113,-0.350541
16,-1.28746,-0.350484
16,-1.26362,-0.355707
16,-1.23978,-0.353698
16,-1.21593,-0.350262
16,-1.19209,-0.34289
16,-1.16825,-0.342291
16,-1.14441,-0.346091
16,-1.12057,-0.340935
16,-1.09673,-0.347214
16,-1.07288,-0.347929
16,-1.04904,-0.347608
16,-1.0252,-0.346953
16,-1.00136,-0.335193
16,-0.977516,-0.34378
16,-0.953674,-0.341306
16,-0.929832,-0.344139
16,-0.905991,-0.339976
16,-0.882149,-0.337809
16,-0.858307,-0.321909
16,-0.834465,-0.32733
16,-0.810623,-0.311711
16,-0.786781,-0.313002
16,-0.762939,-0.302424
16,-0.739098,-0.286949
16,-0.715256,-0.286993
16,-0.691414,-0.265813
16,-0.667572,-0.177006
16,-0.64373,-0.257324
16,-0.619888,-0.25823
16,-0.596046,-0.236022
16,-0.572205,-0.233848
16,-0.548363,-0.17855
16,-0.524521,-0.0274026
16,-0.500679,0.0332431
16,-0.476837,0.121568
16,-0.452995,1.22025
16,-0.429153,0.202396
16,-0.405312,0.0471538
16,-0.38147,0.501237
16,-0.357628,0.333037
16,-0.333786,0.200465
16,-0.309944,1.20343
16,-0.286102,2.32834
16,-0.26226,1.57629
16,-0.238419,0.42833
16,-0.214577,0.647869
16,-0.190735,1.67115
16,-0.166893,0.65188
16,-0.143051,1.3373
16,-0.119209,0.894784
16,-0.0953674,1.67651
16,-0.0715256,3.26419
16,-0.0476837,2.3229
16,-0.0238419,2.44267
16,0,5.72868
16,0.0238419,3.96325
16,0.0476837,3.46757
16,0.0715256,4.24528
16,0.0953674,3.99109
16,0.119209,2.18468
16,0.143051,1.05144
16,0.166893,0.454304
16,0.190735,0.346352
16,0.214577,0.353865
16,0.238419,0.32359
16,0.26226,0.0799276
16,0.286102,0.065066
16,0.309944,0.21335
16,0.333786,-0.0248336
16,0.357628,0.0481202
16,0.38147,0.169804
16,0.405312,-0.0760316
16,0.429153,-0.183256
16,0.452995,-0.209007
16,0.476837,-0.203381
16,0.500679,-0.219775
16,0.524521,-0.23584
16,0.548363,-0.222467
16,0.572205,-0.245013
16,0.596046,-0.247355
16,0.619888,-0.0380243
16,0.64373,-0.189828
16,0.667572,-0.186076
16,0.691414,0.253402
16,0.715256,0.140652
16,0.739098,-0.0653158
16,0.762939,0.0425288
16,0.786781,-0.144819
16,0.810623,-0.21091
16,0.834465,-0.254842
16,0.858307,-0.271622
16,0.882149,-0.278057
16,0.905991,-0.264473
16,0.929832,-0.287314
16,0.953674,-0.270186
16,0.977516,-0.287857
16,1.00136,-0.288077
16,1.0252,-0.267842
16,1.04904,-0.279912
16,1.07288,-0.279212
16,1.09673,-0.291266
16,1.12057,-0.28916
16,1.14441,-0.296178
16,1.16825,-0.295836
16,1.19209,-0.290863
16,1.21593,-0.284474
16,1.23978,-0.293782
16,1.26362,-0.287271
16,1.28746,-0.29215
16,1.3113,-0.291386
16,1.33514,-0.290765
16,1.35899,-0.290971
16,1.38283,-0.296611
16,1.40667,-0.292591
16,1.43051,-0.29233
16,1.45435,-0.283952
16,1.4782,-0.286873
16,1.50204,-0.291702
16,1.52588,-0.28859
16,1.54972,-0.291332
16,1.57356,-0.293688
16,1.5974,-0.290335
16,1.62125,-0.285711
16,1.64509,-0.282975
16,1.66893,-0.293335
16,1.69277,-0.292389
16,1.71661,-0.289298
16,1.74046,-0.282836
16,1.7643,-0.286345
16,1.78814,-0.287585
16,1.81198,-0.283133
16,1.83582,-0.286536
16,1.85966,-0.283144
16,1.88351,-0.278447
16,1.90735,-0.278399
16,1.93119,-0.289728
16,1.95503,-0.286908
16,1.97887,-0.27564
16,2.00272,-0.283055
16,2.02656,-0.283936
16,2.0504,-0.275217
16,2.07424,-0.278555
16,2.09808,-0.272843
16,2.12193,-0.280654
16,2.14577,-0.2738
16,2.16961,-0.279172
16,2.19345,-0.270423
16,2.21729,-0.27604
16,2.24113,-0.272102
16,2.26498,-0.282945
16,2.28882,-0.277508
16,2.31266,-0.280055
16,2.3365,-0.27856
16,2.36034,-0.274504
16,2.38419,-0.26834
16,2.40803,-0.265117
16,2.43187,-0.27275
16,2.45571,-0.273612
16,2.47955,-0.278119
16,2.5034,-0.265487
16,2.52724,-0.261425
16,2.55108,-0.271103
16,2.57492,-0.270996
16,2.59876,-0.269003
16,2.6226,-0.270585
16,2.64645,-0.268782
16,2.67029,-0.26824
16,2.69413,-0.264591
16,2.71797,-0.271734
16,2.74181,-0.261063
16,2.76566,-0.259264
16,2.7895,-0.260401
16,2.81334,-0.261984
16,2.83718,-0.267394
16,2.86102,-0.26543
16,2.88486,-0.261206
16,2.90871,-0.263516
16,2.93255,-0.250542
16,2.95639,-0.26178
16,2.98023,-0.260853
16,3.00407,-0.258936
16,3.02792,-0.257956
16,3.05176,-0.258586
16,3.0756,-0.259479
16,3.09944,-0.252169
16,3.12328,-0.254817
16,3.14713,-0.257749
16,3.17097,-0.25114
16,3.19481,-0.247633
16,3.21865,-0.245566
16,3.24249,-0.248567
16,3.26633,-0.252297
16,3.29018,-0.247684
16,3.31402,-0.252097
16,3.33786,-0.251811
16,3.3617,-0.244668
16,3.38554,-0.241831
16,3.40939,-0.24987
16,3.43323,-0.24277
16,3.45707,-0.246849
16,3.48091,-0.249208
16,3.50475,-0.249407
16,3.52859,-0.252641
16,3.55244,-0.245455
16,3.57628,-0.240429
16,3.60012,-0.238553
16,3.62396,-0.24209
16,3.6478,-0.24032
16,3.67165,-0.244261
16,3.69549,-0.240713
16,3.71933,-0.245979
16,3.74317,-0.239011
16,3.76701,-0.239178
16,3.79086,-0.22979
16,3.8147,-0.236179
16,3.83854,-0.241887
16,3.86238,-0.236483
16,3.88622,-0.233913
16,3.91006,-0.24202
16,3.93391,-0.241766
16,3.95775,-0.233893
16,3.98159,-0.231239
16,4.00543,-0.233989
16,4.02927,-0.235393
16,4.05312,-0.233042
16,4.07696,-0.236664
16,4.1008,-0.233478
16,4.12464,-0.241245
16,4.14848,-0.235623
16,4.17233,-0.226401
16,4.19617,-0.234315
16,4.22001,-0.232066
16,4.24385,-0.233238
16,4.26769,-0.236469
16,4.29153,-0.229186
16,4.31538,-0.226368
16,4.33922,-0.232964
16,4.36306,-0.229237
16,4.3869,-0.229731
16,4.41074,-0.22839
16,4.43459,-0.223798
16,4.45843,-0.223405
16,4.48227,-0.229813
16,4.50611,-0.223927
16,4.52995,-0.220961
16,4.55379,-0.215688
16,4.57764,-0.226316
16,4.60148,-0.225061
16,4.62532,-0.22573
16,4.64916,-0.223314
16,4.673,-0.224122
16,4.69685,-0.227608
16,4.72069,-0.216037
16,4.74453,-0.218176
16,4.76837,-0.217348
16,4.79221,-0.223969
16,4.81606,-0.214806
16,4.8399,-0.214419
16,4.86374,-0.216519
16,4.88758,-0.217276
16,4.91142,-0.219447
16,4.93526,-0.215471
16,4.95911,-0.210698
16,4.98295,-0.212792
16,5.00679,-0.218482
16,5.03063,-0.211769
16,5.05447,-0.219254
16,5.07832,-0.214236
16,5.10216,-0.218075
16,5.126,-0.218255
16,5.14984,-0.207583
16,5.17368,-0.210444
16,5.19753,-0.214175
16,5.22137,-0.207236
16,5.24521,-0.213418
16,5.26905,-0.204749
16,5.29289,-0.209082
16,5.31673,-0.2096
16,5.34058,-0.210924
16,5.36442,-0.205897
16,5.38826,-0.202138
16,5.4121,-0.20879
16,5.43594,-0.20797
16,5.45979,-0.205441
16,5.48363,-0.210576
16,5.50747,-0.20343
16,5.53131,-0.200845
16,5.55515,-0.200524
16,5.57899,-0.200069
16,5.60284,-0.204951
16,5.62668,-0.196984
16,5.65052,-0.204267
16,5.67436,-0.200114
16,5.6982,-0.197262
16,5.72205,-0.199542
16,5.74589,-0.201718
16,5.76973,-0.191341
16,5.79357,-0.199315
16,5.81741,-0.190363
16,5.84126,-0.196554
16,5.8651,-0.206109
16,5.88894,-0.192254
16,5.91278,-0.201206
16,5.93662,-0.189139
16,5.96046,-0.191683
16,5.98431,-0.186325
16,6.00815,-0.191549
16,6.03199,-0.191162
16,6.05583,-0.194125
16,6.07967,-0.196101
16,6.10352,-0.191023
16,6.12736,-0.195242
16,6.1512,-0.189595
16,6.17504,-0.194396
16,6.19888,-0.188935
16,6.22272,-0.190848
16,6.24657,-0.187936
16,6.27041,-0.192216
16,6.29425,-0.182841
16,6.31809,-0.194257
16,6.34193,-0.180292
16,6.36578,-0.181984
16,6.38962,-0.183974
16,6.41346,-0.175121
16,6.4373,-0.187418
16,6.46114,-0.182504
16,6.48499,-0.183773
16,6.50883,-0.18142
16,6.53267,-0.175349
16,6.55651,-0.180131
16,6.58035,-0.182077
16,6.60419,-0.175985
16,6.62804,-0.17811
16,6.65188,-0.170746
16,6.67572,-0.178038
16,6.69956,-0.187125
16,6.7234,-0.175009
16,6.74725,-0.177887
16,6.77109,-0.1741
16,6.79493,-0.180062
16,6.81877,-0.177661
16,6.84261,-0.181056
16,6.86646,-0.165604
16,6.8903,-0.17542
16,6.91414,-0.17175
16,6.93798,-0.176402
16,6.96182,-0.171578
16,6.98566,-0.171979
16,7.00951,-0.167719
16,7.03335,-0.162369
16,7.05719,-0.175614
16,7.08103,-0.164053
16,7.10487,-0.175201
16,7.12872,-0.174567
16,7.15256,-0.166167
16,7.1764,-0.161242
16,7.20024,-0.170216
16,7.22408,-0.165507
16,7.24792,-0.166639
16,7.27177,-0.164354
16,7.29561,-0.162335
16,7.31945,-0.165504
16,7.34329,-0.160521
16,7.36713,-0.160465
16,7.39098,-0.162369
16,7.41482,-0.165305
16,7.43866,-0.161348
16,7.4625,-0.16261
16,7.48634,-0.167958
16,7.51019,-0.167569
16,7.53403,-0.156791
16,7.55787,-0.15872
16,7.58171,-0.159778
16,7.60555,-0.16396
16,7.62939,-0.160512
16,7.65324,-0.159546
16,7.67708,-0.149897
16,7.70092,-0.15047
16,7.72476,-0.154506
16,7.7486,-0.161813
16,7.77245,-0.155827
16,7.79629,-0.150761
16,7.82013,-0.148463
16,7.84397,-0.156571
16,7.86781,-0.158848
16,7.89165,-0.146342
16,7.9155,-0.14958
16,7.93934,-0.159188
16,7.96318,-0.146951
16,7.98702,-0.14533
16,8.01086,-0.150745
16,8.03471,-0.152408
16,8.05855,-0.146959
16,8.08239,-0.150977
16,8.10623,-0.141843
16,8.13007,-0.149979
16,8.15392,-0.150162
16,8.17776,-0.145868
16,8.2016,-0.140187
16,8.22544,-0.144733
16,8.24928,-0.143503
16,8.27312,-0.146562
16,8.29697,-0.149469
16,8.32081,-0.140087
16,8.34465,-0.142213
16,8.36849,-0.140801
16,8.39233,-0.144541
16,8.41618,-0.14093
16,8.44002,-0.135608
16,8.46386,-0.13562
16,8.4877,-0.134077
16,8.51154,-0.138258
16,8.53539,-0.141841
16,8.55923,-0.143365
16,8.58307,-0.138931
16,8.60691,-0.128647
16,8.63075,-0.131702
16,8.65459,-0.128085
16,8.67844,-0.130882
16,8.70228,-0.132629
16,8.72612,-0.135651
16,8.74996,-0.129343
16,8.7738,-0.12874
16,8.79765,-0.13196
16,8.82149,-0.129791
16,8.84533,-0.135713
16,8.86917,-0.128471
16,8.89301,-0.129756
16,8.91685,-0.12633
16,8.9407,-0.124443
16,8.96454,-0.125882
16,8.98838,-0.125262
16,9.01222,-0.120971
16,9.03606,-0.131831
16,9.05991,-0.125174
16,9.08375,-0.122724
16,9.10759,-0.126549
16,9.13143,-0.127389
16,9.15527,-0.122991
16,9.17912,-0.124822
16,9.20296,-0.123469
16,9.2268,-0.125407
16,9.25064,-0.110932
16,9.27448,-0.100674
16,9.29832,-0.121934
16,9.32217,-0.116185
16,9.34601,-0.121792
16,9.36985,-0.116501
16,9.39369,-0.119557
16,9.41753,-0.117013
16,9.44138,-0.116198
16,9.46522,-0.109569
16,9.48906,-0.116776
16,9.5129,-0.119869
16,9.53674,-0.109469
16,9.56059,-0.110247
16,9.58443,-0.113152
16,9.60827,-0.116739
16,9.63211,-0.122191
16,9.65595,-0.122251
16,9.67979,-0.113427
16,9.70364,-0.110693
16,9.72748,-0.112079
16,9.75132,-0.113077
16,9.77516,-0.114609
16,9.799,-0.10331
16,9.82285,-0.109214
16,9.84669,-0.108381
16,9.87053,-0.110723
16,9.89437,-0.104432
16,9.91821,-0.109634
16,9.94205,-0.109061
16,9.9659,-0.0994176
16,9.98974,-0.109057
16,10.0136,-0.110047
16,10.0374,-0.103924
16,10.0613,-0.104074
16,10.0851,-0.108588
16,10.1089,-0.106992
16,10.1328,-0.108151
16,10.1566,-0.107253
16,10.1805,-0.101988
16,10.2043,-0.106748
16,10.2282,-0.112227
16,10.252,-0.0993634
16,10.2758,-0.0982631
16,10.2997,-0.107075
16,10.3235,-0.10336
16,10.3474,-0.092907
16,10.3712,-0.0951586
16,10.3951,-0.0961966
16,10.4189,-0.100139
16,10.4427,-0.0962622
16,10.4666,-0.0958841
16,10.4904,-0.0969896
16,10.5143,-0.0959077
16,10.5381,-0.0976497
16,10.5619,-0.0898746
16,10.5858,-0.095275
16,10.6096,-0.0915102
16,10.6335,-0.0882523
16,10.6573,-0.0975063
16,10.6812,-0.093056
16,10.705,-0.0950781
16,10.7288,-0.0903028
16,10.7527,-0.0898385
16,10.7765,-0.0948367
16,10.8004,-0.0944845
16,10.8242,-0.0880446
16,10.848,-0.0854607
16,10.8719,-0.0826246
16,10.8957,-0.0899767
16,10.9196,-0.0911304
16,10.9434,-0.090587
16,10.9673,-0.0867218
16,10.9911,-0.0806826
16,11.0149,-0.0841682
16,11.0388,-0.0814907
16,11.0626,-0.0869001
16,11.0865,-0.0809847
16,11.1103,-0.0799313
16,11.1341,-0.0783651
16,11.158,-0.0819598
16,11.1818,-0.0867255
16,11.2057,-0.0823313
16,11.2295,-0.0824152
16,11.2534,-0.0829687
16,11.2772,-0.0782592
16,11.301,-0.0809924
16,11.3249,-0.0787319
16,11.3487,-0.0839052
16,11.3726,-0.0720712
16,11.3964,-0.077316
16,11.4202,-0.0757523
16,11.4441,-0.0784089
16,11.4679,-0.0780612
16,11.4918,-0.079539
16,11.5156,-0.0702088
16,11.5395,-0.0718108
16,11.5633,-0.0752585
16,11.5871,-0.0732369
16,11.611,-0.0735468
16,11.6348,-0.0780841
16,11.6587,-0.0789303
16,11.6825,-0.0739991
16,11.7064,-0.0826695
16,11.7302,-0.0769024
16,11.754,-0.0681093
16,11.7779,-0.0758968
16,11.8017,-0.0678198
16,11.8256,-0.070694
16,11.8494,-0.0694125
16,11.8732,-0.0700706
16,11.8971,-0.071965
16,11.9209,-0.068883
16,11.9448,-0.0639853
16,11.9686,-0.061256
16,11.9925,-0.0683418
16,12.0163,-0.0662824
16,12.0401,-0.0546459
16,12.064,-0.0644538
16,12.0878,-0.0526001
16,12.1117,-0.0644481
16,12.1355,-0.0644923
16,12.1593,-0.0618889
16,12.1832,-0.0619981
16,12.207,-0.0621692
16,12.2309,-0.0473427
16,12.2547,-0.0682127
16,12.2786,-0.0598343
16,12.3024,-0.0546242
16,12.3262,-0.0587662
16,12.3501,-0.0603
16,12.3739,-0.0549456
16,12.3978,-0.0609045
16,12.4216,-0.0568739
16,12.4454,-0.0590012
16,12.4693,-0.0527599
16,12.4931,-0.0569611
16,12.517,-0.0495438
16,12.5408,-0.0545743
16,12.5647,-0.0472779
16,12.5885,-0.052364
16,12.6123,-0.0532486
16,12.6362,-0.0459851
16,12.66,-0.0555205
16,12.6839,-0.0569258
16,12.7077,-0.0486393
16,12.7316,-0.0490217
16,12.7554,-0.0529049
16,12.7792,-0.0481625
16,12.8031,-0.0492894
16,12.8269,-0.0431045
16,12.8508,-0.0506392
16,12.8746,-0.0512542
16,12.8984,-0.0374857
16,12.9223,-0.0427634
16,12.9461,-0.047352
16,12.97,-0.0435561
16,12.9938,-0.0395631
16,13.0177,-0.0456945
16,13.0415,-0.0431187
16,13.0653,-0.0485357
16,13.0892,-0.0426359
16,13.113,-0.0423849
16,13.1369,-0.0378934
16,13.1607,-0.040496
16,13.1845,-0.0366042
16,13.2084,-0.0378777
16,13.2322,-0.0413112
16,13.2561,-0.0428899
16,13.2799,-0.0429187
16,13.3038,-0.0386981
16,13.3276,-0.0342236
16,13.3514,-0.033907
16,13.3753,-0.0327596
16,13.3991,-0.0385108
16,13.423,-0.0375747
16,13.4468,-0.0323945
16,13.4706,-0.0375201
16,13.4945,-0.036566
16,13.5183,-0.0334994
16,13.5422,-0.0335714
16,13.566,-0.0266573
16,13.5899,-0.0273579
16,13.6137,-0.0308251
16,13.6375,-0.0324793
16,13.6614,-0.0326942
16,13.6852,-0.0287206
16,13.7091,-0.0303425
16,13.7329,-0.0329881
16,13.7568,-0.0291979
16,13.7806,-0.0368102
16,13.8044,-0.0258015
16,13.8283,-0.0278104
16,13.8521,-0.0249937
16,13.876,-0.0268185
16,13.8998,-0.0291971
16,13.9236,-0.0252408
16,13.9475,-0.0284676
16,13.9713,-0.0215286
16,13.9952,-0.0274188
16,14.019,-0.0298977
16,14.0429,-0.0225258
16,14.0667,-0.0216187
16,14.0905,-0.0276294
16,14.1144,-0.0164844
16,14.1382,-0.0302711
16,14.1621,-0.0172722
16,14.1859,-0.0213646
16,14.2097,-0.0277703
16,14.2336,-0.0200133
16,14.2574,-0.0200364
16,14.2813,-0.0188191
16,14.3051,-0.0200277
16,14.329,-0.0289758
16,14.3528,-0.0207401
16,14.3766,-0.0174903
16,14.4005,-0.0175192
16,14.4243,-0.0240911
16,14.4482,-0.0172518
16,14.472,-0.0161948
16,14.4958,-0.0182198
16,14.5197,-0.017707
16,14.5435,-0.0138616
16,14.5674,-0.016983
16,14.5912,-0.0151345
16,14.6151,-0.0244514
16,14.6389,-0.0192117
16,14.6627,-0.0152903
16,14.6866,-0.0162521
16,14.7104,-0.0133482
16,14.7343,-0.0117822
16,14.7581,-0.0172732
16,14.782,-0.0155481
16,14.8058,-0.00406178
16,14.8296,-0.00944065
16,14.8535,-0.00436171
16,14.8773,-0.00446916
16,14.9012,-0.00623683
16,14.925,-0.00234766
16,14.9488,-0.00591072
16,14.9727,-0.00372767
16,14.9965,-0.0077545
15,-14.9965,-0.593931
15,-14.9727,-0.589305
15,-14.9488,-0.58642
15,-14.925,-0.58669
15,-14.9012,-0.586004
15,-14.8773,-0.596258
15,-14.8535,-0.596225
15,-14.8296,-0.595979
15,-14.8058,-0.593208
15,-14.782,-0.59516
15,-14.7581,-0.597036
15,-14.7343,-0.599853
15,-14.7104,-0.598266
15,-14.6866,-0.598433
15,-14.6627,-0.601692
15,-14.6389,-0.599871
15,-14.6151,-0.605049
15,-14.5912,-0.607497
15,-14.5674,-0.595561
15,-14.5435,-0.600004
15,-14.5197,-0.608666
15,-14.4958,-0.598589
15,-14.472,-0.598244
15,-14.4482,-0.604194
15,-14.4243,-0.609036
15,-14.4005,-0.608777
15,-14.3766,-0.611007
15,-14.3528,-0.608905
15,-14.329,-0.607431
15,-14.3051,-0.609798
15,-14.2813,-0.603092
15,-14.2574,-0.602645
15,-14.2336,-0.608902
15,-14.2097,-0.604469
15,-14.1859,-0.618576
15,-14.1621,-0.612128
15,-14.1382,-0.612534
15,-14.1144,-0.611043
15,-14.0905,-0.607026
15,-14.0667,-0.620362
15,-14.0429,-0.607618
15,-14.019,-0.613578
15,-13.9952,-0.613551
15,-13.9713,-0.616036
15,-13.9475,-0.614263
15,-13.9236,-0.620056
15,-13.8998,-0.618307
15,-13.876,-0.623523
15,-13.8521,-0.621142
15,-13.8283,-0.622791
15,-13.8044,-0.618325
15,-13.7806,-0.618509
15,-13.7568,-0.62537
15,-13.7329,-0.621818
15,-13.7091,-0.615702
15,-13.6852,-0.628516
15,-13.6614,-0.619218
15,-13.6375,-0.627886
15,-13.6137,-0.622845
15,-13.5899,-0.623465
15,-13.566,-0.624495
15,-13.5422,-0.628012
15,-13.5183,-0.633685
15,-13.4945,-0.632303
15,-13.4706,-0.635063
15,-13.4468,-0.626602
15,-13.423,-0.622169
15,-13.3991,-0.634435
15,-13.3753,-0.637544
15,-13.3514,-0.631928
15,-13.3276,-0.640357
15,-13.3038,-0.637967
15,-13.2799,-0.631429
15,-13.2561,-0.635782
15,-13.2322,-0.641649
15,-13.2084,-0.64172
15,-13.1845,-0.638341
15,-13.1607,-0.642046
15,-13.1369,-0.646156
15,-13.113,-0.64264
15,-13.0892,-0.633507
15,-13.0653,-0.643731
15,-13.0415,-0.639025
15,-13.0177,-0.643831
15,-12.9938,-0.640413
15,-12.97,-0.647819
15,-12.9461,-0.646497
15,-12.9223,-0.644473
15,-12.8984,-0.649439
15,-12.8746,-0.651936
15,-12.8508,-0.647156
15,-12.8269,-0.647827
15,-12.8031,-0.646806
15,-12.7792,-0.656526
15,-12.7554,-0.655543
15,-12.7316,-0.647121
15,-12.7077,-0.656611
15,-12.6839,-0.653599
15,-12.66,-0.659633
15,-12.6362,-0.659976
15,-12.6123,-0.649867
15,-12.5885,-0.651104
15,-12.5647,-0.656279
15,-12.5408,-0.657848
15,-12.517,-0.654894
15,-12.4931,-0.652967
15,-12.4693,-0.661449
15,-12.4454,-0.661701
15,-12.4216,-0.65625
15,-12.3978,-0.662467
15,-12.3739,-0.65863
15,-12.3501,-0.661835
15,-12.3262,-0.67075
15,-12.3024,-0.659451
15,-12.2786,-0.653662
15,-12.2547,-0.664766
15,-12.2309,-0.662881
15,-12.207,-0.663167
15,-12.1832,-0.668658
15,-12.1593,-0.671029
15,-12.1355,-0.668437
15,-12.1117,-0.6675
15,-12.0878,-0.673208
15,-12.064,-0.675983
15,-12.0401,-0.668251
15,-12.0163,-0.674638
15,-11.9925,-0.677327
15,-11.9686,-0.676477
15,-11.9448,-0.667341
15,-11.9209,-0.664331
15,-11.8971,-0.669633
15,-11.8732,-0.669426
15,-11.8494,-0.682232
15,-11.8256,-0.683387
15,-11.8017,-0.678833
15,-11.7779,-0.675461
15,-11.754,-0.680507
15,-11.7302,-0.671976
15,-11.7064,-0.682084
15,-11.6825,-0.681692
15,-11.6587,-0.686297
15,-11.6348,-0.678501
15,-11.611,-0.687857
15,-11.5871,-0.686816
15,-11.5633,-0.683444
15,-11.5395,-0.679271
15,-11.5156,-0.681677
15,-11.4918,-0.681987
15,-11.4679,-0.69143
15,-11.4441,-0.692072
15,-11.4202,-0.691201
15,-11.3964,-0.689798
15,-11.3726,-0.688293
15,-11.3487,-0.68568
15,-11.3249,-0.696443
15,-11.301,-0.693578
15,-11.2772,-0.694665
15,-11.2534,-0.698998
15,-11.2295,-0.689682
15,-11.2057,-0.693192
15,-11.1818,-0.700286
15,-11.158,-0.687623
15,-11.1341,-0.695058
15,-11.1103,-0.69104
15,-11.0865,-0.700286
15,-11.0626,-0.698437
15,-11.0388,-0.696433
15,-11.0149,-0.698286
15,-10.9911,-0.702895
15,-10.9673,-0.697793
15,-10.9434,-0.696295
15,-10.9196,-0.697214
15,-10.8957,-0.704412
15,-10.8719,-0.707398
15,-10.848,-0.709852
15,-10.8242,-0.704436
15,-10.8004,-0.699739
15,-10.7765,-0.703508
15,-10.7527,-0.707465
15,-10.7288,-0.705608
15,-10.705,-0.707357
15,-10.6812,-0.708937
15,-10.6573,-0.707264
15,-10.6335,-0.712524
15,-10.6096,-0.710694
15,-10.5858,-0.717696
15,-10.5619,-0.710373
15,-10.5381,-0.715344
15,-10.5143,-0.715479
15,-10.4904,-0.71907
15,-10.4666,-0.71568
15,-10.4427,-0.718856
15,-10.4189,-0.713898
15,-10.3951,-0.715254
15,-10.3712,-0.714089
15,-10.3474,-0.721657
15,-10.3235,-0.72226
15,-10.2997,-0.715785
15,-10.2758,-0.727636
15,-10.252,-0.717482
15,-10.2282,-0.722966
15,-10.2043,-0.727494
15,-10.1805,-0.729924
15,-10.1566,-0.725247
15,-10.1328,-0.723218
15,-10.1089,-0.723391
15,-10.0851,-0.729408
15,-10.0613,-0.720042
15,-10.0374,-0.719749
15,-10.0136,-0.723781
15,-9.98974,-0.720228
15,-9.9659,-0.724531
15,-9.94205,-0.721649
15,-9.91821,-0.725508
15,-9.89437,-0.734589
15,-9.87053,-0.732084
15,-9.84669,-0.731561
15,-9.82285,-0.727204
15,-9.799,-0.734572
15,-9.77516,-0.739446
15,-9.75132,-0.732184
15,-9.72748,-0.741402
15,-9.70364,-0.73973
15,-9.67979,-0.740462
15,-9.65595,-0.746673
15,-9.63211,-0.740486
15,-9.60827,-0.739127
15,-9.58443,-0.748845
15,-9.56059,-0.744463
15,-9.53674,-0.748827
15,-9.5129,-0.73929
15,-9.48906,-0.743595
15,-9.46522,-0.750747
15,-9.44138,-0.744189
15,-9.41753,-0.740511
15,-9.39369,-0.750568
15,-9.36985,-0.742398
15,-9.34601,-0.738608
15,-9.32217,-0.750984
15,-9.29832,-0.746957
15,-9.27448,-0.753046
15,-9.25064,-0.74443
15,-9.2268,-0.753
15,-9.20296,-0.751896
15,-9.17912,-0.75134
15,-9.15527,-0.753431
15,-9.13143,-0.750216
15,-9.10759,-0.759167
15,-9.08375,-0.757518
15,-9.05991,-0.761917
15,-9.03606,-0.753332
15,-9.01222,-0.761229
15,-8.98838,-0.759954
15,-8.96454,-0.753918
15,-8.9407,-0.75866
15,-8.91685,-0.757399
15,-8.89301,-0.759392
15,-8.86917,-0.759706
15,-8.84533,-0.762657
15,-8.82149,-0.771161
15,-8.79765,-0.76676
15,-8.7738,-0.768553
15,-8.74996,-0.772558
15,-8.72612,-0.763321
15,-8.70228,-0.766894
15,-8.67844,-0.760495
15,-8.65459,-0.765649
15,-8.63075,-0.77044
15,-8.60691,-0.768499
15,-8.58307,-0.771947
15,-8.55923,-0.772404
15,-8.53539,-0.77632
15,-8.51154,-0.767339
15,-8.4877,-0.779359
15,-8.46386,-0.775082
15,-8.44002,-0.77666
15,-8.41618,-0.781454
15,-8.39233,-0.782624
15,-8.36849,-0.780604
15,-8.34465,-0.768054
15,-8.32081,-0.77892
15,-8.29697,-0.773148
15,-8.27312,-0.780294
15,-8.24928,-0.783713
15,-8.22544,-0.78255
15,-8.2016,-0.788203
15,-8.17776,-0.783662
15,-8.15392,-0.776513
15,-8.13007,-0.788575
15,-8.10623,-0.78786
15,-8.08239,-0.785067
15,-8.05855,-0.786763
15,-8.03471,-0.787266
15,-8.01086,-0.790772
15,-7.98702,-0.784469
15,-7.96318,-0.786684
15,-7.93934,-0.788861
15,-7.9155,-0.792789
15,-7.89165,-0.784681
15,-7.86781,-0.797555
15,-7.84397,-0.790574
15,-7.82013,-0.799012
15,-7.79629,-0.795415
15,-7.77245,-0.793042
15,-7.7486,-0.796743
15,-7.72476,-0.792435
15,-7.70092,-0.790339
15,-7.67708,-0.792215
15,-7.65324,-0.80246
15,-7.62939,-0.79619
15,-7.60555,-0.795311
15,-7.58171,-0.79257
15,-7.55787,-0.795026
15,-7.53403,-0.798309
15,-7.51019,-0.801137
15,-7.48634,-0.802193
15,-7.4625,-0.80935
15,-7.43866,-0.799015
15,-7.41482,-0.815533
15,-7.39098,-0.803334
15,-7.36713,-0.795881
15,-7.34329,-0.809121
15,-7.31945,-0.805191
15,-7.29561,-0.809661
15,-7.27177,-0.807919
15,-7.24792,-0.808064
15,-7.22408,-0.814191
15,-7.20024,-0.805511
15,-7.1764,-0.813632
15,-7.15256,-0.815141
15,-7.12872,-0.809177
15,-7.10487,-0.817949
15,-7.08103,-0.814339
15,-7.05719,-0.818031
15,-7.03335,-0.81797
15,-7.00951,-0.817939
15,-6.98566,-0.822183
15,-6.96182,-0.811518
15,-6.93798,-0.81602
15,-6.91414,-0.818633
15,-6.8903,-0.819819
15,-6.86646,-0.822204
15,-6.84261,-0.822088
15,-6.81877,-0.814936
15,-6.79493,-0.828022
15,-6.77109,-0.830404
15,-6.74725,-0.825068
15,-6.7234,-0.819795
15,-6.69956,-0.823165
15,-6.67572,-0.824967
15,-6.65188,-0.827463
15,-6.62804,-0.832072
15,-6.60419,-0.832355
15,-6.58035,-0.836487
15,-6.55651,-0.832962
15,-6.53267,-0.830212
15,-6.50883,-0.823854
15,-6.48499,-0.83274
15,-6.46114,-0.825886
15,-6.4373,-0.833511
15,-6.41346,-0.832998
15,-6.38962,-0.828748
15,-6.36578,-0.834438
15,-6.34193,-0.829848
15,-6.31809,-0.829118
15,-6.29425,-0.837248
15,-6.27041,-0.832109
15,-6.24657,-0.83525
15,-6.22272,-0.834637
15,-6.19888,-0.845483
15,-6.17504,-0.835347
15,-6.1512,-0.843201
15,-6.12736,-0.840097
15,-6.10352,-0.843854
15,-6.07967,-0.838936
15,-6.05583,-0.844352
15,-6.03199,-0.847684
15,-6.00815,-0.842098
15,-5.98431,-0.842181
15,-5.96046,-0.843427
15,-5.93662,-0.847173
15,-5.91278,-0.850285
15,-5.88894,-0.852494
15,-5.8651,-0.841296
15,-5.84126,-0.845345
15,-5.81741,-0.850746
15,-5.79357,-0.849006
15,-5.76973,-0.851333
15,-5.74589,-0.855997
15,-5.72205,-0.854567
15,-5.6982,-0.853356
15,-5.67436,-0.856287
15,-5.65052,-0.852079
15,-5.62668,-0.854553
15,-5.60284,-0.859672
15,-5.57899,-0.859672
15,-5.55515,-0.857822
15,-5.53131,-0.85157
15,-5.50747,-0.856315
15,-5.48363,-0.863835
15,-5.45979,-0.86011
15,-5.43594,-0.856153
15,-5.4121,-0.853663
15,-5.38826,-0.868042
15,-5.36442,-0.858968
15,-5.34058,-0.860854
15,-5.31673,-0.860712
15,-5.29289,-0.862802
15,-5.26905,-0.862376
15,-5.24521,-0.865188
15,-5.22137,-0.876503
15,-5.19753,-0.865589
15,-5.17368,-0.868705
15,-5.14984,-0.867308
15,-5.126,-0.867924
15,-5.10216,-0.86567
15,-5.07832,-0.868994
15,-5.05447,-0.86752
15,-5.03063,-0.870383
15,-5.00679,-0.865582
15,-4.98295,-0.867474
15,-4.95911,-0.875152
15,-4.93526,-0.872557
15,-4.91142,-0.87339
15,-4.88758,-0.873878
15,-4.86374,-0.863886
15,-4.8399,-0.868443
15,-4.81606,-0.872737
15,-4.79221,-0.881409
15,-4.76837,-0.876989
15,-4.74453,-0.872243
15,-4.72069,-0.883827
15,-4.69685,-0.880671
15,-4.673,-0.871043
15,-4.64916,-0.871036
15,-4.62532,-0.887576
15,-4.60148,-0.882354
15,-4.57764,-0.886149
15,-4.55379,-0.877631
15,-4.52995,-0.878113
15,-4.50611,-0.876384
15,-4.48227,-0.88275
15,-4.45843,-0.883494
15,-4.43459,-0.879656
15,-4.41074,-0.881685
15,-4.3869,-0.882437
15,-4.36306,-0.882374
15,-4.33922,-0.881396
15,-4.31538,-0.88313
15,-4.29153,-0.883938
15,-4.26769,-0.871976
15,-4.24385,-0.879842
15,-4.22001,-0.886512
15,-4.19617,-0.883734
15,-4.17233,-0.871073
15,-4.14848,-0.872595
15,-4.12464,-0.87689
15,-4.1008,-0.879732
15,-4.07696,-0.876923
15,-4.05312,-0.875599
15,-4.02927,-0.875829
15,-4.00543,-0.877787
15,-3.98159,-0.88061
15,-3.95775,-0.892665
15,-3.93391,-0.875428
15,-3.91006,-0.873749
15,-3.88622,-0.874808
15,-3.86238,-0.863481
15,-3.83854,-0.868055
15,-3.8147,-0.865125
15,-3.79086,-0.871
15,-3.76701,-0.833842
15,-3.74317,-0.872015
15,-3.71933,-0.864693
15,-3.69549,-0.868613
15,-3.67165,-0.816319
15,-3.6478,-0.871109
15,-3.62396,-0.873087
15,-3.60012,-0.878074
15,-3.57628,-0.85846
15,-3.55244,-0.878118
15,-3.52859,-0.858101
15,-3.50475,-0.87761
15,-3.48091,-0.878324
15,-3.45707,-0.880378
15,-3.43323,-0.867564
15,-3.40939,-0.878778
15,-3.38554,-0.890117
15,-3.3617,-0.877322
15,-3.33786,-0.886354
15,-3.31402,-0.876214
15,-3.29018,-0.880714
15,-3.26633,-0.841794
15,-3.24249,-0.889658
15,-3.21865,-0.892586
15,-3.19481,-0.897693
15,-3.17097,-0.864196
15,-3.14713,-0.892191
15,-3.12328,-0.893642
15,-3.09944,-0.901759
15,-3.0756,-0.882547
15,-3.05176,-0.90928
15,-3.02792,-0.893725
15,-3.00407,-0.915207
15,-2.98023,-0.917333
15,-2.95639,-0.913964
15,-2.93255,-0.909681
15,-2.90871,-0.912344
15,-2.88486,-0.915843
15,-2.86102,-0.909198
15,-2.83718,-0.910154
15,-2.81334,-0.913566
15,-2.7895,-0.920335
15,-2.76566,-0.90012
15,-2.74181,-0.917239
15,-2.71797,-0.905633
15,-2.69413,-0.918952
15,-2.67029,-0.895924
15,-2.64645,-0.923079
15,-2.6226,-0.918977
15,-2.59876,-0.931181
15,-2.57492,-0.918666
15,-2.55108,-0.926368
15,-2.52724,-0.925347
15,-2.5034,-0.929217
15,-2.47955,-0.941343
15,-2.45571,-0.939793
15,-2.43187,-0.928675
15,-2.40803,-0.93307
15,-2.38419,-0.933933
15,-2.36034,-0.934178
15,-2.3365,-0.929426
15,-2.31266,-0.928392
15,-2.28882,-0.936841
15,-2.26498,-0.91607
15,-2.24113,-0.942004
15,-2.21729,-0.932951
15,-2.19345,-0.937219
15,-2.16961,-0.909159
15,-2.14577,-0.93737
15,-2.12193,-0.938308
15,-2.09808,-0.943203
15,-2.07424,-0.926739
15,-2.0504,-0.940609
15,-2.02656,-0.934934
15,-2.00272,-0.943508
15,-1.97887,-0.945928
15,-1.95503,-0.944391
15,-1.93119,-0.936659
15,-1.90735,-0.936524
15,-1.88351,-0.945112
15,-1.85966,-0.938421
15,-1.83582,-0.94338
15,-1.81198,-0.941899
15,-1.78814,-0.943957
15,-1.7643,-0.924574
15,-1.74046,-0.936816
15,-1.71661,-0.936928
15,-1.69277,-0.942752
15,-1.66893,-0.913042
15,-1.64509,-0.943278
15,-1.62125,-0.944834
15,-1.5974,-0.955216
15,-1.57356,-0.936568
15,-1.54972,-0.945125
15,-1.52588,-0.940818
15,-1.50204,-0.94591
15,-1.4782,-0.941072
15,-1.45435,-0.945297
15,-1.43051,-0.933171
15,-1.40667,-0.941878
15,-1.38283,-0.951369
15,-1.35899,-0.941256
15,-1.33514,-0.941616
15,-1.3113,-0.92982
15,-1.28746,-0.939039
15,-1.26362,-0.912178
15,-1.23978,-0.944011
15,-1.21593,-0.928412
15,-1.19209,-0.942214
15,-1.16825,-0.907998
15,-1.14441,-0.940759
15,-1.12057,-0.925935
15,-1.09673,-0.938701
15,-1.07288,-0.915389
15,-1.04904,-0.935282
15,-1.0252,-0.921172
15,-1.00136,-0.927979
15,-0.977516,-0.939604
15,-0.953674,-0.930352
15,-0.929832,-0.910325
15,-0.905991,-0.900963
15,-0.882149,-0.90574
15,-0.858307,-0.877409
15,-0.834465,-0.896223
15,-0.810623,-0.874403
15,-0.786781,-0.869004
15,-0.762939,-0.713985
15,-0.739098,-0.827434
15,-0.715256,-0.820425
15,-0.691414,-0.857637
15,-0.667572,-0.726215
15,-0.64373,-0.831927
15,-0.619888,-0.812992
15,-0.596046,-0.818795
15,-0.572205,-0.752752
15,-0.548363,-0.718113
15,-0.524521,-0.54179
15,-0.500679,-0.48296
15,-0.476837,-0.504021
15,-0.452995,-0.386058
15,-0.429153,-0.112273
15,-0.405312,0.685503
15,-0.38147,0.17665
15,-0.357628,0.526203
15,-0.333786,0.587907
15,-0.309944,1.25035
15,-0.286102,1.66239
15,-0.26226,3.75601
15,-0.238419,3.99653
15,-0.214577,9.24015
15,-0.190735,7.89712
15,-0.166893,8.12051
15,-0.143051,7.16113
15,-0.119209,6.67636
15,-0.0953674,5.88616
15,-0.0715256,9.75767
15,-0.0476837,9.93794
15,-0.0238419,10.9433
15,0,12.5371
15,0.0238419,14.8825
15,0.0476837,12.8532
15,0.0715256,7.57626
15,0.0953674,4.03586
15,0.119209,6.45481
15,0.143051,5.86616
15,0.166893,11.7634
15,0.190735,2.54439
15,0.214577,4.34649
15,0.238419,2.093
15,0.26226,2.16894
15,0.286102,3.45557
15,0.309944,1.52646
15,0.333786,0.808166
15,0.357628,0.501414
15,0.38147,-0.322893
15,0.405312,-0.301612
15,0.429153,-0.467821
15,0.452995,-0.480994
15,0.476837,-0.526596
15,0.500679,-0.663404
15,0.524521,-0.731848
15,0.548363,-0.765158
15,0.572205,-0.775609
15,0.596046,-0.824153
15,0.619888,-0.847733
15,0.64373,-0.847717
15,0.667572,-0.878668
15,0.691414,-0.863571
15,0.715256,-0.885012
15,0.739098,-0.822487
15,0.762939,-0.929697
15,0.786781,-0.946838
15,0.810623,-0.949511
15,0.834465,-0.890465
15,0.858307,-0.937562
15,0.882149,-0.958983
15,0.905991,-0.975139
15,0.929832,-0.953535
15,0.953674,-0.977488
15,0.977516,-0.976844
15,1.00136,-1.00345
15,1.0252,-1.00634
15,1.04904,-1.00202
15,1.07288,-0.998289
15,1.09673,-0.999475
15,1.12057,-0.9998
15,1.14441,-1.00031
15,1.16825,-1.01511
15,1.19209,-0.998312
15,1.21593,-1.01332
15,1.23978,-0.982589
15,1.26362,-1.00389
15,1.28746,-1.00255
15,1.3113,-1.01522
15,1.33514,-0.978224
15,1.35899,-1.01397
15,1.38283,-1.03288
15,1.40667,-1.03215
15,1.43051,-1.02198
15,1.45435,-1.02046
15,1.4782,-1.03116
15,1.50204,-1.0357
15,1.52588,-1.03584
15,1.54972,-1.03942
15,1.57356,-1.04243
15,1.5974,-1.03963
15,1.62125,-1.04252
15,1.64509,-1.04149
15,1.66893,-1.04914
15,1.69277,-1.04266
15,1.71661,-1.04234
15,1.74046,-1.02175
15,1.7643,-1.05074
15,1.78814,-1.05326
15,1.81198,-1.04703
15,1.83582,-1.03487
15,1.85966,-1.03764
15,1.88351,-1.05324
15,1.90735,-1.06408
15,1.93119,-1.05076
15,1.95503,-1.06256
15,1.97887,-1.0615
15,2.00272,-1.0683
15,2.02656,-1.06863
15,2.0504,-1.05778
15,2.07424,-1.06142
15,2.09808,-1.06315
15,2.12193,-1.06333
15,2.14577,-1.06367
15,2.16961,-1.06765
15,2.19345,-1.07422
15,2.21729,-1.06325
15,2.24113,-1.05948
15,2.26498,-1.0692
15,2.28882,-1.06719
15,2.31266,-1.06132
15,2.3365,-1.05037
15,2.36034,-1.07354
15,2.38419,-1.07709
15,2.40803,-1.08082
15,2.43187,-1.0709
15,2.45571,-1.06547
15,2.47955,-1.07534
15,2.5034,-1.08177
15,2.52724,-1.08598
15,2.55108,-1.09078
15,2.57492,-1.08455
15,2.59876,-1.07767
15,2.6226,-1.07619
15,2.64645,-1.07753
15,2.67029,-1.09119
15,2.69413,-1.07693
15,2.71797,-1.08173
15,2.74181,-1.0688
15,2.76566,-1.08686
15,2.7895,-1.08552
15,2.81334,-1.08608
15,2.83718,-1.06239
15,2.86102,-1.07494
15,2.88486,-1.08925
15,2.90871,-1.08325
15,2.93255,-1.07628
15,2.95639,-1.0877
15,2.98023,-1.09499
15,3.00407,-1.10186
15,3.02792,-1.09288
15,3.05176,-1.09147
15,3.0756,-1.08288
15,3.09944,-1.08679
15,3.12328,-1.08226
15,3.14713,-1.08486
15,3.17097,-1.0944
15,3.19481,-1.07496
15,3.21865,-1.08187
15,3.24249,-1.06564
15,3.26633,-1.08332
15,3.29018,-1.07138
15,3.31402,-1.07104
15,3.33786,-1.02512
15,3.3617,-1.08027
15,3.38554,-1.09958
15,3.40939,-1.09398
15,3.43323,-1.06703
15,3.45707,-1.08595
15,3.48091,-1.08706
15,3.50475,-1.08884
15,3.52859,-1.09309
15,3.55244,-1.09176
15,3.57628,-1.09124
15,3.60012,-1.10383
15,3.62396,-1.09111
15,3.6478,-1.10166
15,3.67165,-1.0895
15,3.69549,-1.08299
15,3.71933,-1.07359
15,3.74317,-1.07103
15,3.76701,-1.0962
15,3.79086,-1.09599
15,3.8147,-1.09657
15,3.83854,-1.06627
15,3.86238,-1.09584
15,3.88622,-1.10829
15,3.91006,-1.11565
15,3.93391,-1.08829
15,3.95775,-1.12559
15,3.98159,-1.12627
15,4.00543,-1.13048
15,4.02927,-1.12908
15,4.05312,-1.13176
15,4.07696,-1.12809
15,4.1008,-1.12919
15,4.12464,-1.12822
15,4.14848,-1.13172
15,4.17233,-1.13455
15,4.19617,-1.12909
15,4.22001,-1.12932
15,4.24385,-1.13092
15,4.26769,-1.13933
15,4.29153,-1.13205
15,4.31538,-1.14325
15,4.33922,-1.1339
15,4.36306,-1.14306
15,4.3869,-1.15285
15,4.41074,-1.14882
15,4.43459,-1.14492
15,4.45843,-1.14569
15,4.48227,-1.15354
15,4.50611,-1.15549
15,4.52995,-1.16217
15,4.55379,-1.16388
15,4.57764,-1.16567
15,4.60148,-1.16817
15,4.62532,-1.15575
15,4.64916,-1.17186
15,4.673,-1.16183
15,4.69685,-1.16396
15,4.72069,-1.16577
15,4.74453,-1.16146
15,4.76837,-1.16655
15,4.79221,-1.17389
15,4.81606,-1.16623
15,4.8399,-1.16391
15,4.86374,-1.16696
15,4.88758,-1.17534
15,4.91142,-1.15509
15,4.93526,-1.15155
15,4.95911,-1.16555
15,4.98295,-1.18406
15,5.00679,-1.17367
15,5.03063,-1.17247
15,5.05447,-1.17041
15,5.07832,-1.16288
15,5.10216,-1.17802
15,5.126,-1.17193
15,5.14984,-1.18147
15,5.17368,-1.1805
15,5.19753,-1.18167
15,5.22137,-1.18498
15,5.24521,-1.18526
15,5.26905,-1.1819
15,5.29289,-1.18749
15,5.31673,-1.18223
15,5.34058,-1.18592
15,5.36442,-1.1866
15,5.38826,-1.19093
15,5.4121,-1.18618
15,5.43594,-1.18586
15,5.45979,-1.18378
15,5.48363,-1.19263
15,5.50747,-1.19523
15,5.53131,-1.19195
15,5.55515,-1.19189
15,5.57899,-1.19
15,5.60284,-1.19426
15,5.62668,-1.19699
15,5.65052,-1.19241
15,5.67436,-1.1995
15,5.6982,-1.19672
15,5.72205,-1.19603
15,5.74589,-1.19272
15,5.76973,-1.20014
15,5.79357,-1.19914
15,5.81741,-1.19744
15,5.84126,-1.21027
15,5.8651,-1.20178
15,5.88894,-1.21204
15,5.91278,-1.20475
15,5.93662,-1.19712
15,5.96046,-1.20923
15,5.98431,-1.21238
15,6.00815,-1.20435
15,6.03199,-1.20606
15,6.05583,-1.21126
15,6.07967,-1.20865
15,6.10352,-1.21029
15,6.12736,-1.21213
15,6.1512,-1.20997
15,6.17504,-1.21202
15,6.19888,-1.21775
15,6.22272,-1.21282
15,6.24657,-1.21462
15,6.27041,-1.23053
15,6.29425,-1.22341
15,6.31809,-1.21453
15,6.34193,-1.21558
15,6.36578,-1.21839
15,6.38962,-1.22303
15,6.41346,-1.22446
15,6.4373,-1.22517
15,6.46114,-1.22552
15,6.48499,-1.22891
15,6.50883,-1.22521
15,6.53267,-1.21973
15,6.55651,-1.23211
15,6.58035,-1.22405
15,6.60419,-1.22763
15,6.62804,-1.22702
15,6.65188,-1.22876
15,6.67572,-1.2262
15,6.69956,-1.2351
15,6.7234,-1.2303
15,6.74725,-1.23286
15,6.77109,-1.22415
15,6.79493,-1.23198
15,6.81877,-1.22672
15,6.84261,-1.23922
15,6.86646,-1.24325
15,6.8903,-1.23674
15,6.91414,-1.23674
15,6.93798,-1.24008
15,6.96182,-1.22758
15,6.98566,-1.24153
15,7.00951,-1.23928
15,7.03335,-1.24665
15,7.05719,-1.24101
15,7.08103,-1.23669
15,7.10487,-1.24503
15,7.12872,-1.24973
15,7.15256,-1.24796
15,7.1764,-1.24585
15,7.20024,-1.24641
15,7.22408,-1.24618
15,7.24792,-1.2442
15,7.27177,-1.2454
15,7.29561,-1.24312
15,7.31945,-1.25083
15,7.34329,-1.24983
15,7.36713,-1.24076
15,7.39098,-1.24083
15,7.41482,-1.25712
15,7.43866,-1.25553
15,7.4625,-1.25672
15,7.48634,-1.25644
15,7.51019,-1.25192
15,7.53403,-1.25673
15,7.55787,-1.26204
15,7.58171,-1.25987
15,7.60555,-1.26462
15,7.62939,-1.25676
15,7.65324,-1.2501
15,7.67708,-1.25451
15,7.70092,-1.26675
15,7.72476,-1.26142
15,7.7486,-1.26375
15,7.77245,-1.26043
15,7.79629,-1.2676
15,7.82013,-1.26528
15,7.84397,-1.25858
15,7.86781,-1.26884
15,7.89165,-1.26166
15,7.9155,-1.26681
15,7.93934,-1.26838
15,7.96318,-1.27383
15,7.98702,-1.27242
15,8.01086,-1.26441
15,8.03471,-1.2702
15,8.05855,-1.27924
15,8.08239,-1.27564
15,8.10623,-1.2718
15,8.13007,-1.27591
15,8.15392,-1.27663
15,8.17776,-1.28131
15,8.2016,-1.28248
15,8.22544,-1.28351
15,8.24928,-1.27387
15,8.27312,-1.27619
15,8.29697,-1.28187
15,8.32081,-1.28035
15,8.34465,-1.28378
15,8.36849,-1.279
15,8.39233,-1.27777
15,8.41618,-1.28471
15,8.44002,-1.28696
15,8.46386,-1.28248
15,8.4877,-1.28575
15,8.51154,-1.29155
15,8.53539,-1.29224
15,8.55923,-1.28908
15,8.58307,-1.28861
15,8.60691,-1.29241
15,8.63075,-1.28864
15,8.65459,-1.29296
15,8.67844,-1.28727
15,8.70228,-1.30352
15,8.72612,-1.29653
15,8.74996,-1.28837
15,8.7738,-1.29363
15,8.79765,-1.29428
15,8.82149,-1.30074
15,8.84533,-1.29519
15,8.86917,-1.30352
15,8.89301,-1.29643
15,8.91685,-1.29955
15,8.9407,-1.30217
15,8.96454,-1.30261
15,8.98838,-1.29725
15,9.01222,-1.30547
15,9.03606,-1.30413
15,9.05991,-1.30496
15,9.08375,-1.30311
15,9.10759,-1.30124
15,9.13143,-1.30341
15,9.15527,-1.30654
15,9.17912,-1.31264
15,9.20296,-1.30651
15,9.2268,-1.30442
15,9.25064,-1.30879
15,9.27448,-1.30883
15,9.29832,-1.30778
15,9.32217,-1.31791
15,9.34601,-1.31507
15,9.36985,-1.31123
15,9.39369,-1.32061
15,9.41753,-1.30953
15,9.44138,-1.31337
15,9.46522,-1.31864
15,9.48906,-1.32158
15,9.5129,-1.31847
15,9.53674,-1.31114
15,9.56059,-1.31835
15,9.58443,-1.31757
15,9.60827,-1.31983
15,9.63211,-1.32674
15,9.65595,-1.3158
15,9.67979,-1.32209
15,9.70364,-1.32823
15,9.72748,-1.32783
15,9.75132,-1.32062
15,9.77516,-1.33016
15,9.799,-1.33156
15,9.82285,-1.32536
15,9.84669,-1.33331
15,9.87053,-1.33314
15,9.89437,-1.32391
15,9.91821,-1.33366
15,9.94205,-1.32883
15,9.9659,-1.33474
15,9.98974,-1.33598
15,10.0136,-1.33137
15,10.0374,-1.33263
15,10.0613,-1.33199
15,10.0851,-1.33052
15,10.1089,-1.33341
15,10.1328,-1.33902
15,10.1566,-1.32875
15,10.1805,-1.33384
15,10.2043,-1.33456
15,10.2282,-1.34106
15,10.252,-1.33467
15,10.2758,-1.33466
15,10.2997,-1.34075
15,10.3235,-1.34493
15,10.3474,-1.34576
15,10.3712,-1.34502
15,10.3951,-1.34416
15,10.4189,-1.34853
15,10.4427,-1.34729
15,10.4666,-1.34747
15,10.4904,-1.35089
15,10.5143,-1.35089
15,10.5381,-1.3513
15,10.5619,-1.34652
15,10.5858,-1.35482
15,10.6096,-1.35074
15,10.6335,-1.35854
15,10.6573,-1.3519
15,10.6812,-1.35976
15,10.705,-1.35237
15,10.7288,-1.35786
15,10.7527,-1.35236
15,10.7765,-1.35724
15,10.8004,-1.35868
15,10.8242,-1.35976
15,10.848,-1.36456
15,10.8719,-1.3594
15,10.8957,-1.36348
15,10.9196,-1.36586
15,10.9434,-1.35728
15,10.9673,-1.36428
15,10.9911,-1.3555
15,11.0149,-1.36861
15,11.0388,-1.36873
15,11.0626,-1.36477
15,11.0865,-1.37098
15,11.1103,-1.36827
15,11.1341,-1.37069
15,11.158,-1.37594
15,11.1818,-1.36565
15,11.2057,-1.36594
15,11.2295,-1.36472
15,11.2534,-1.36753
15,11.2772,-1.38137
15,11.301,-1.37461
15,11.3249,-1.37806
15,11.3487,-1.38393
15,11.3726,-1.36808
15,11.3964,-1.37807
15,11.4202,-1.38138
15,11.4441,-1.37893
15,11.4679,-1.38736
15,11.4918,-1.37486
15,11.5156,-1.37851
15,11.5395,-1.37862
15,11.5633,-1.3873
15,11.5871,-1.37824
15,11.611,-1.37927
15,11.6348,-1.3829
15,11.6587,-1.38599
15,11.6825,-1.38282
15,11.7064,-1.38272
15,11.7302,-1.38427
15,11.754,-1.37748
15,11.7779,-1.38902
15,11.8017,-1.38785
15,11.8256,-1.38992
15,11.8494,-1.39021
15,11.8732,-1.39576
15,11.8971,-1.39552
15,11.9209,-1.38845
15,11.9448,-1.39342
15,11.9686,-1.3943
15,11.9925,-1.38931
15,12.0163,-1.39096
15,12.0401,-1.39266
15,12.064,-1.40161
15,12.0878,-1.39676
15,12.1117,-1.39856
15,12.1355,-1.40496
15,12.1593,-1.41039
15,12.1832,-1.40239
15,12.207,-1.40489
15,12.2309,-1.40405
15,12.2547,-1.40133
15,12.2786,-1.40367
15,12.3024,-1.39915
15,12.3262,-1.40104
15,12.3501,-1.4049
15,12.3739,-1.40538
15,12.3978,-1.40498
15,12.4216,-1.41194
15,12.4454,-1.40915
15,12.4693,-1.41086
15,12.4931,-1.40849
15,12.517,-1.41308
15,12.5408,-1.40783
15,12.5647,-1.41063
15,12.5885,-1.42096
15,12.6123,-1.41454
15,12.6362,-1.42425
15,12.66,-1.41451
15,12.6839,-1.41018
15,12.7077,-1.42131
15,12.7316,-1.41065
15,12.7554,-1.41421
15,12.7792,-1.41589
15,12.8031,-1.42265
15,12.8269,-1.42764
15,12.8508,-1.42783
15,12.8746,-1.42158
15,12.8984,-1.42116
15,12.9223,-1.4243
15,12.9461,-1.4286
15,12.97,-1.43241
15,12.9938,-1.42349
15,13.0177,-1.42577
15,13.0415,-1.42938
15,13.0653,-1.42925
15,13.0892,-1.42901
15,13.113,-1.44003
15,13.1369,-1.42978
15,13.1607,-1.43725
15,13.1845,-1.43598
15,13.2084,-1.43588
15,13.2322,-1.4317
15,13.2561,-1.43045
15,13.2799,-1.43421
15,13.3038,-1.43799
15,13.3276,-1.44448
15,13.3514,-1.43551
15,13.3753,-1.43573
15,13.3991,-1.4333
15,13.423,-1.43625
15,13.4468,-1.43988
15,13.4706,-1.43771
15,13.4945,-1.4485
15,13.5183,-1.44103
15,13.5422,-1.43851
15,13.566,-1.4434
15,13.5899,-1.44642
15,13.6137,-1.44372
15,13.6375,-1.44424
15,13.6614,-1.45309
15,13.6852,-1.44351
15,13.7091,-1.44913
15,13.7329,-1.44888
15,13.7568,-1.45272
15,13.7806,-1.44965
15,13.8044,-1.45444
15,13.8283,-1.45145
15,13.8521,-1.45125
15,13.876,-1.44957
15,13.8998,-1.45642
15,13.9236,-1.44993
15,13.9475,-1.45539
15,13.9713,-1.45218
15,13.9952,-1.44903
15,14.019,-1.45763
15,14.0429,-1.46052
15,14.0667,-1.45763
15,14.0905,-1.45992
15,14.1144,-1.46505
15,14.1382,-1.4627
15,14.1621,-1.4652
15,14.1859,-1.46528
15,14.2097,-1.46845
15,14.2336,-1.46406
15,14.2574,-1.46649
15,14.2813,-1.47174
15,14.3051,-1.46081
15,14.329,-1.46872
15,14.3528,-1.46827
15,14.3766,-1.46579
15,14.4005,-1.47006
15,14.4243,-1.47104
15,14.4482,-1.46513
15,14.472,-1.46815
15,14.4958,-1.47979
15,14.5197,-1.47477
15,14.5435,-1.47234
15,14.5674,-1.48127
15,14.5912,-1.46964
15,14.6151,-1.4731
15,14.6389,-1.47788
15,14.6627,-1.47888
15,14.6866,-1.46961
15,14.7104,-1.48097
15,14.7343,-1.47228
15,14.7581,-1.48238
15,14.782,-1.48159
15,14.8058,-1.47118
15,14.8296,-1.47134
15,14.8535,-1.48388
15,14.8773,-1.48456
15,14.9012,-1.47678
15,14.925,-1.4859
15,14.9488,-1.48564
15,14.9727,-1.48436
15,14.9965,-1.48788
14,-14.9965,0.65349
14,-14.9727,0.657637
14,-14.9488,0.656841
14,-14.925,0.657296
14,-14.9012,0.664613
14,-14.8773,0.667483
14,-14.8535,0.666735
14,-14.8296,0.665946
14,-14.8058,0.66377
14,-14.782,0.669903
14,-14.7581,0.656402
14,-14.7343,0.664351
14,-14.7104,0.662577
14,-14.6866,0.65688
14,-14.6627,0.663227
14,-14.6389,0.663316
14,-14.6151,0.659967
14,-14.5912,0.662473
14,-14.5674,0.667757
14,-14.5435,0.65784
14,-14.5197,0.665055
14,-14.4958,0.659622
14,-14.472,0.659207
14,-14.4482,0.66697
14,-14.4243,0.666251
14,-14.4005,0.667706
14,-14.3766,0.663832
14,-14.3528,0.664289
14,-14.329,0.657997
14,-14.3051,0.664307
14,-14.2813,0.665703
14,-14.2574,0.667028
14,-14.2336,0.660832
14,-14.2097,0.661308
14,-14.1859,0.665076
14,-14.1621,0.66104
14,-14.1382,0.673488
14,-14.1144,0.656234
14,-14.0905,0.665655
14,-14.0667,0.668371
14,-14.0429,0.669045
14,-14.019,0.66632
14,-13.9952,0.655627
14,-13.9713,0.662547
14,-13.9475,0.655577
14,-13.9236,0.659768
14,-13.8998,0.659814
14,-13.876,0.664041
14,-13.8521,0.663542
14,-13.8283,0.665415
14,-13.8044,0.668014
14,-13.7806,0.657512
14,-13.7568,0.659545
14,-13.7329,0.661228
14,-13.7091,0.666931
14,-13.6852,0.6634
14,-13.6614,0.663992
14,-13.6375,0.659733
14,-13.6137,0.658584
14,-13.5899,0.657048
14,-13.566,0.665906
14,-13.5422,0.667871
14,-13.5183,0.669714
14,-13.4945,0.664447
14,-13.4706,0.668117
14,-13.4468,0.657672
14,-13.423,0.661517
14,-13.3991,0.665608
14,-13.3753,0.664052
14,-13.3514,0.662203
14,-13.3276,0.665611
14,-13.3038,0.654353
14,-13.2799,0.658229
14,-13.2561,0.669947
14,-13.2322,0.66482
14,-13.2084,0.67113
14,-13.1845,0.666131
14,-13.1607,0.662177
14,-13.1369,0.66122
14,-13.113,0.671474
14,-13.0892,0.657534
14,-13.0653,0.663917
14,-13.0415,0.664245
14,-13.0177,0.668153
14,-12.9938,0.668778
14,-12.97,0.667813
14,-12.9461,0.658862
14,-12.9223,0.670229
14,-12.8984,0.660502
14,-12.8746,0.660275
14,-12.8508,0.666359
14,-12.8269,0.66308
14,-12.8031,0.663011
14,-12.7792,0.669192
14,-12.7554,0.674153
14,-12.7316,0.666251
14,-12.7077,0.66284
14,-12.6839,0.662384
14,-12.66,0.660801
14,-12.6362,0.660321
14,-12.6123,0.669082
14,-12.5885,0.66263
14,-12.5647,0.675566
14,-12.5408,0.661251
14,-12.517,0.660852
14,-12.4931,0.665323
14,-12.4693,0.657434
14,-12.4454,0.658634
14,-12.4216,0.660013
14,-12.3978,0.668786
14,-12.3739,0.666489
14,-12.3501,0.67456
14,-12.3262,0.670043
14,-12.3024,0.661826
14,-12.2786,0.660175
14,-12.2547,0.661081
14,-12.2309,0.668859
14,-12.207,0.66235
14,-12.1832,0.661492
14,-12.1593,0.668484
14,-12.1355,0.664096
14,-12.1117,0.66357
14,-12.0878,0.667646
14,-12.064,0.667958
14,-12.0401,0.666591
14,-12.0163,0.665476
14,-11.9925,0.674016
14,-11.9686,0.659202
14,-11.9448,0.661099
14,-11.9209,0.664703
14,-11.8971,0.662281
14,-11.8732,0.663735
14,-11.8494,0.669797
14,-11.8256,0.661298
14,-11.8017,0.667285
14,-11.7779,0.669943
14,-11.754,0.665549
14,-11.7302,0.668585
14,-11.7064,0.66304
14,-11.6825,0.661376
14,-11.6587,0.662058
14,-11.6348,0.66422
14,-11.611,0.667374
14,-11.5871,0.666822
14,-11.5633,0.674867
14,-11.5395,0.672736
14,-11.5156,0.66446
14,-11.4918,0.669541
14,-11.4679,0.672164
14,-11.4441,0.663495
14,-11.4202,0.659373
14,-11.3964,0.664813
14,-11.3726,0.672057
14,-11.3487,0.667862
14,-11.3249,0.657987
14,-11.301,0.661433
14,-11.2772,0.663724
14,-11.2534,0.669519
14,-11.2295,0.669408
14,-11.2057,0.666901
14,-11.1818,0.670837
14,-11.158,0.668754
14,-11.1341,0.669841
14,-11.1103,0.664769
14,-11.0865,0.664437
14,-11.0626,0.666548
14,-11.0388,0.674168
14,-11.0149,0.657733
14,-10.9911,0.666392
14,-10.9673,0.66001
14,-10.9434,0.666988
14,-10.9196,0.662765
14,-10.8957,0.663002
14,-10.8719,0.672128
14,-10.848,0.670897
14,-10.8242,0.66574
14,-10.8004,0.663952
14,-10.7765,0.67455
14,-10.7527,0.669459
14,-10.7288,0.674016
14,-10.705,0.667304
14,-10.6812,0.666936
14,-10.6573,0.665298
14,-10.6335,0.672901
14,-10.6096,0.667635
14,-10.5858,0.669283
14,-10.5619,0.667604
14,-10.5381,0.662401
14,-10.5143,0.664474
14,-10.4904,0.659902
14,-10.4666,0.66638
14,-10.4427,0.666059
14,-10.4189,0.664355
14,-10.3951,0.658404
14,-10.3712,0.670194
14,-10.3474,0.665938
14,-10.3235,0.665637
14,-10.2997,0.659894
14,-10.2758,0.665409
14,-10.252,0.670326
14,-10.2282,0.664575
14,-10.2043,0.668699
14,-10.1805,0.667025
14,-10.1566,0.666058
14,-10.1328,0.657897
14,-10.1089,0.666462
14,-10.0851,0.662658
14,-10.0613,0.670544
14,-10.0374,0.665341
14,-10.0136,0.669538
14,-9.98974,0.670966
14,-9.9659,0.663134
14,-9.94205,0.66415
14,-9.91821,0.672467
14,-9.89437,0.662023
14,-9.87053,0.664368
14,-9.84669,0.669844
14,-9.82285,0.663959
14,-9.799,0.67516
14,-9.77516,0.66427
14,-9.75132,0.667237
14,-9.72748,0.669225
14,-9.70364,0.669107
14,-9.67979,0.676655
14,-9.65595,0.669642
14,-9.63211,0.665584
14,-9.60827,0.669151
14,-9.58443,0.660712
14,-9.56059,0.667979
14,-9.53674,0.666855
14,-9.5129,0.669859
14,-9.48906,0.666402
14,-9.46522,0.662464
14,-9.44138,0.670238
14,-9.41753,0.670504
14,-9.39369,0.673468
14,-9.36985,0.672774
14,-9.34601,0.669233
14,-9.32217,0.667324
14,-9.29832,0.677687
14,-9.27448,0.660867
14,-9.25064,0.659922
14,-9.2268,0.669398
14,-9.20296,0.670157
14,-9.17912,0.670515
14,-9.15527,0.662658
14,-9.13143,0.659561
14,-9.10759,0.667172
14,-9.08375,0.668782
14,-9.05991,0.668617
14,-9.03606,0.668165
14,-9.01222,0.66447
14,-8.98838,0.665909
14,-8.96454,0.668087
14,-8.9407,0.668073
14,-8.91685,0.668926
14,-8.89301,0.663797
14,-8.86917,0.674887
14,-8.84533,0.670157
14,-8.82149,0.6626
14,-8.79765,0.668313
14,-8.7738,0.663814
14,-8.74996,0.670703
14,-8.72612,0.672433
14,-8.70228,0.672193
14,-8.67844,0.665198
14,-8.65459,0.66459
14,-8.63075,0.664857
14,-8.60691,0.667577
14,-8.58307,0.664976
14,-8.55923,0.669512
14,-8.53539,0.676563
14,-8.51154,0.672974
14,-8.4877,0.665832
14,-8.46386,0.670891
14,-8.44002,0.675421
14,-8.41618,0.670114
14,-8.39233,0.671561
14,-8.36849,0.667271
14,-8.34465,0.663878
14,-8.32081,0.670596
14,-8.29697,0.670196
14,-8.27312,0.678138
14,-8.24928,0.670084
14,-8.22544,0.670652
14,-8.2016,0.670895
14,-8.17776,0.67312
14,-8.15392,0.676348
14,-8.13007,0.669423
14,-8.10623,0.677029
14,-8.08239,0.664838
14,-8.05855,0.662457
14,-8.03471,0.674075
14,-8.01086,0.674159
14,-7.98702,0.672194
14,-7.96318,0.662533
14,-7.93934,0.671669
14,-7.9155,0.660986
14,-7.89165,0.677056
14,-7.86781,0.673973
14,-7.84397,0.672906
14,-7.82013,0.674881
14,-7.79629,0.664467
14,-7.77245,0.672655
14,-7.7486,0.668264
14,-7.72476,0.676636
14,-7.70092,0.67305
14,-7.67708,0.670379
14,-7.65324,0.678657
14,-7.62939,0.671808
14,-7.60555,0.671717
14,-7.58171,0.672513
14,-7.55787,0.671502
14,-7.53403,0.663616
14,-7.51019,0.669078
14,-7.48634,0.676775
14,-7.4625,0.668794
14,-7.43866,0.669536
14,-7.41482,0.671039
14,-7.39098,0.67177
14,-7.36713,0.668784
14,-7.34329,0.671568
14,-7.31945,0.67287
14,-7.29561,0.667567
14,-7.27177,0.66773
14,-7.24792,0.67389
14,-7.22408,0.677667
14,-7.20024,0.682922
14,-7.1764,0.668429
14,-7.15256,0.675385
14,-7.12872,0.668954
14,-7.10487,0.670012
14,-7.08103,0.670096
14,-7.05719,0.665174
14,-7.03335,0.673559
14,-7.00951,0.674378
14,-6.98566,0.669289
14,-6.96182,0.664268
14,-6.93798,0.671016
14,-6.91414,0.672207
14,-6.8903,0.664014
14,-6.86646,0.669843
14,-6.84261,0.667692
14,-6.81877,0.670827
14,-6.79493,0.667741
14,-6.77109,0.678404
14,-6.74725,0.67873
14,-6.7234,0.677183
14,-6.69956,0.667114
14,-6.67572,0.673939
14,-6.65188,0.671772
14,-6.62804,0.671979
14,-6.60419,0.66851
14,-6.58035,0.675354
14,-6.55651,0.67709
14,-6.53267,0.673091
14,-6.50883,0.672073
14,-6.48499,0.674104
14,-6.46114,0.678068
14,-6.4373,0.671064
14,-6.41346,0.675502
14,-6.38962,0.66844
14,-6.36578,0.675721
14,-6.34193,0.6647
14,-6.31809,0.671961
14,-6.29425,0.669419
14,-6.27041,0.674704
14,-6.24657,0.673889
14,-6.22272,0.6726
14,-6.19888,0.669622
14,-6.17504,0.67209
14,-6.1512,0.674603
14,-6.12736,0.676884
14,-6.10352,0.678824
14,-6.07967,0.674677
14,-6.05583,0.666958
14,-6.03199,0.672288
14,-6.00815,0.673381
14,-5.98431,0.680511
14,-5.96046,0.673886
14,-5.93662,0.668459
14,-5.91278,0.668073
14,-5.88894,0.672075
14,-5.8651,0.674246
14,-5.84126,0.671426
14,-5.81741,0.672146
14,-5.79357,0.671656
14,-5.76973,0.673638
14,-5.74589,0.675559
14,-5.72205,0.679008
14,-5.6982,0.676615
14,-5.67436,0.667752
14,-5.65052,0.665284
14,-5.62668,0.668561
14,-5.60284,0.67055
14,-5.57899,0.678296
14,-5.55515,0.672966
14,-5.53131,0.674906
14,-5.50747,0.678744
14,-5.48363,0.674452
14,-5.45979,0.675971
14,-5.43594,0.669415
14,-5.4121,0.668498
14,-5.38826,0.672015
14,-5.36442,0.673763
14,-5.34058,0.673011
14,-5.31673,0.672352
14,-5.29289,0.676252
14,-5.26905,0.67717
14,-5.24521,0.68009
14,-5.22137,0.669806
14,-5.19753,0.676089
14,-5.17368,0.679649
14,-5.14984,0.676775
14,-5.126,0.676375
14,-5.10216,0.678384
14,-5.07832,0.673093
14,-5.05447,0.676587
14,-5.03063,0.674881
14,-5.00679,0.680969
14,-4.98295,0.66911
14,-4.95911,0.670278
14,-4.93526,0.682465
14,-4.91142,0.667849
14,-4.88758,0.677631
14,-4.86374,0.683707
14,-4.8399,0.677067
14,-4.81606,0.679781
14,-4.79221,0.668252
14,-4.76837,0.677234
14,-4.74453,0.679973
14,-4.72069,0.679008
14,-4.69685,0.684314
14,-4.673,0.686828
14,-4.64916,0.688486
14,-4.62532,0.686527
14,-4.60148,0.682069
14,-4.57764,0.677697
14,-4.55379,0.6771
14,-4.52995,0.679104
14,-4.50611,0.669249
14,-4.48227,0.683708
14,-4.45843,0.685037
14,-4.43459,0.672614
14,-4.41074,0.688153
14,-4.3869,0.687075
14,-4.36306,0.685046
14,-4.33922,0.687942
14,-4.31538,0.687838
14,-4.29153,0.692711
14,-4.26769,0.691126
14,-4.24385,0.685851
14,-4.22001,0.684748
14,-4.19617,0.698361
14,-4.17233,0.68851
14,-4.14848,0.689765
14,-4.12464,0.688073
14,-4.1008,0.69845
14,-4.07696,0.689379
14,-4.05312,0.692787
14,-4.02927,0.69623
14,-4.00543,0.687995
14,-3.98159,0.689169
14,-3.95775,0.693598
14,-3.93391,0.690854
14,-3.91006,0.690451
14,-3.88622,0.707636
14,-3.86238,0.704868
14,-3.83854,0.704095
14,-3.8147,0.709576
14,-3.79086,0.725029
14,-3.76701,0.710517
14,-3.74317,0.704998
14,-3.71933,0.719992
14,-3.69549,0.744933
14,-3.67165,0.718125
14,-3.6478,0.702813
14,-3.62396,0.705539
14,-3.60012,0.718641
14,-3.57628,0.704176
14,-3.55244,0.699326
14,-3.52859,0.685865
14,-3.50475,0.7007
14,-3.48091,0.694751
14,-3.45707,0.697642
14,-3.43323,0.695545
14,-3.40939,0.692961
14,-3.38554,0.710769
14,-3.3617,0.709032
14,-3.33786,0.700551
14,-3.31402,0.718423
14,-3.29018,0.722172
14,-3.26633,0.702814
14,-3.24249,0.701941
14,-3.21865,0.707316
14,-3.19481,0.717376
14,-3.17097,0.711904
14,-3.14713,0.696134
14,-3.12328,0.698187
14,-3.09944,0.71091
14,-3.0756,0.704137
14,-3.05176,0.693671
14,-3.02792,0.689307
14,-3.00407,0.684817
14,-2.98023,0.697039
14,-2.95639,0.687387
14,-2.93255,0.690484
14,-2.90871,0.694924
14,-2.88486,0.691266
14,-2.86102,0.688264
14,-2.83718,0.686802
14,-2.81334,0.706566
14,-2.7895,0.701709
14,-2.76566,0.695114
14,-2.74181,0.694196
14,-2.71797,0.707451
14,-2.69413,0.706717
14,-2.67029,0.689897
14,-2.64645,0.681935
14,-2.6226,0.692783
14,-2.59876,0.697106
14,-2.57492,0.686703
14,-2.55108,0.685004
14,-2.52724,0.689326
14,-2.5034,0.688984
14,-2.47955,0.691242
14,-2.45571,0.683644
14,-2.43187,0.693019
14,-2.40803,0.692956
14,-2.38419,0.70201
14,-2.36034,0.692064
14,-2.3365,0.693464
14,-2.31266,0.714026
14,-2.28882,0.71028
14,-2.26498,0.701673
14,-2.24113,0.699576
14,-2.21729,0.699543
14,-2.19345,0.704007
14,-2.16961,0.696192
14,-2.14577,0.697709
14,-2.12193,0.690031
14,-2.09808,0.703486
14,-2.07424,0.701399
14,-2.0504,0.69797
14,-2.02656,0.694374
14,-2.00272,0.694574
14,-1.97887,0.699474
14,-1.95503,0.693295
14,-1.93119,0.697145
14,-1.90735,0.703367
14,-1.88351,0.707095
14,-1.85966,0.708242
14,-1.83582,0.710204
14,-1.81198,0.701238
14,-1.78814,0.723501
14,-1.7643,0.709764
14,-1.74046,0.717605
14,-1.71661,0.734021
14,-1.69277,0.744566
14,-1.66893,0.723672
14,-1.64509,0.723858
14,-1.62125,0.722607
14,-1.5974,0.725222
14,-1.57356,0.737352
14,-1.54972,0.732117
14,-1.52588,0.733949
14,-1.50204,0.740385
14,-1.4782,0.73655
14,-1.45435,0.74361
14,-1.43051,0.729789
14,-1.40667,0.741222
14,-1.38283,0.745516
14,-1.35899,0.733202
14,-1.33514,0.742317
14,-1.3113,0.759019
14,-1.28746,0.759484
14,-1.26362,0.743093
14,-1.23978,0.739157
14,-1.21593,0.753082
14,-1.19209,0.756655
14,-1.16825,0.745679
14,-1.14441,0.735781
14,-1.12057,0.743034
14,-1.09673,0.759557
14,-1.07288,0.741217
14,-1.04904,0.73352
14,-1.0252,0.738909
14,-1.00136,0.73783
14,-0.977516,0.75426
14,-0.953674,0.744702
14,-0.929832,0.753105
14,-0.905991,0.774072
14,-0.882149,0.782784
14,-0.858307,0.811137
14,-0.834465,0.791763
14,-0.810623,0.855302
14,-0.786781,0.876163
14,-0.762939,0.896546
14,-0.739098,0.907518
14,-0.715256,0.939574
14,-0.691414,0.955378
14,-0.667572,1.03249
14,-0.64373,1.1577
14,-0.619888,1.13342
14,-0.596046,1.23021
14,-0.572205,1.68352
14,-0.548363,3.40925
14,-0.524521,3.75666
14,-0.500679,4.57528
14,-0.476837,4.9544
14,-0.452995,7.64638
14,-0.429153,4.36499
14,-0.405312,3.79176
14,-0.38147,3.68228
14,-0.357628,6.56838
14,-0.333786,3.15024
14,-0.309944,3.55189
14,-0.286102,4.76932
14,-0.26226,4.9884
14,-0.238419,3.89739
14,-0.214577,3.36504
14,-0.190735,3.51726
14,-0.166893,9.26759
14,-0.143051,8.06356
14,-0.119209,5.91267
14,-0.0953674,10.9677
14,-0.0715256,12.8389
14,-0.0476837,10.0508
14,-0.0238419,13.5628
14,0,16.3683
14,0.0238419,10.0985
14,0.0476837,8.36645
14,0.0715256,5.26682
14,0.0953674,5.40883
14,0.119209,10.3099
14,0.143051,3.88047
14,0.166893,2.9995
14,0.190735,2.54798
14,0.214577,2.41405
14,0.238419,2.05065
14,0.26226,2.37435
14,0.286102,2.67766
14,0.309944,1.87146
14,0.333786,1.40269
14,0.357628,2.59656
14,0.38147,3.75416
14,0.405312,1.53886
14,0.429153,1.23636
14,0.452995,1.03801
14,0.476837,0.982022
14,0.500679,0.906964
14,0.524521,0.874654
14,0.548363,0.84403
14,0.572205,0.846299
14,0.596046,0.845716
14,0.619888,0.836385
14,0.64373,0.823024
14,0.667572,0.792737
14,0.691414,0.853641
14,0.715256,0.813875
14,0.739098,0.765718
14,0.762939,0.757736
14,0.786781,0.78548
14,0.810623,0.790051
14,0.834465,0.739924
14,0.858307,0.734513
14,0.882149,0.74171
14,0.905991,0.736148
14,0.929832,0.727483
14,0.953674,0.72077
14,0.977516,0.709091
14,1.00136,0.713062
14,1.0252,0.73087
14,1.04904,0.70953
14,1.07288,0.712366
14,1.09673,0.715899
14,1.12057,0.725478
14,1.14441,0.710345
14,1.16825,0.70853
14,1.19209,0.713217
14,1.21593,0.722071
14,1.23978,0.719507
14,1.26362,0.711604
14,1.28746,0.723677
14,1.3113,0.721367
14,1.33514,0.707938
14,1.35899,0.703475
14,1.38283,0.700335
14,1.40667,0.707991
14,1.43051,0.703574
14,1.45435,0.70251
14,1.4782,0.695681
14,1.50204,0.695423
14,1.52588,0.694407
14,1.54972,0.688301
14,1.57356,0.701408
14,1.5974,0.697921
14,1.62125,0.712453
14,1.64509,0.695056
14,1.66893,0.706252
14,1.69277,0.717884
14,1.71661,0.704913
14,1.74046,0.708551
14,1.7643,0.703115
14,1.78814,0.711961
14,1.81198,0.706955
14,1.83582,0.701154
14,1.85966,0.705396
14,1.88351,0.709781
14,1.90735,0.706868
14,1.93119,0.702382
14,1.95503,0.695974
14,1.97887,0.6955
14,2.00272,0.694061
14,2.02656,0.6943
14,2.0504,0.704516
14,2.07424,0.704123
14,2.09808,0.696245
14,2.12193,0.700282
14,2.14577,0.699167
14,2.16961,0.704241
14,2.19345,0.710059
14,2.21729,0.706204
14,2.24113,0.703675
14,2.26498,0.69744
14,2.28882,0.698599
14,2.31266,0.701903
14,2.3365,0.701537
14,2.36034,0.709211
14,2.38419,0.702951
14,2.40803,0.712489
14,2.43187,0.708502
14,2.45571,0.706764
14,2.47955,0.709604
14,2.5034,0.718463
14,2.52724,0.718882
14,2.55108,0.721231
14,2.57492,0.722812
14,2.59876,0.721677
14,2.6226,0.73232
14,2.64645,0.738748
14,2.67029,0.74044
14,2.69413,0.765527
14,2.71797,0.763539
14,2.74181,0.762441
14,2.76566,0.779714
14,2.7895,0.806092
14,2.81334,0.837423
14,2.83718,0.845266
14,2.86102,0.868701
14,2.88486,0.905614
14,2.90871,1.01224
14,2.93255,1.21286
14,2.95639,1.5277
14,2.98023,1.87858
14,3.00407,2.21281
14,3.02792,2.46079
14,3.05176,10.3066
14,3.0756,2.46141
14,3.09944,2.21939
14,3.12328,1.88945
14,3.14713,1.52781
14,3.17097,1.2251
14,3.19481,1.03548
14,3.21865,0.930803
14,3.24249,0.879499
14,3.26633,0.85457
14,3.29018,0.869003
14,3.31402,0.828818
14,3.33786,0.795443
14,3.3617,0.758036
14,3.38554,0.764313
14,3.40939,0.770087
14,3.43323,0.755684
14,3.45707,0.74426
14,3.48091,0.738702
14,3.50475,0.732844
14,3.52859,0.729468
14,3.55244,0.721584
14,3.57628,0.721453
14,3.60012,0.72615
14,3.62396,0.731078
14,3.6478,0.721403
14,3.67165,0.72677
14,3.69549,0.746811
14,3.71933,0.747466
14,3.74317,0.727878
14,3.76701,0.711834
14,3.79086,0.72196
14,3.8147,0.718959
14,3.83854,0.704486
14,3.86238,0.696814
14,3.88622,0.718863
14,3.91006,0.716139
14,3.93391,0.706565
14,3.95775,0.698814
14,3.98159,0.693821
14,4.00543,0.696164
14,4.02927,0.697606
14,4.05312,0.698663
14,4.07696,0.696508
14,4.1008,0.692043
14,4.12464,0.697454
14,4.14848,0.693614
14,4.17233,0.697044
14,4.19617,0.697677
14,4.22001,0.70478
14,4.24385,0.683502
14,4.26769,0.697697
14,4.29153,0.698801
14,4.31538,0.692474
14,4.33922,0.684309
14,4.36306,0.685423
14,4.3869,0.686776
14,4.41074,0.689976
14,4.43459,0.684369
14,4.45843,0.688708
14,4.48227,0.685597
14,4.50611,0.688362
14,4.52995,0.679059
14,4.55379,0.682076
14,4.57764,0.677981
14,4.60148,0.676177
14,4.62532,0.678868
14,4.64916,0.68466
14,4.673,0.686113
14,4.69685,0.687272
14,4.72069,0.685671
14,4.74453,0.685147
14,4.76837,0.683164
14,4.79221,0.68027
14,4.81606,0.681955
14,4.8399,0.675531
14,4.86374,0.677384
14,4.88758,0.682498
14,4.91142,0.682941
14,4.93526,0.684587
14,4.95911,0.683563
14,4.98295,0.681567
14,5.00679,0.679693
14,5.03063,0.682844
14,5.05447,0.675191
14,5.07832,0.675331
14,5.10216,0.673064
14,5.126,0.678609
14,5.14984,0.679085
14,5.17368,0.685356
14,5.19753,0.678482
14,5.22137,0.681924
14,5.24521,0.672825
14,5.26905,0.680988
14,5.29289,0.682817
14,5.31673,0.672627
14,5.34058,0.682175
14,5.36442,0.681653
14,5.38826,0.679108
14,5.4121,0.680042
14,5.43594,0.681039
14,5.45979,0.677557
14,5.48363,0.68103
14,5.50747,0.676039
14,5.53131,0.681205
14,5.55515,0.67817
14,5.57899,0.680638
14,5.60284,0.681539
14,5.62668,0.685284
14,5.65052,0.674094
14,5.67436,0.675939
14,5.6982,0.674789
14,5.72205,0.678184
14,5.74589,0.678192
14,5.76973,0.678039
14,5.79357,0.6774
14,5.81741,0.676322
14,5.84126,0.68187
14,5.8651,0.679545
14,5.88894,0.680043
14,5.91278,0.681154
14,5.93662,0.673391
14,5.96046,0.670202
14,5.98431,0.678958
14,6.00815,0.679402
14,6.03199,0.675568
14,6.05583,0.678491
14,6.07967,0.675589
14,6.10352,0.670392
14,6.12736,0.67389
14,6.1512,0.673358
14,6.17504,0.682676
14,6.19888,0.67515
14,6.22272,0.677501
14,6.24657,0.675945
14,6.27041,0.675408
14,6.29425,0.672029
14,6.31809,0.67229
14,6.34193,0.679965
14,6.36578,0.685357
14,6.38962,0.677431
14,6.41346,0.676542
14,6.4373,0.670758
14,6.46114,0.669613
14,6.48499,0.665582
14,6.50883,0.671825
14,6.53267,0.68455
14,6.55651,0.679745
14,6.58035,0.671647
14,6.60419,0.682474
14,6.62804,0.678588
14,6.65188,0.679064
14,6.67572,0.682143
14,6.69956,0.664934
14,6.7234,0.677192
14,6.74725,0.676043
14,6.77109,0.679245
14,6.79493,0.684362
14,6.81877,0.681604
14,6.84261,0.684898
14,6.86646,0.669398
14,6.8903,0.674336
14,6.91414,0.677768
14,6.93798,0.675757
14,6.96182,0.677158
14,6.98566,0.677511
14,7.00951,0.674387
14,7.03335,0.676835
14,7.05719,0.673765
14,7.08103,0.681067
14,7.10487,0.682634
14,7.12872,0.6753
14,7.15256,0.682669
14,7.1764,0.685732
14,7.20024,0.675824
14,7.22408,0.683564
14,7.24792,0.683341
14,7.27177,0.671725
14,7.29561,0.670832
14,7.31945,0.680027
14,7.34329,0.677773
14,7.36713,0.669708
14,7.39098,0.678733
14,7.41482,0.679185
14,7.43866,0.667953
14,7.4625,0.674475
14,7.48634,0.679942
14,7.51019,0.678979
14,7.53403,0.677096
14,7.55787,0.675259
14,7.58171,0.677154
14,7.60555,0.673211
14,7.62939,0.671624
14,7.65324,0.67276
14,7.67708,0.674107
14,7.70092,0.672617
14,7.72476,0.673785
14,7.7486,0.676186
14,7.77245,0.674885
14,7.79629,0.675589
14,7.82013,0.675488
14,7.84397,0.679063
14,7.86781,0.673027
14,7.89165,0.680333
14,7.9155,0.672805
14,7.93934,0.679035
14,7.96318,0.678593
14,7.98702,0.677166
14,8.01086,0.679186
14,8.03471,0.674351
14,8.05855,0.680137
14,8.08239,0.677841
14,8.10623,0.67902
14,8.13007,0.672305
14,8.15392,0.676917
14,8.17776,0.678312
14,8.2016,0.677994
14,8.22544,0.672902
14,8.24928,0.677286
14,8.27312,0.686201
14,8.29697,0.675183
14,8.32081,0.676553
14,8.34465,0.680965
14,8.36849,0.679002
14,8.39233,0.669394
14,8.41618,0.67042
14,8.44002,0.675374
14,8.46386,0.668817
14,8.4877,0.685258
14,8.51154,0.681762
14,8.53539,0.684097
14,8.55923,0.687115
14,8.58307,0.676878
14,8.60691,0.673651
14,8.63075,0.675737
14,8.65459,0.678106
14,8.67844,0.674531
14,8.70228,0.672524
14,8.72612,0.675147
14,8.74996,0.673218
14,8.7738,0.678938
14,8.79765,0.681963
14,8.82149,0.678945
14,8.84533,0.678547
14,8.86917,0.683482
14,8.89301,0.682539
14,8.91685,0.678706
14,8.9407,0.678058
14,8.96454,0.682564
14,8.98838,0.683431
14,9.01222,0.678555
14,9.03606,0.674169
14,9.05991,0.682996
14,9.08375,0.666602
14,9.10759,0.678938
14,9.13143,0.679181
14,9.15527,0.672535
14,9.17912,0.676177
14,9.20296,0.679238
14,9.2268,0.672969
14,9.25064,0.689948
14,9.27448,0.680523
14,9.29832,0.67765
14,9.32217,0.672173
14,9.34601,0.675968
14,9.36985,0.676195
14,9.39369,0.673296
14,9.41753,0.677031
14,9.44138,0.673774
14,9.46522,0.675163
14,9.48906,0.67397
14,9.5129,0.669713
14,9.53674,0.668745
14,9.56059,0.689926
14,9.58443,0.677071
14,9.60827,0.680994
14,9.63211,0.673366
14,9.65595,0.673938
14,9.67979,0.675901
14,9.70364,0.677396
14,9.72748,0.669683
14,9.75132,0.668832
14,9.77516,0.672774
14,9.799,0.672627
14,9.82285,0.677798
14,9.84669,0.680196
14,9.87053,0.681164
14,9.89437,0.677137
14,9.91821,0.674487
14,9.94205,0.691659
14,9.9659,0.674279
14,9.98974,0.680307
14,10.0136,0.680914
14,10.0374,0.668078
14,10.0613,0.673398
14,10.0851,0.677605
14,10.1089,0.674083
14,10.1328,0.680551
14,10.1566,0.673979
14,10.1805,0.675114
14,10.2043,0.676027
14,10.2282,0.674982
14,10.252,0.678167
14,10.2758,0.674061
14,10.2997,0.678562
14,10.3235,0.677112
14,10.3474,0.676065
14,10.3712,0.677602
14,10.3951,0.674186
14,10.4189,0.671172
14,10.4427,0.66929
14,10.4666,0.675928
14,10.4904,0.685092
14,10.5143,0.68287
14,10.5381,0.674841
14,10.5619,0.66856
14,10.5858,0.671234
14,10.6096,0.674181
14,10.6335,0.675572
14,10.6573,0.679514
14,10.6812,0.673489
14,10.705,0.675996
14,10.7288,0.668973
14,10.7527,0.684725
14,10.7765,0.677363
14,10.8004,0.676172
14,10.8242,0.677791
14,10.848,0.674165
14,10.8719,0.67877
14,10.8957,0.667059
14,10.9196,0.670461
14,10.9434,0.673015
14,10.9673,0.678666
14,10.9911,0.674377
14,11.0149,0.671336
14,11.0388,0.673841
14,11.0626,0.669483
14,11.0865,0.671729
14,11.1103,0.681139
14,11.1341,0.676034
14,11.158,0.674662
14,11.1818,0.671848
14,11.2057,0.677658
14,11.2295,0.673121
14,11.2534,0.677858
14,11.2772,0.67461
14,11.301,0.675143
14,11.3249,0.678012
14,11.3487,0.663672
14,11.3726,0.679608
14,11.3964,0.674314
14,11.4202,0.677207
14,11.4441,0.673525
14,11.4679,0.667832
14,11.4918,0.676981
14,11.5156,0.675124
14,11.5395,0.671383
14,11.5633,0.673184
14,11.5871,0.683796
14,11.611,0.682376
14,11.6348,0.683685
14,11.6587,0.674291
14,11.6825,0.675262
14,11.7064,0.674052
14,11.7302,0.673413
14,11.754,0.694887
14,11.7779,0.678266
14,11.8017,0.678257
14,11.8256,0.68419
14,11.8494,0.73097
14,11.8732,0.704812
14,11.8971,0.690237
14,11.9209,0.683927
14,11.9448,0.679759
14,11.9686,0.684972
14,11.9925,0.677251
14,12.0163,0.664125
14,12.0401,0.673138
14,12.064,0.677482
14,12.0878,0.672633
14,12.1117,0.6713
14,12.1355,0.678155
14,12.1593,0.68099
14,12.1832,0.671679
14,12.207,0.673682
14,12.2309,0.675161
14,12.2547,0.676135
14,12.2786,0.671906
14,12.3024,0.668242
14,12.3262,0.670959
14,12.3501,0.672784
14,12.3739,0.687223
14,12.3978,0.67924
14,12.4216,0.675168
14,12.4454,0.731877
14,12.4693,0.668808
14,12.4931,0.673089
14,12.517,0.689146
14,12.5408,0.68055
14,12.5647,0.684399
14,12.5885,0.679122
14,12.6123,0.679139
14,12.6362,0.682356
14,12.66,0.674907
14,12.6839,0.677637
14,12.7077,0.723568
14,12.7316,0.675367
14,12.7554,0.676022
14,12.7792,0.680156
14,12.8031,0.68522
14,12.8269,0.677145
14,12.8508,0.678829
14,12.8746,0.674338
14,12.8984,0.676795
14,12.9223,0.685163
14,12.9461,0.678233
14,12.97,0.676349
14,12.9938,0.676454
14,13.0177,0.674285
14,13.0415,0.672597
14,13.0653,0.670934
14,13.0892,0.674041
14,13.113,0.667991
14,13.1369,0.680342
14,13.1607,0.6757
14,13.1845,0.672637
14,13.2084,0.676564
14,13.2322,0.678569
14,13.2561,0.678839
14,13.2799,0.672448
14,13.3038,0.673656
14,13.3276,0.679147
14,13.3514,0.679763
14,13.3753,0.676008
14,13.3991,0.677828
14,13.423,0.670597
14,13.4468,0.679608
14,13.4706,0.672219
14,13.4945,0.668995
14,13.5183,0.669851
14,13.5422,0.678378
14,13.566,0.672197
14,13.5899,0.675437
14,13.6137,0.673834
14,13.6375,0.666473
14,13.6614,0.672559
14,13.6852,0.670004
14,13.7091,0.667077
14,13.7329,0.66925
14,13.7568,0.677067
14,13.7806,0.674899
14,13.8044,0.675876
14,13.8283,0.670753
14,13.8521,0.676676
14,13.876,0.662939
14,13.8998,0.67821
14,13.9236,0.678157
14,13.9475,0.667084
14,13.9713,0.678655
14,13.9952,0.670955
14,14.019,0.674827
14,14.0429,0.670166
14,14.0667,0.673928
14,14.0905,0.676254
14,14.1144,0.673693
14,14.1382,0.669556
14,14.1621,0.670651
14,14.1859,0.668988
14,14.2097,0.66833
14,14.2336,0.670674
14,14.2574,0.668022
14,14.2813,0.670306
14,14.3051,0.675025
14,14.329,0.667497
14,14.3528,0.676826
14,14.3766,0.671597
14,14.4005,0.671692
14,14.4243,0.66674
14,14.4482,0.670114
14,14.472,0.678165
14,14.4958,0.669201
14,14.5197,0.672149
14,14.5435,0.669268
14,14.5674,0.667925
14,14.5912,0.667627
14,14.6151,0.670337
14,14.6389,0.667201
14,14.6627,0.670624
14,14.6866,0.67015
14,14.7104,0.668223
14,14.7343,0.669449
14,14.7581,0.673222
14,14.782,0.668562
14,14.8058,0.676695
14,14.8296,0.669484
14,14.8535,0.669504
14,14.8773,0.673978
14,14.9012,0.671229
14,14.925,0.66783
14,14.9488,0.68077
14,14.9727,0.678503
14,14.9965,0.670067
